ISO-10303-21;
HEADER;
FILE_DESCRIPTION(('CAx-IF Rec.Pracs.---Model Styling and Organization---1.5---2016-08-15','CAx-IF Rec.Pracs.---Geometric and Assembly Validation Properties---4.4---2016-08-17','CAx-IF Rec.Pracs.---User Defined Attributes---1.5---2016-08-15','CAx-IF Rec.Pracs.---External References---2.1---2005-01-19'),'2;1');
FILE_NAME('13513282.step','2023-04-27T17:35:46',('Unspecified'),('Unspecified'),'CAD Exchanger 3.8.1 (cadexchanger.com)','Unspecified','');
FILE_SCHEMA(('AUTOMOTIVE_DESIGN { 1 0 10303 214 1 1 1 1 }'));
ENDSEC;
DATA;
#1=APPLICATION_CONTEXT('core data for automotive mechanical design processes');
#2=APPLICATION_PROTOCOL_DEFINITION('international standard','automotive_design',2000,#1);
#3=PRODUCT_CONTEXT('',#1,'mechanical');
#4=PRODUCT('1725698','1725698',$,(#3));
#5=PRODUCT_DEFINITION_FORMATION('',$,#4);
#6=PRODUCT_DEFINITION_CONTEXT('part definition',#1,'design');
#7=PRODUCT_DEFINITION('design',$,#5,#6);
#8=PRODUCT_DEFINITION_SHAPE('',$,#7);
#9=MANIFOLD_SOLID_BREP('Cut-Extrude9[1]',#10);
#10=CLOSED_SHELL('NONE',(#11,#53,#91,#129,#167,#287,#329,#367,#405,#443,#481,#523,#561,#599,#637,#675,#717,#755,#793,#831,#869,#911,#949,#987,#1025,#1063,#1105,#1143,#1181,#1219,#1257,#1297,#1337,#1377,#1417,#1457,#1497,#1741,#1823,#1905,#1987,#2201,#2801,#2818,#2968,#2990,#3007,#3019,#3031,#3062,#3086,#3110,#3127,#3158,#3182,#3206,#3223,#3254,#3278,#3302,#3319,#3350,#3374,#3398,#3415,#3446,#3470,#3494,#3511,#3542,#3566,#3590,#3607,#3619,#3631,#3643,#3655,#3673,#3750,#3774,#3798,#3815,#3839,#3909,#3933,#3957,#3974,#3986,#4003,#4080,#4104,#4128,#4145,#4169,#4239,#4263,#4287,#4304,#4316,#4333,#4410,#4434,#4458,#4475,#4499,#4569,#4593,#4617,#4634,#4646,#4663,#4740,#4764,#4788,#4805,#4829,#4899,#4923,#4947,#4964,#4976,#4993,#5070,#5094,#5118,#5135,#5159,#5229,#5253,#5277,#5294,#5306,#5323,#5400,#5424,#5448,#5465,#5489,#5559,#5583,#5607,#5624,#5636,#5653,#5665,#5677,#5689,#5701,#5719,#5731,#5743,#5755,#5767,#5785,#5797,#5809,#5821,#5833,#5851,#5863,#5875,#5887,#5899,#5917,#6011,#6023,#6035,#6047,#6065,#6089,#6113,#6130,#6176,#6200,#6224,#6241,#6287,#6311,#6335,#6352,#6398,#6422,#6446,#6463,#6509,#6533,#6557,#6574,#6620,#6644,#6668,#6685,#6731,#6743,#6755,#6781,#6827,#6873,#6885,#6897,#6923,#6969,#7015,#7027,#7039,#7065,#7111,#7157,#7169,#7181,#7207,#7253,#7299,#7311,#7323,#7349,#7395,#7441,#7453,#7465,#7491,#7537,#7583,#7605,#7622,#7639,#7651,#7673,#7690,#7707,#7719,#7741,#7758,#7775,#7787,#7809,#7826,#7843,#7855,#7877,#7894,#7911,#7923,#7945,#7962,#7979,#7991,#8013,#8030,#8047,#8059,#8081,#8098,#8115,#8127,#8149,#8166,#8183,#8195,#8217,#8234,#8251,#8263,#8285,#8302,#8319,#8331,#8353,#8370,#8387,#8399,#8422,#8445,#8462,#8474,#8497,#8520,#8537,#8549,#8572,#8595,#8612,#8624,#8655,#8677,#8688));
#11=ADVANCED_FACE('NONE',(#12),#48,.F.);
#12=FACE_BOUND('NONE',#13,.T.);
#13=EDGE_LOOP('',(#14,#25,#33,#42));
#14=ORIENTED_EDGE('',*,*,#15,.T.);
#15=EDGE_CURVE('NONE',#16,#18,#20,.T.);
#16=VERTEX_POINT('NONE',#17);
#17=CARTESIAN_POINT('',(-6.35,2.15,3.721357041));
#18=VERTEX_POINT('NONE',#19);
#19=CARTESIAN_POINT('',(-6.35,2.149465042,2.473157321));
#20=CIRCLE('',#21,0.624099918);
#21=AXIS2_PLACEMENT_3D('',#22,#23,#24);
#22=CARTESIAN_POINT('',(-6.35,2.149732521,3.097257181));
#23=DIRECTION('',(0.0,-0.999999908,4.285833644E-04));
#24=DIRECTION('',(0.0,-4.285833644E-04,-0.999999908));
#25=ORIENTED_EDGE('',*,*,#26,.T.);
#26=EDGE_CURVE('NONE',#18,#27,#29,.T.);
#27=VERTEX_POINT('NONE',#28);
#28=CARTESIAN_POINT('',(-6.35,2.39946495,2.472943029));
#29=LINE('',#30,#31);
#30=CARTESIAN_POINT('',(-6.35,2.39946495,2.472943029));
#31=VECTOR('',#32,1.0);
#32=DIRECTION('',(5.248632454E-20,0.999999633,-8.571666501E-04));
#33=ORIENTED_EDGE('',*,*,#34,.T.);
#34=EDGE_CURVE('NONE',#27,#35,#37,.T.);
#35=VERTEX_POINT('NONE',#36);
#36=CARTESIAN_POINT('',(-6.35,2.4,3.721357041));
#37=CIRCLE('',#38,0.624207063);
#38=AXIS2_PLACEMENT_3D('',#39,#40,#41);
#39=CARTESIAN_POINT('',(-6.35,2.399732475,3.097150035));
#40=DIRECTION('',(0.0,0.999999908,-4.285833644E-04));
#41=DIRECTION('',(0.0,4.285833644E-04,0.999999908));
#42=ORIENTED_EDGE('',*,*,#43,.T.);
#43=EDGE_CURVE('NONE',#35,#16,#44,.F.);
#44=LINE('',#45,#46);
#45=CARTESIAN_POINT('',(-6.35,2.4,3.721357041));
#46=VECTOR('',#47,1.0);
#47=DIRECTION('',(0.0,1.0,-1.046526147E-15));
#48=CONICAL_SURFACE('',#49,0.624207063,4.285833775E-04);
#49=AXIS2_PLACEMENT_3D('',#50,#51,#52);
#50=CARTESIAN_POINT('',(-6.35,2.399732475,3.097150035));
#51=DIRECTION('',(0.0,0.999999908,-4.285833644E-04));
#52=DIRECTION('',(0.0,4.285833644E-04,0.999999908));
#53=ADVANCED_FACE('NONE',(#54),#86,.T.);
#54=FACE_BOUND('NONE',#55,.T.);
#55=EDGE_LOOP('',(#56,#63,#71,#80));
#56=ORIENTED_EDGE('',*,*,#57,.T.);
#57=EDGE_CURVE('NONE',#27,#35,#58,.F.);
#58=CIRCLE('',#59,0.624207063);
#59=AXIS2_PLACEMENT_3D('',#60,#61,#62);
#60=CARTESIAN_POINT('',(-6.35,2.399732475,3.097150035));
#61=DIRECTION('',(0.0,0.999999908,-4.285833644E-04));
#62=DIRECTION('',(0.0,4.285833644E-04,0.999999908));
#63=ORIENTED_EDGE('',*,*,#64,.T.);
#64=EDGE_CURVE('NONE',#35,#65,#67,.T.);
#65=VERTEX_POINT('NONE',#66);
#66=CARTESIAN_POINT('',(-6.35,2.4,3.921357041));
#67=LINE('',#68,#69);
#68=CARTESIAN_POINT('',(-6.35,2.4,3.921357041));
#69=VECTOR('',#70,1.0);
#70=DIRECTION('',(1.224646687E-16,6.331740687E-17,1.0));
#71=ORIENTED_EDGE('',*,*,#72,.T.);
#72=EDGE_CURVE('NONE',#65,#73,#75,.T.);
#73=VERTEX_POINT('NONE',#74);
#74=CARTESIAN_POINT('',(-6.35,2.399293517,2.272943102));
#75=CIRCLE('',#76,0.824207045);
#76=AXIS2_PLACEMENT_3D('',#77,#78,#79);
#77=CARTESIAN_POINT('',(-6.35,2.399646759,3.097150072));
#78=DIRECTION('',(0.0,0.999999908,-4.285833644E-04));
#79=DIRECTION('',(0.0,4.285833644E-04,0.999999908));
#80=ORIENTED_EDGE('',*,*,#81,.T.);
#81=EDGE_CURVE('NONE',#73,#27,#82,.F.);
#82=LINE('',#83,#84);
#83=CARTESIAN_POINT('',(-6.35,2.399293517,2.272943102));
#84=VECTOR('',#85,1.0);
#85=DIRECTION('',(0.0,-8.571666501E-04,-0.999999633));
#86=CONICAL_SURFACE('',#87,0.824207045,1.570367743);
#87=AXIS2_PLACEMENT_3D('',#88,#89,#90);
#88=CARTESIAN_POINT('',(-6.35,2.399646759,3.097150072));
#89=DIRECTION('',(0.0,-0.999999908,4.285833644E-04));
#90=DIRECTION('',(0.0,-4.285833644E-04,-0.999999908));
#91=ADVANCED_FACE('NONE',(#92),#124,.F.);
#92=FACE_BOUND('NONE',#93,.T.);
#93=EDGE_LOOP('',(#94,#101,#109,#118));
#94=ORIENTED_EDGE('',*,*,#95,.T.);
#95=EDGE_CURVE('NONE',#65,#73,#96,.F.);
#96=CIRCLE('',#97,0.824207045);
#97=AXIS2_PLACEMENT_3D('',#98,#99,#100);
#98=CARTESIAN_POINT('',(-6.35,2.399646759,3.097150072));
#99=DIRECTION('',(0.0,0.999999908,-4.285833644E-04));
#100=DIRECTION('',(0.0,4.285833644E-04,0.999999908));
#101=ORIENTED_EDGE('',*,*,#102,.T.);
#102=EDGE_CURVE('NONE',#73,#103,#105,.T.);
#103=VERTEX_POINT('NONE',#104);
#104=CARTESIAN_POINT('',(-6.35,2.599293444,2.272771669));
#105=LINE('',#106,#107);
#106=CARTESIAN_POINT('',(-6.35,2.599293444,2.272771669));
#107=VECTOR('',#108,1.0);
#108=DIRECTION('',(5.248632454E-20,0.999999633,-8.571666501E-04));
#109=ORIENTED_EDGE('',*,*,#110,.T.);
#110=EDGE_CURVE('NONE',#103,#111,#113,.T.);
#111=VERTEX_POINT('NONE',#112);
#112=CARTESIAN_POINT('',(-6.35,2.6,3.921357041));
#113=CIRCLE('',#114,0.824292762);
#114=AXIS2_PLACEMENT_3D('',#115,#116,#117);
#115=CARTESIAN_POINT('',(-6.35,2.599646722,3.097064355));
#116=DIRECTION('',(0.0,0.999999908,-4.285833644E-04));
#117=DIRECTION('',(0.0,4.285833644E-04,0.999999908));
#118=ORIENTED_EDGE('',*,*,#119,.T.);
#119=EDGE_CURVE('NONE',#111,#65,#120,.F.);
#120=LINE('',#121,#122);
#121=CARTESIAN_POINT('',(-6.35,2.6,3.921357041));
#122=VECTOR('',#123,1.0);
#123=DIRECTION('',(0.0,1.0,3.767602549E-17));
#124=CONICAL_SURFACE('',#125,0.824292762,4.285833775E-04);
#125=AXIS2_PLACEMENT_3D('',#126,#127,#128);
#126=CARTESIAN_POINT('',(-6.35,2.599646722,3.097064355));
#127=DIRECTION('',(0.0,0.999999908,-4.285833644E-04));
#128=DIRECTION('',(0.0,4.285833644E-04,0.999999908));
#129=ADVANCED_FACE('NONE',(#130),#162,.T.);
#130=FACE_BOUND('NONE',#131,.T.);
#131=EDGE_LOOP('',(#132,#139,#147,#156));
#132=ORIENTED_EDGE('',*,*,#133,.T.);
#133=EDGE_CURVE('NONE',#103,#111,#134,.F.);
#134=CIRCLE('',#135,0.824292762);
#135=AXIS2_PLACEMENT_3D('',#136,#137,#138);
#136=CARTESIAN_POINT('',(-6.35,2.599646722,3.097064355));
#137=DIRECTION('',(0.0,0.999999908,-4.285833644E-04));
#138=DIRECTION('',(0.0,4.285833644E-04,0.999999908));
#139=ORIENTED_EDGE('',*,*,#140,.T.);
#140=EDGE_CURVE('NONE',#111,#141,#143,.T.);
#141=VERTEX_POINT('NONE',#142);
#142=CARTESIAN_POINT('',(-6.35,2.6,4.121357041));
#143=LINE('',#144,#145);
#144=CARTESIAN_POINT('',(-6.35,2.6,4.121357041));
#145=VECTOR('',#146,1.0);
#146=DIRECTION('',(1.224646687E-16,6.331740687E-17,1.0));
#147=ORIENTED_EDGE('',*,*,#148,.T.);
#148=EDGE_CURVE('NONE',#141,#149,#151,.T.);
#149=VERTEX_POINT('NONE',#150);
#150=CARTESIAN_POINT('',(-6.35,2.59912201,2.072771743));
#151=CIRCLE('',#152,1.024292743);
#152=AXIS2_PLACEMENT_3D('',#153,#154,#155);
#153=CARTESIAN_POINT('',(-6.35,2.599561005,3.097064392));
#154=DIRECTION('',(0.0,0.999999908,-4.285833644E-04));
#155=DIRECTION('',(0.0,4.285833644E-04,0.999999908));
#156=ORIENTED_EDGE('',*,*,#157,.T.);
#157=EDGE_CURVE('NONE',#149,#103,#158,.F.);
#158=LINE('',#159,#160);
#159=CARTESIAN_POINT('',(-6.35,2.59912201,2.072771743));
#160=VECTOR('',#161,1.0);
#161=DIRECTION('',(0.0,-8.571666501E-04,-0.999999633));
#162=CONICAL_SURFACE('',#163,1.024292743,1.570367743);
#163=AXIS2_PLACEMENT_3D('',#164,#165,#166);
#164=CARTESIAN_POINT('',(-6.35,2.599561005,3.097064392));
#165=DIRECTION('',(0.0,-0.999999908,4.285833644E-04));
#166=DIRECTION('',(0.0,-4.285833644E-04,-0.999999908));
#167=ADVANCED_FACE('NONE',(#168,#209,#250),#282,.F.);
#168=FACE_BOUND('NONE',#169,.T.);
#169=EDGE_LOOP('',(#170,#184,#193,#202));
#170=ORIENTED_EDGE('',*,*,#171,.T.);
#171=EDGE_CURVE('NONE',#172,#174,#176,.T.);
#172=VERTEX_POINT('NONE',#173);
#173=CARTESIAN_POINT('',(-7.35,3.45,3.320133027));
#174=VERTEX_POINT('NONE',#175);
#175=CARTESIAN_POINT('',(-7.35,3.15,3.319671218));
#176=B_SPLINE_CURVE_WITH_KNOTS('',3,(#177,#178,#179,#180,#181,#182,#183),.UNSPECIFIED.,.F.,.U.,(4,3,4),(8.682726894E-04,0.001097115,0.001168273),.UNSPECIFIED.);
#177=CARTESIAN_POINT('',(-7.35,3.45,3.320133027));
#178=CARTESIAN_POINT('',(-7.35,3.37371937,3.320015792));
#179=CARTESIAN_POINT('',(-7.35,3.297438741,3.319898414));
#180=CARTESIAN_POINT('',(-7.35,3.221158112,3.319780891));
#181=CARTESIAN_POINT('',(-7.35,3.197438741,3.319744347));
#182=CARTESIAN_POINT('',(-7.35,3.173719371,3.31970779));
#183=CARTESIAN_POINT('',(-7.35,3.15,3.319671218));
#184=ORIENTED_EDGE('',*,*,#185,.T.);
#185=EDGE_CURVE('NONE',#174,#186,#188,.T.);
#186=VERTEX_POINT('NONE',#187);
#187=CARTESIAN_POINT('',(-7.349444387,3.15,3.322150035));
#188=(BOUNDED_CURVE()B_SPLINE_CURVE(3,(#189,#190,#191,#192),.UNSPECIFIED.,.F.,.U.)B_SPLINE_CURVE_WITH_KNOTS((4,4),(1.790056667,1.792536171),.PIECEWISE_BEZIER_KNOTS.)CURVE()GEOMETRIC_REPRESENTATION_ITEM()RATIONAL_B_SPLINE_CURVE((1.0,0.999999488,0.999999488,1.0))REPRESENTATION_ITEM(''));
#189=CARTESIAN_POINT('',(-7.35,3.15,3.319671218));
#190=CARTESIAN_POINT('',(-7.34981582,3.15,3.32049772));
#191=CARTESIAN_POINT('',(-7.349630615,3.15,3.321323993));
#192=CARTESIAN_POINT('',(-7.349444387,3.15,3.322150035));
#193=ORIENTED_EDGE('',*,*,#194,.T.);
#194=EDGE_CURVE('NONE',#186,#195,#197,.T.);
#195=VERTEX_POINT('NONE',#196);
#196=CARTESIAN_POINT('',(-7.349547197,3.45,3.322150035));
#197=B_SPLINE_CURVE_WITH_KNOTS('',3,(#198,#199,#200,#201),.UNSPECIFIED.,.F.,.U.,(4,4),(2.024374961E-04,5.024375137E-04),.PIECEWISE_BEZIER_KNOTS.);
#198=CARTESIAN_POINT('',(-7.349444387,3.15,3.322150035));
#199=CARTESIAN_POINT('',(-7.349478658,3.25,3.322150035));
#200=CARTESIAN_POINT('',(-7.349512928,3.35,3.322150035));
#201=CARTESIAN_POINT('',(-7.349547197,3.45,3.322150035));
#202=ORIENTED_EDGE('',*,*,#203,.T.);
#203=EDGE_CURVE('NONE',#195,#172,#204,.F.);
#204=(BOUNDED_CURVE()B_SPLINE_CURVE(3,(#205,#206,#207,#208),.UNSPECIFIED.,.F.,.U.)B_SPLINE_CURVE_WITH_KNOTS((4,4),(1.79061905,1.792636514),.PIECEWISE_BEZIER_KNOTS.)CURVE()GEOMETRIC_REPRESENTATION_ITEM()RATIONAL_B_SPLINE_CURVE((1.0,0.999999661,0.999999661,1.0))REPRESENTATION_ITEM(''));
#205=CARTESIAN_POINT('',(-7.35,3.45,3.320133027));
#206=CARTESIAN_POINT('',(-7.349849744,3.45,3.320805515));
#207=CARTESIAN_POINT('',(-7.349698809,3.45,3.321477851));
#208=CARTESIAN_POINT('',(-7.349547197,3.45,3.322150035));
#209=FACE_BOUND('NONE',#210,.T.);
#210=EDGE_LOOP('',(#211,#222,#231,#243));
#211=ORIENTED_EDGE('',*,*,#212,.T.);
#212=EDGE_CURVE('NONE',#213,#215,#217,.T.);
#213=VERTEX_POINT('NONE',#214);
#214=CARTESIAN_POINT('',(-7.34974991,3.45,2.872150035));
#215=VERTEX_POINT('NONE',#216);
#216=CARTESIAN_POINT('',(-7.34958924,3.15,2.872150035));
#217=B_SPLINE_CURVE_WITH_KNOTS('',3,(#218,#219,#220,#221),.UNSPECIFIED.,.F.,.U.,(4,4),(2.024375132E-04,5.024375562E-04),.PIECEWISE_BEZIER_KNOTS.);
#218=CARTESIAN_POINT('',(-7.34974991,3.45,2.872150035));
#219=CARTESIAN_POINT('',(-7.349696357,3.35,2.872150035));
#220=CARTESIAN_POINT('',(-7.349642801,3.25,2.872150035));
#221=CARTESIAN_POINT('',(-7.34958924,3.15,2.872150035));
#222=ORIENTED_EDGE('',*,*,#223,.T.);
#223=EDGE_CURVE('NONE',#215,#224,#226,.T.);
#224=VERTEX_POINT('NONE',#225);
#225=CARTESIAN_POINT('',(-7.35,3.15,2.873985371));
#226=(BOUNDED_CURVE()B_SPLINE_CURVE(3,(#227,#228,#229,#230),.UNSPECIFIED.,.F.,.U.)B_SPLINE_CURVE_WITH_KNOTS((4,4),(1.349700274,1.351535986),.PIECEWISE_BEZIER_KNOTS.)CURVE()GEOMETRIC_REPRESENTATION_ITEM()RATIONAL_B_SPLINE_CURVE((1.0,0.999999719,0.999999719,1.0))REPRESENTATION_ITEM(''));
#227=CARTESIAN_POINT('',(-7.34958924,3.15,2.872150035));
#228=CARTESIAN_POINT('',(-7.349726721,3.15,2.872761688));
#229=CARTESIAN_POINT('',(-7.349863641,3.15,2.873373467));
#230=CARTESIAN_POINT('',(-7.35,3.15,2.873985371));
#231=ORIENTED_EDGE('',*,*,#232,.T.);
#232=EDGE_CURVE('NONE',#224,#233,#235,.T.);
#233=VERTEX_POINT('NONE',#234);
#234=CARTESIAN_POINT('',(-7.35,3.45,2.873266412));
#235=B_SPLINE_CURVE_WITH_KNOTS('',3,(#236,#237,#238,#239,#240,#241,#242),.UNSPECIFIED.,.F.,.U.,(4,3,4),(0.001025998,0.001097115,0.001325999),.UNSPECIFIED.);
#236=CARTESIAN_POINT('',(-7.35,3.15,2.873985371));
#237=CARTESIAN_POINT('',(-7.35,3.173705565,2.873928501));
#238=CARTESIAN_POINT('',(-7.35,3.197411131,2.873871645));
#239=CARTESIAN_POINT('',(-7.35,3.221116696,2.873814803));
#240=CARTESIAN_POINT('',(-7.35,3.29741113,2.873631862));
#241=CARTESIAN_POINT('',(-7.35,3.373705565,2.873449065));
#242=CARTESIAN_POINT('',(-7.35,3.45,2.873266412));
#243=ORIENTED_EDGE('',*,*,#244,.T.);
#244=EDGE_CURVE('NONE',#233,#213,#245,.F.);
#245=(BOUNDED_CURVE()B_SPLINE_CURVE(3,(#246,#247,#248,#249),.UNSPECIFIED.,.F.,.U.)B_SPLINE_CURVE_WITH_KNOTS((4,4),(1.349857087,1.350973604),.PIECEWISE_BEZIER_KNOTS.)CURVE()GEOMETRIC_REPRESENTATION_ITEM()RATIONAL_B_SPLINE_CURVE((1.0,0.999999896,0.999999896,1.0))REPRESENTATION_ITEM(''));
#246=CARTESIAN_POINT('',(-7.34974991,3.45,2.872150035));
#247=CARTESIAN_POINT('',(-7.349833481,3.45,2.872522114));
#248=CARTESIAN_POINT('',(-7.349916844,3.45,2.87289424));
#249=CARTESIAN_POINT('',(-7.35,3.45,2.873266412));
#250=FACE_BOUND('NONE',#251,.T.);
#251=EDGE_LOOP('',(#252,#259,#267,#276));
#252=ORIENTED_EDGE('',*,*,#253,.T.);
#253=EDGE_CURVE('NONE',#141,#149,#254,.F.);
#254=CIRCLE('',#255,1.024292743);
#255=AXIS2_PLACEMENT_3D('',#256,#257,#258);
#256=CARTESIAN_POINT('',(-6.35,2.599561005,3.097064392));
#257=DIRECTION('',(0.0,0.999999908,-4.285833644E-04));
#258=DIRECTION('',(0.0,4.285833644E-04,0.999999908));
#259=ORIENTED_EDGE('',*,*,#260,.T.);
#260=EDGE_CURVE('NONE',#149,#261,#263,.T.);
#261=VERTEX_POINT('NONE',#262);
#262=CARTESIAN_POINT('',(-6.35,4.25,2.071356665));
#263=LINE('',#264,#265);
#264=CARTESIAN_POINT('',(-6.35,4.249121404,2.071357418));
#265=VECTOR('',#266,1.0);
#266=DIRECTION('',(5.248632454E-20,0.999999633,-8.571666501E-04));
#267=ORIENTED_EDGE('',*,*,#268,.T.);
#268=EDGE_CURVE('NONE',#261,#269,#271,.F.);
#269=VERTEX_POINT('NONE',#270);
#270=CARTESIAN_POINT('',(-6.35,4.25,4.121357041));
#271=(BOUNDED_CURVE()B_SPLINE_CURVE(3,(#272,#273,#274,#275),.UNSPECIFIED.,.F.,.U.)B_SPLINE_CURVE_WITH_KNOTS((4,4),(3.141592654,6.283185307),.PIECEWISE_BEZIER_KNOTS.)CURVE()GEOMETRIC_REPRESENTATION_ITEM()RATIONAL_B_SPLINE_CURVE((1.0,0.333333333,0.333333333,1.0))REPRESENTATION_ITEM(''));
#272=CARTESIAN_POINT('',(-6.35,4.25,4.121357041));
#273=CARTESIAN_POINT('',(-8.400000188,4.25,4.121357041));
#274=CARTESIAN_POINT('',(-8.400000188,4.25,2.071356665));
#275=CARTESIAN_POINT('',(-6.35,4.25,2.071356665));
#276=ORIENTED_EDGE('',*,*,#277,.T.);
#277=EDGE_CURVE('NONE',#269,#141,#278,.F.);
#278=LINE('',#279,#280);
#279=CARTESIAN_POINT('',(-6.35,4.25,4.121357041));
#280=VECTOR('',#281,1.0);
#281=DIRECTION('',(0.0,1.0,5.204170428E-18));
#282=CONICAL_SURFACE('',#283,1.024999906,4.285833775E-04);
#283=AXIS2_PLACEMENT_3D('',#284,#285,#286);
#284=CARTESIAN_POINT('',(-6.35,4.249560702,3.096357229));
#285=DIRECTION('',(0.0,0.999999908,-4.285833644E-04));
#286=DIRECTION('',(0.0,4.285833644E-04,0.999999908));
#287=ADVANCED_FACE('NONE',(#288),#324,.F.);
#288=FACE_BOUND('NONE',#289,.T.);
#289=EDGE_LOOP('',(#290,#301,#309,#318));
#290=ORIENTED_EDGE('',*,*,#291,.T.);
#291=EDGE_CURVE('NONE',#292,#294,#296,.T.);
#292=VERTEX_POINT('NONE',#293);
#293=CARTESIAN_POINT('',(-3.81,2.15,3.721357041));
#294=VERTEX_POINT('NONE',#295);
#295=CARTESIAN_POINT('',(-3.81,2.149465042,2.473157321));
#296=CIRCLE('',#297,0.624099918);
#297=AXIS2_PLACEMENT_3D('',#298,#299,#300);
#298=CARTESIAN_POINT('',(-3.81,2.149732521,3.097257181));
#299=DIRECTION('',(0.0,-0.999999908,4.285833644E-04));
#300=DIRECTION('',(0.0,-4.285833644E-04,-0.999999908));
#301=ORIENTED_EDGE('',*,*,#302,.T.);
#302=EDGE_CURVE('NONE',#294,#303,#305,.T.);
#303=VERTEX_POINT('NONE',#304);
#304=CARTESIAN_POINT('',(-3.81,2.39946495,2.472943029));
#305=LINE('',#306,#307);
#306=CARTESIAN_POINT('',(-3.81,2.39946495,2.472943029));
#307=VECTOR('',#308,1.0);
#308=DIRECTION('',(5.248632454E-20,0.999999633,-8.571666501E-04));
#309=ORIENTED_EDGE('',*,*,#310,.T.);
#310=EDGE_CURVE('NONE',#303,#311,#313,.T.);
#311=VERTEX_POINT('NONE',#312);
#312=CARTESIAN_POINT('',(-3.81,2.4,3.721357041));
#313=CIRCLE('',#314,0.624207063);
#314=AXIS2_PLACEMENT_3D('',#315,#316,#317);
#315=CARTESIAN_POINT('',(-3.81,2.399732475,3.097150035));
#316=DIRECTION('',(0.0,0.999999908,-4.285833644E-04));
#317=DIRECTION('',(0.0,4.285833644E-04,0.999999908));
#318=ORIENTED_EDGE('',*,*,#319,.T.);
#319=EDGE_CURVE('NONE',#311,#292,#320,.F.);
#320=LINE('',#321,#322);
#321=CARTESIAN_POINT('',(-3.81,2.4,3.721357041));
#322=VECTOR('',#323,1.0);
#323=DIRECTION('',(0.0,1.0,-1.046526147E-15));
#324=CONICAL_SURFACE('',#325,0.624207063,4.285833775E-04);
#325=AXIS2_PLACEMENT_3D('',#326,#327,#328);
#326=CARTESIAN_POINT('',(-3.81,2.399732475,3.097150035));
#327=DIRECTION('',(0.0,0.999999908,-4.285833644E-04));
#328=DIRECTION('',(0.0,4.285833644E-04,0.999999908));
#329=ADVANCED_FACE('NONE',(#330),#362,.T.);
#330=FACE_BOUND('NONE',#331,.T.);
#331=EDGE_LOOP('',(#332,#339,#347,#356));
#332=ORIENTED_EDGE('',*,*,#333,.T.);
#333=EDGE_CURVE('NONE',#303,#311,#334,.F.);
#334=CIRCLE('',#335,0.624207063);
#335=AXIS2_PLACEMENT_3D('',#336,#337,#338);
#336=CARTESIAN_POINT('',(-3.81,2.399732475,3.097150035));
#337=DIRECTION('',(0.0,0.999999908,-4.285833644E-04));
#338=DIRECTION('',(0.0,4.285833644E-04,0.999999908));
#339=ORIENTED_EDGE('',*,*,#340,.T.);
#340=EDGE_CURVE('NONE',#311,#341,#343,.T.);
#341=VERTEX_POINT('NONE',#342);
#342=CARTESIAN_POINT('',(-3.81,2.4,3.921357041));
#343=LINE('',#344,#345);
#344=CARTESIAN_POINT('',(-3.81,2.4,3.921357041));
#345=VECTOR('',#346,1.0);
#346=DIRECTION('',(1.224646687E-16,6.331740687E-17,1.0));
#347=ORIENTED_EDGE('',*,*,#348,.T.);
#348=EDGE_CURVE('NONE',#341,#349,#351,.T.);
#349=VERTEX_POINT('NONE',#350);
#350=CARTESIAN_POINT('',(-3.81,2.399293517,2.272943102));
#351=CIRCLE('',#352,0.824207045);
#352=AXIS2_PLACEMENT_3D('',#353,#354,#355);
#353=CARTESIAN_POINT('',(-3.81,2.399646759,3.097150072));
#354=DIRECTION('',(0.0,0.999999908,-4.285833644E-04));
#355=DIRECTION('',(0.0,4.285833644E-04,0.999999908));
#356=ORIENTED_EDGE('',*,*,#357,.T.);
#357=EDGE_CURVE('NONE',#349,#303,#358,.F.);
#358=LINE('',#359,#360);
#359=CARTESIAN_POINT('',(-3.81,2.399293517,2.272943102));
#360=VECTOR('',#361,1.0);
#361=DIRECTION('',(0.0,-8.571666501E-04,-0.999999633));
#362=CONICAL_SURFACE('',#363,0.824207045,1.570367743);
#363=AXIS2_PLACEMENT_3D('',#364,#365,#366);
#364=CARTESIAN_POINT('',(-3.81,2.399646759,3.097150072));
#365=DIRECTION('',(0.0,-0.999999908,4.285833644E-04));
#366=DIRECTION('',(0.0,-4.285833644E-04,-0.999999908));
#367=ADVANCED_FACE('NONE',(#368),#400,.F.);
#368=FACE_BOUND('NONE',#369,.T.);
#369=EDGE_LOOP('',(#370,#377,#385,#394));
#370=ORIENTED_EDGE('',*,*,#371,.T.);
#371=EDGE_CURVE('NONE',#341,#349,#372,.F.);
#372=CIRCLE('',#373,0.824207045);
#373=AXIS2_PLACEMENT_3D('',#374,#375,#376);
#374=CARTESIAN_POINT('',(-3.81,2.399646759,3.097150072));
#375=DIRECTION('',(0.0,0.999999908,-4.285833644E-04));
#376=DIRECTION('',(0.0,4.285833644E-04,0.999999908));
#377=ORIENTED_EDGE('',*,*,#378,.T.);
#378=EDGE_CURVE('NONE',#349,#379,#381,.T.);
#379=VERTEX_POINT('NONE',#380);
#380=CARTESIAN_POINT('',(-3.81,2.599293444,2.272771669));
#381=LINE('',#382,#383);
#382=CARTESIAN_POINT('',(-3.81,2.599293444,2.272771669));
#383=VECTOR('',#384,1.0);
#384=DIRECTION('',(5.248632454E-20,0.999999633,-8.571666501E-04));
#385=ORIENTED_EDGE('',*,*,#386,.T.);
#386=EDGE_CURVE('NONE',#379,#387,#389,.T.);
#387=VERTEX_POINT('NONE',#388);
#388=CARTESIAN_POINT('',(-3.81,2.6,3.921357041));
#389=CIRCLE('',#390,0.824292762);
#390=AXIS2_PLACEMENT_3D('',#391,#392,#393);
#391=CARTESIAN_POINT('',(-3.81,2.599646722,3.097064355));
#392=DIRECTION('',(0.0,0.999999908,-4.285833644E-04));
#393=DIRECTION('',(0.0,4.285833644E-04,0.999999908));
#394=ORIENTED_EDGE('',*,*,#395,.T.);
#395=EDGE_CURVE('NONE',#387,#341,#396,.F.);
#396=LINE('',#397,#398);
#397=CARTESIAN_POINT('',(-3.81,2.6,3.921357041));
#398=VECTOR('',#399,1.0);
#399=DIRECTION('',(0.0,1.0,3.767602549E-17));
#400=CONICAL_SURFACE('',#401,0.824292762,4.285833775E-04);
#401=AXIS2_PLACEMENT_3D('',#402,#403,#404);
#402=CARTESIAN_POINT('',(-3.81,2.599646722,3.097064355));
#403=DIRECTION('',(0.0,0.999999908,-4.285833644E-04));
#404=DIRECTION('',(0.0,4.285833644E-04,0.999999908));
#405=ADVANCED_FACE('NONE',(#406),#438,.T.);
#406=FACE_BOUND('NONE',#407,.T.);
#407=EDGE_LOOP('',(#408,#415,#423,#432));
#408=ORIENTED_EDGE('',*,*,#409,.T.);
#409=EDGE_CURVE('NONE',#379,#387,#410,.F.);
#410=CIRCLE('',#411,0.824292762);
#411=AXIS2_PLACEMENT_3D('',#412,#413,#414);
#412=CARTESIAN_POINT('',(-3.81,2.599646722,3.097064355));
#413=DIRECTION('',(0.0,0.999999908,-4.285833644E-04));
#414=DIRECTION('',(0.0,4.285833644E-04,0.999999908));
#415=ORIENTED_EDGE('',*,*,#416,.T.);
#416=EDGE_CURVE('NONE',#387,#417,#419,.T.);
#417=VERTEX_POINT('NONE',#418);
#418=CARTESIAN_POINT('',(-3.81,2.6,4.121357041));
#419=LINE('',#420,#421);
#420=CARTESIAN_POINT('',(-3.81,2.6,4.121357041));
#421=VECTOR('',#422,1.0);
#422=DIRECTION('',(1.224646687E-16,6.331740687E-17,1.0));
#423=ORIENTED_EDGE('',*,*,#424,.T.);
#424=EDGE_CURVE('NONE',#417,#425,#427,.T.);
#425=VERTEX_POINT('NONE',#426);
#426=CARTESIAN_POINT('',(-3.81,2.59912201,2.072771743));
#427=CIRCLE('',#428,1.024292743);
#428=AXIS2_PLACEMENT_3D('',#429,#430,#431);
#429=CARTESIAN_POINT('',(-3.81,2.599561005,3.097064392));
#430=DIRECTION('',(0.0,0.999999908,-4.285833644E-04));
#431=DIRECTION('',(0.0,4.285833644E-04,0.999999908));
#432=ORIENTED_EDGE('',*,*,#433,.T.);
#433=EDGE_CURVE('NONE',#425,#379,#434,.F.);
#434=LINE('',#435,#436);
#435=CARTESIAN_POINT('',(-3.81,2.59912201,2.072771743));
#436=VECTOR('',#437,1.0);
#437=DIRECTION('',(0.0,-8.571666501E-04,-0.999999633));
#438=CONICAL_SURFACE('',#439,1.024292743,1.570367743);
#439=AXIS2_PLACEMENT_3D('',#440,#441,#442);
#440=CARTESIAN_POINT('',(-3.81,2.599561005,3.097064392));
#441=DIRECTION('',(0.0,-0.999999908,4.285833644E-04));
#442=DIRECTION('',(0.0,-4.285833644E-04,-0.999999908));
#443=ADVANCED_FACE('NONE',(#444),#476,.F.);
#444=FACE_BOUND('NONE',#445,.T.);
#445=EDGE_LOOP('',(#446,#453,#461,#470));
#446=ORIENTED_EDGE('',*,*,#447,.T.);
#447=EDGE_CURVE('NONE',#417,#425,#448,.F.);
#448=CIRCLE('',#449,1.024292743);
#449=AXIS2_PLACEMENT_3D('',#450,#451,#452);
#450=CARTESIAN_POINT('',(-3.81,2.599561005,3.097064392));
#451=DIRECTION('',(0.0,0.999999908,-4.285833644E-04));
#452=DIRECTION('',(0.0,4.285833644E-04,0.999999908));
#453=ORIENTED_EDGE('',*,*,#454,.T.);
#454=EDGE_CURVE('NONE',#425,#455,#457,.T.);
#455=VERTEX_POINT('NONE',#456);
#456=CARTESIAN_POINT('',(-3.81,4.25,2.071356665));
#457=LINE('',#458,#459);
#458=CARTESIAN_POINT('',(-3.81,4.249121404,2.071357418));
#459=VECTOR('',#460,1.0);
#460=DIRECTION('',(5.248632454E-20,0.999999633,-8.571666501E-04));
#461=ORIENTED_EDGE('',*,*,#462,.T.);
#462=EDGE_CURVE('NONE',#455,#463,#465,.F.);
#463=VERTEX_POINT('NONE',#464);
#464=CARTESIAN_POINT('',(-3.81,4.25,4.121357041));
#465=(BOUNDED_CURVE()B_SPLINE_CURVE(3,(#466,#467,#468,#469),.UNSPECIFIED.,.F.,.U.)B_SPLINE_CURVE_WITH_KNOTS((4,4),(3.141592654,6.283185307),.PIECEWISE_BEZIER_KNOTS.)CURVE()GEOMETRIC_REPRESENTATION_ITEM()RATIONAL_B_SPLINE_CURVE((1.0,0.333333333,0.333333333,1.0))REPRESENTATION_ITEM(''));
#466=CARTESIAN_POINT('',(-3.81,4.25,4.121357041));
#467=CARTESIAN_POINT('',(-5.860000188,4.25,4.121357041));
#468=CARTESIAN_POINT('',(-5.860000188,4.25,2.071356665));
#469=CARTESIAN_POINT('',(-3.81,4.25,2.071356665));
#470=ORIENTED_EDGE('',*,*,#471,.T.);
#471=EDGE_CURVE('NONE',#463,#417,#472,.F.);
#472=LINE('',#473,#474);
#473=CARTESIAN_POINT('',(-3.81,4.25,4.121357041));
#474=VECTOR('',#475,1.0);
#475=DIRECTION('',(0.0,1.0,5.204170428E-18));
#476=CONICAL_SURFACE('',#477,1.024999906,4.285833775E-04);
#477=AXIS2_PLACEMENT_3D('',#478,#479,#480);
#478=CARTESIAN_POINT('',(-3.81,4.249560702,3.096357229));
#479=DIRECTION('',(0.0,0.999999908,-4.285833644E-04));
#480=DIRECTION('',(0.0,4.285833644E-04,0.999999908));
#481=ADVANCED_FACE('NONE',(#482),#518,.F.);
#482=FACE_BOUND('NONE',#483,.T.);
#483=EDGE_LOOP('',(#484,#495,#503,#512));
#484=ORIENTED_EDGE('',*,*,#485,.T.);
#485=EDGE_CURVE('NONE',#486,#488,#490,.T.);
#486=VERTEX_POINT('NONE',#487);
#487=CARTESIAN_POINT('',(-1.27,2.15,3.721357041));
#488=VERTEX_POINT('NONE',#489);
#489=CARTESIAN_POINT('',(-1.27,2.149465042,2.473157321));
#490=CIRCLE('',#491,0.624099918);
#491=AXIS2_PLACEMENT_3D('',#492,#493,#494);
#492=CARTESIAN_POINT('',(-1.27,2.149732521,3.097257181));
#493=DIRECTION('',(0.0,-0.999999908,4.285833644E-04));
#494=DIRECTION('',(0.0,-4.285833644E-04,-0.999999908));
#495=ORIENTED_EDGE('',*,*,#496,.T.);
#496=EDGE_CURVE('NONE',#488,#497,#499,.T.);
#497=VERTEX_POINT('NONE',#498);
#498=CARTESIAN_POINT('',(-1.27,2.39946495,2.472943029));
#499=LINE('',#500,#501);
#500=CARTESIAN_POINT('',(-1.27,2.39946495,2.472943029));
#501=VECTOR('',#502,1.0);
#502=DIRECTION('',(5.248632454E-20,0.999999633,-8.571666501E-04));
#503=ORIENTED_EDGE('',*,*,#504,.T.);
#504=EDGE_CURVE('NONE',#497,#505,#507,.T.);
#505=VERTEX_POINT('NONE',#506);
#506=CARTESIAN_POINT('',(-1.27,2.4,3.721357041));
#507=CIRCLE('',#508,0.624207063);
#508=AXIS2_PLACEMENT_3D('',#509,#510,#511);
#509=CARTESIAN_POINT('',(-1.27,2.399732475,3.097150035));
#510=DIRECTION('',(0.0,0.999999908,-4.285833644E-04));
#511=DIRECTION('',(0.0,4.285833644E-04,0.999999908));
#512=ORIENTED_EDGE('',*,*,#513,.T.);
#513=EDGE_CURVE('NONE',#505,#486,#514,.F.);
#514=LINE('',#515,#516);
#515=CARTESIAN_POINT('',(-1.27,2.4,3.721357041));
#516=VECTOR('',#517,1.0);
#517=DIRECTION('',(0.0,1.0,-1.046526147E-15));
#518=CONICAL_SURFACE('',#519,0.624207063,4.285833775E-04);
#519=AXIS2_PLACEMENT_3D('',#520,#521,#522);
#520=CARTESIAN_POINT('',(-1.27,2.399732475,3.097150035));
#521=DIRECTION('',(0.0,0.999999908,-4.285833644E-04));
#522=DIRECTION('',(0.0,4.285833644E-04,0.999999908));
#523=ADVANCED_FACE('NONE',(#524),#556,.T.);
#524=FACE_BOUND('NONE',#525,.T.);
#525=EDGE_LOOP('',(#526,#533,#541,#550));
#526=ORIENTED_EDGE('',*,*,#527,.T.);
#527=EDGE_CURVE('NONE',#497,#505,#528,.F.);
#528=CIRCLE('',#529,0.624207063);
#529=AXIS2_PLACEMENT_3D('',#530,#531,#532);
#530=CARTESIAN_POINT('',(-1.27,2.399732475,3.097150035));
#531=DIRECTION('',(0.0,0.999999908,-4.285833644E-04));
#532=DIRECTION('',(0.0,4.285833644E-04,0.999999908));
#533=ORIENTED_EDGE('',*,*,#534,.T.);
#534=EDGE_CURVE('NONE',#505,#535,#537,.T.);
#535=VERTEX_POINT('NONE',#536);
#536=CARTESIAN_POINT('',(-1.27,2.4,3.921357041));
#537=LINE('',#538,#539);
#538=CARTESIAN_POINT('',(-1.27,2.4,3.921357041));
#539=VECTOR('',#540,1.0);
#540=DIRECTION('',(1.224646687E-16,6.331740687E-17,1.0));
#541=ORIENTED_EDGE('',*,*,#542,.T.);
#542=EDGE_CURVE('NONE',#535,#543,#545,.T.);
#543=VERTEX_POINT('NONE',#544);
#544=CARTESIAN_POINT('',(-1.27,2.399293517,2.272943102));
#545=CIRCLE('',#546,0.824207045);
#546=AXIS2_PLACEMENT_3D('',#547,#548,#549);
#547=CARTESIAN_POINT('',(-1.27,2.399646759,3.097150072));
#548=DIRECTION('',(0.0,0.999999908,-4.285833644E-04));
#549=DIRECTION('',(0.0,4.285833644E-04,0.999999908));
#550=ORIENTED_EDGE('',*,*,#551,.T.);
#551=EDGE_CURVE('NONE',#543,#497,#552,.F.);
#552=LINE('',#553,#554);
#553=CARTESIAN_POINT('',(-1.27,2.399293517,2.272943102));
#554=VECTOR('',#555,1.0);
#555=DIRECTION('',(0.0,-8.571666501E-04,-0.999999633));
#556=CONICAL_SURFACE('',#557,0.824207045,1.570367743);
#557=AXIS2_PLACEMENT_3D('',#558,#559,#560);
#558=CARTESIAN_POINT('',(-1.27,2.399646759,3.097150072));
#559=DIRECTION('',(0.0,-0.999999908,4.285833644E-04));
#560=DIRECTION('',(0.0,-4.285833644E-04,-0.999999908));
#561=ADVANCED_FACE('NONE',(#562),#594,.F.);
#562=FACE_BOUND('NONE',#563,.T.);
#563=EDGE_LOOP('',(#564,#571,#579,#588));
#564=ORIENTED_EDGE('',*,*,#565,.T.);
#565=EDGE_CURVE('NONE',#535,#543,#566,.F.);
#566=CIRCLE('',#567,0.824207045);
#567=AXIS2_PLACEMENT_3D('',#568,#569,#570);
#568=CARTESIAN_POINT('',(-1.27,2.399646759,3.097150072));
#569=DIRECTION('',(0.0,0.999999908,-4.285833644E-04));
#570=DIRECTION('',(0.0,4.285833644E-04,0.999999908));
#571=ORIENTED_EDGE('',*,*,#572,.T.);
#572=EDGE_CURVE('NONE',#543,#573,#575,.T.);
#573=VERTEX_POINT('NONE',#574);
#574=CARTESIAN_POINT('',(-1.27,2.599293444,2.272771669));
#575=LINE('',#576,#577);
#576=CARTESIAN_POINT('',(-1.27,2.599293444,2.272771669));
#577=VECTOR('',#578,1.0);
#578=DIRECTION('',(5.248632454E-20,0.999999633,-8.571666501E-04));
#579=ORIENTED_EDGE('',*,*,#580,.T.);
#580=EDGE_CURVE('NONE',#573,#581,#583,.T.);
#581=VERTEX_POINT('NONE',#582);
#582=CARTESIAN_POINT('',(-1.27,2.6,3.921357041));
#583=CIRCLE('',#584,0.824292762);
#584=AXIS2_PLACEMENT_3D('',#585,#586,#587);
#585=CARTESIAN_POINT('',(-1.27,2.599646722,3.097064355));
#586=DIRECTION('',(0.0,0.999999908,-4.285833644E-04));
#587=DIRECTION('',(0.0,4.285833644E-04,0.999999908));
#588=ORIENTED_EDGE('',*,*,#589,.T.);
#589=EDGE_CURVE('NONE',#581,#535,#590,.F.);
#590=LINE('',#591,#592);
#591=CARTESIAN_POINT('',(-1.27,2.6,3.921357041));
#592=VECTOR('',#593,1.0);
#593=DIRECTION('',(0.0,1.0,3.767602549E-17));
#594=CONICAL_SURFACE('',#595,0.824292762,4.285833775E-04);
#595=AXIS2_PLACEMENT_3D('',#596,#597,#598);
#596=CARTESIAN_POINT('',(-1.27,2.599646722,3.097064355));
#597=DIRECTION('',(0.0,0.999999908,-4.285833644E-04));
#598=DIRECTION('',(0.0,4.285833644E-04,0.999999908));
#599=ADVANCED_FACE('NONE',(#600),#632,.T.);
#600=FACE_BOUND('NONE',#601,.T.);
#601=EDGE_LOOP('',(#602,#609,#617,#626));
#602=ORIENTED_EDGE('',*,*,#603,.T.);
#603=EDGE_CURVE('NONE',#573,#581,#604,.F.);
#604=CIRCLE('',#605,0.824292762);
#605=AXIS2_PLACEMENT_3D('',#606,#607,#608);
#606=CARTESIAN_POINT('',(-1.27,2.599646722,3.097064355));
#607=DIRECTION('',(0.0,0.999999908,-4.285833644E-04));
#608=DIRECTION('',(0.0,4.285833644E-04,0.999999908));
#609=ORIENTED_EDGE('',*,*,#610,.T.);
#610=EDGE_CURVE('NONE',#581,#611,#613,.T.);
#611=VERTEX_POINT('NONE',#612);
#612=CARTESIAN_POINT('',(-1.27,2.6,4.121357041));
#613=LINE('',#614,#615);
#614=CARTESIAN_POINT('',(-1.27,2.6,4.121357041));
#615=VECTOR('',#616,1.0);
#616=DIRECTION('',(1.224646687E-16,6.331740687E-17,1.0));
#617=ORIENTED_EDGE('',*,*,#618,.T.);
#618=EDGE_CURVE('NONE',#611,#619,#621,.T.);
#619=VERTEX_POINT('NONE',#620);
#620=CARTESIAN_POINT('',(-1.27,2.59912201,2.072771743));
#621=CIRCLE('',#622,1.024292743);
#622=AXIS2_PLACEMENT_3D('',#623,#624,#625);
#623=CARTESIAN_POINT('',(-1.27,2.599561005,3.097064392));
#624=DIRECTION('',(0.0,0.999999908,-4.285833644E-04));
#625=DIRECTION('',(0.0,4.285833644E-04,0.999999908));
#626=ORIENTED_EDGE('',*,*,#627,.T.);
#627=EDGE_CURVE('NONE',#619,#573,#628,.F.);
#628=LINE('',#629,#630);
#629=CARTESIAN_POINT('',(-1.27,2.59912201,2.072771743));
#630=VECTOR('',#631,1.0);
#631=DIRECTION('',(0.0,-8.571666501E-04,-0.999999633));
#632=CONICAL_SURFACE('',#633,1.024292743,1.570367743);
#633=AXIS2_PLACEMENT_3D('',#634,#635,#636);
#634=CARTESIAN_POINT('',(-1.27,2.599561005,3.097064392));
#635=DIRECTION('',(0.0,-0.999999908,4.285833644E-04));
#636=DIRECTION('',(0.0,-4.285833644E-04,-0.999999908));
#637=ADVANCED_FACE('NONE',(#638),#670,.F.);
#638=FACE_BOUND('NONE',#639,.T.);
#639=EDGE_LOOP('',(#640,#647,#655,#664));
#640=ORIENTED_EDGE('',*,*,#641,.T.);
#641=EDGE_CURVE('NONE',#611,#619,#642,.F.);
#642=CIRCLE('',#643,1.024292743);
#643=AXIS2_PLACEMENT_3D('',#644,#645,#646);
#644=CARTESIAN_POINT('',(-1.27,2.599561005,3.097064392));
#645=DIRECTION('',(0.0,0.999999908,-4.285833644E-04));
#646=DIRECTION('',(0.0,4.285833644E-04,0.999999908));
#647=ORIENTED_EDGE('',*,*,#648,.T.);
#648=EDGE_CURVE('NONE',#619,#649,#651,.T.);
#649=VERTEX_POINT('NONE',#650);
#650=CARTESIAN_POINT('',(-1.27,4.25,2.071356665));
#651=LINE('',#652,#653);
#652=CARTESIAN_POINT('',(-1.27,4.249121404,2.071357418));
#653=VECTOR('',#654,1.0);
#654=DIRECTION('',(5.248632454E-20,0.999999633,-8.571666501E-04));
#655=ORIENTED_EDGE('',*,*,#656,.T.);
#656=EDGE_CURVE('NONE',#649,#657,#659,.F.);
#657=VERTEX_POINT('NONE',#658);
#658=CARTESIAN_POINT('',(-1.27,4.25,4.121357041));
#659=(BOUNDED_CURVE()B_SPLINE_CURVE(3,(#660,#661,#662,#663),.UNSPECIFIED.,.F.,.U.)B_SPLINE_CURVE_WITH_KNOTS((4,4),(3.141592654,6.283185307),.PIECEWISE_BEZIER_KNOTS.)CURVE()GEOMETRIC_REPRESENTATION_ITEM()RATIONAL_B_SPLINE_CURVE((1.0,0.333333333,0.333333333,1.0))REPRESENTATION_ITEM(''));
#660=CARTESIAN_POINT('',(-1.27,4.25,4.121357041));
#661=CARTESIAN_POINT('',(-3.320000188,4.25,4.121357041));
#662=CARTESIAN_POINT('',(-3.320000188,4.25,2.071356665));
#663=CARTESIAN_POINT('',(-1.27,4.25,2.071356665));
#664=ORIENTED_EDGE('',*,*,#665,.T.);
#665=EDGE_CURVE('NONE',#657,#611,#666,.F.);
#666=LINE('',#667,#668);
#667=CARTESIAN_POINT('',(-1.27,4.25,4.121357041));
#668=VECTOR('',#669,1.0);
#669=DIRECTION('',(0.0,1.0,5.204170428E-18));
#670=CONICAL_SURFACE('',#671,1.024999906,4.285833775E-04);
#671=AXIS2_PLACEMENT_3D('',#672,#673,#674);
#672=CARTESIAN_POINT('',(-1.27,4.249560702,3.096357229));
#673=DIRECTION('',(0.0,0.999999908,-4.285833644E-04));
#674=DIRECTION('',(0.0,4.285833644E-04,0.999999908));
#675=ADVANCED_FACE('NONE',(#676),#712,.F.);
#676=FACE_BOUND('NONE',#677,.T.);
#677=EDGE_LOOP('',(#678,#689,#697,#706));
#678=ORIENTED_EDGE('',*,*,#679,.T.);
#679=EDGE_CURVE('NONE',#680,#682,#684,.T.);
#680=VERTEX_POINT('NONE',#681);
#681=CARTESIAN_POINT('',(1.27,2.15,3.721357041));
#682=VERTEX_POINT('NONE',#683);
#683=CARTESIAN_POINT('',(1.27,2.149465042,2.473157321));
#684=CIRCLE('',#685,0.624099918);
#685=AXIS2_PLACEMENT_3D('',#686,#687,#688);
#686=CARTESIAN_POINT('',(1.27,2.149732521,3.097257181));
#687=DIRECTION('',(0.0,-0.999999908,4.285833644E-04));
#688=DIRECTION('',(0.0,-4.285833644E-04,-0.999999908));
#689=ORIENTED_EDGE('',*,*,#690,.T.);
#690=EDGE_CURVE('NONE',#682,#691,#693,.T.);
#691=VERTEX_POINT('NONE',#692);
#692=CARTESIAN_POINT('',(1.27,2.39946495,2.472943029));
#693=LINE('',#694,#695);
#694=CARTESIAN_POINT('',(1.27,2.39946495,2.472943029));
#695=VECTOR('',#696,1.0);
#696=DIRECTION('',(5.248632454E-20,0.999999633,-8.571666501E-04));
#697=ORIENTED_EDGE('',*,*,#698,.T.);
#698=EDGE_CURVE('NONE',#691,#699,#701,.T.);
#699=VERTEX_POINT('NONE',#700);
#700=CARTESIAN_POINT('',(1.27,2.4,3.721357041));
#701=CIRCLE('',#702,0.624207063);
#702=AXIS2_PLACEMENT_3D('',#703,#704,#705);
#703=CARTESIAN_POINT('',(1.27,2.399732475,3.097150035));
#704=DIRECTION('',(0.0,0.999999908,-4.285833644E-04));
#705=DIRECTION('',(0.0,4.285833644E-04,0.999999908));
#706=ORIENTED_EDGE('',*,*,#707,.T.);
#707=EDGE_CURVE('NONE',#699,#680,#708,.F.);
#708=LINE('',#709,#710);
#709=CARTESIAN_POINT('',(1.27,2.4,3.721357041));
#710=VECTOR('',#711,1.0);
#711=DIRECTION('',(0.0,1.0,-1.046526147E-15));
#712=CONICAL_SURFACE('',#713,0.624207063,4.285833775E-04);
#713=AXIS2_PLACEMENT_3D('',#714,#715,#716);
#714=CARTESIAN_POINT('',(1.27,2.399732475,3.097150035));
#715=DIRECTION('',(0.0,0.999999908,-4.285833644E-04));
#716=DIRECTION('',(0.0,4.285833644E-04,0.999999908));
#717=ADVANCED_FACE('NONE',(#718),#750,.T.);
#718=FACE_BOUND('NONE',#719,.T.);
#719=EDGE_LOOP('',(#720,#727,#735,#744));
#720=ORIENTED_EDGE('',*,*,#721,.T.);
#721=EDGE_CURVE('NONE',#691,#699,#722,.F.);
#722=CIRCLE('',#723,0.624207063);
#723=AXIS2_PLACEMENT_3D('',#724,#725,#726);
#724=CARTESIAN_POINT('',(1.27,2.399732475,3.097150035));
#725=DIRECTION('',(0.0,0.999999908,-4.285833644E-04));
#726=DIRECTION('',(0.0,4.285833644E-04,0.999999908));
#727=ORIENTED_EDGE('',*,*,#728,.T.);
#728=EDGE_CURVE('NONE',#699,#729,#731,.T.);
#729=VERTEX_POINT('NONE',#730);
#730=CARTESIAN_POINT('',(1.27,2.4,3.921357041));
#731=LINE('',#732,#733);
#732=CARTESIAN_POINT('',(1.27,2.4,3.921357041));
#733=VECTOR('',#734,1.0);
#734=DIRECTION('',(1.224646687E-16,6.331740687E-17,1.0));
#735=ORIENTED_EDGE('',*,*,#736,.T.);
#736=EDGE_CURVE('NONE',#729,#737,#739,.T.);
#737=VERTEX_POINT('NONE',#738);
#738=CARTESIAN_POINT('',(1.27,2.399293517,2.272943102));
#739=CIRCLE('',#740,0.824207045);
#740=AXIS2_PLACEMENT_3D('',#741,#742,#743);
#741=CARTESIAN_POINT('',(1.27,2.399646759,3.097150072));
#742=DIRECTION('',(0.0,0.999999908,-4.285833644E-04));
#743=DIRECTION('',(0.0,4.285833644E-04,0.999999908));
#744=ORIENTED_EDGE('',*,*,#745,.T.);
#745=EDGE_CURVE('NONE',#737,#691,#746,.F.);
#746=LINE('',#747,#748);
#747=CARTESIAN_POINT('',(1.27,2.399293517,2.272943102));
#748=VECTOR('',#749,1.0);
#749=DIRECTION('',(0.0,-8.571666501E-04,-0.999999633));
#750=CONICAL_SURFACE('',#751,0.824207045,1.570367743);
#751=AXIS2_PLACEMENT_3D('',#752,#753,#754);
#752=CARTESIAN_POINT('',(1.27,2.399646759,3.097150072));
#753=DIRECTION('',(0.0,-0.999999908,4.285833644E-04));
#754=DIRECTION('',(0.0,-4.285833644E-04,-0.999999908));
#755=ADVANCED_FACE('NONE',(#756),#788,.F.);
#756=FACE_BOUND('NONE',#757,.T.);
#757=EDGE_LOOP('',(#758,#765,#773,#782));
#758=ORIENTED_EDGE('',*,*,#759,.T.);
#759=EDGE_CURVE('NONE',#729,#737,#760,.F.);
#760=CIRCLE('',#761,0.824207045);
#761=AXIS2_PLACEMENT_3D('',#762,#763,#764);
#762=CARTESIAN_POINT('',(1.27,2.399646759,3.097150072));
#763=DIRECTION('',(0.0,0.999999908,-4.285833644E-04));
#764=DIRECTION('',(0.0,4.285833644E-04,0.999999908));
#765=ORIENTED_EDGE('',*,*,#766,.T.);
#766=EDGE_CURVE('NONE',#737,#767,#769,.T.);
#767=VERTEX_POINT('NONE',#768);
#768=CARTESIAN_POINT('',(1.27,2.599293444,2.272771669));
#769=LINE('',#770,#771);
#770=CARTESIAN_POINT('',(1.27,2.599293444,2.272771669));
#771=VECTOR('',#772,1.0);
#772=DIRECTION('',(5.248632454E-20,0.999999633,-8.571666501E-04));
#773=ORIENTED_EDGE('',*,*,#774,.T.);
#774=EDGE_CURVE('NONE',#767,#775,#777,.T.);
#775=VERTEX_POINT('NONE',#776);
#776=CARTESIAN_POINT('',(1.27,2.6,3.921357041));
#777=CIRCLE('',#778,0.824292762);
#778=AXIS2_PLACEMENT_3D('',#779,#780,#781);
#779=CARTESIAN_POINT('',(1.27,2.599646722,3.097064355));
#780=DIRECTION('',(0.0,0.999999908,-4.285833644E-04));
#781=DIRECTION('',(0.0,4.285833644E-04,0.999999908));
#782=ORIENTED_EDGE('',*,*,#783,.T.);
#783=EDGE_CURVE('NONE',#775,#729,#784,.F.);
#784=LINE('',#785,#786);
#785=CARTESIAN_POINT('',(1.27,2.6,3.921357041));
#786=VECTOR('',#787,1.0);
#787=DIRECTION('',(0.0,1.0,3.767602549E-17));
#788=CONICAL_SURFACE('',#789,0.824292762,4.285833775E-04);
#789=AXIS2_PLACEMENT_3D('',#790,#791,#792);
#790=CARTESIAN_POINT('',(1.27,2.599646722,3.097064355));
#791=DIRECTION('',(0.0,0.999999908,-4.285833644E-04));
#792=DIRECTION('',(0.0,4.285833644E-04,0.999999908));
#793=ADVANCED_FACE('NONE',(#794),#826,.T.);
#794=FACE_BOUND('NONE',#795,.T.);
#795=EDGE_LOOP('',(#796,#803,#811,#820));
#796=ORIENTED_EDGE('',*,*,#797,.T.);
#797=EDGE_CURVE('NONE',#767,#775,#798,.F.);
#798=CIRCLE('',#799,0.824292762);
#799=AXIS2_PLACEMENT_3D('',#800,#801,#802);
#800=CARTESIAN_POINT('',(1.27,2.599646722,3.097064355));
#801=DIRECTION('',(0.0,0.999999908,-4.285833644E-04));
#802=DIRECTION('',(0.0,4.285833644E-04,0.999999908));
#803=ORIENTED_EDGE('',*,*,#804,.T.);
#804=EDGE_CURVE('NONE',#775,#805,#807,.T.);
#805=VERTEX_POINT('NONE',#806);
#806=CARTESIAN_POINT('',(1.27,2.6,4.121357041));
#807=LINE('',#808,#809);
#808=CARTESIAN_POINT('',(1.27,2.6,4.121357041));
#809=VECTOR('',#810,1.0);
#810=DIRECTION('',(1.224646687E-16,6.331740687E-17,1.0));
#811=ORIENTED_EDGE('',*,*,#812,.T.);
#812=EDGE_CURVE('NONE',#805,#813,#815,.T.);
#813=VERTEX_POINT('NONE',#814);
#814=CARTESIAN_POINT('',(1.27,2.59912201,2.072771743));
#815=CIRCLE('',#816,1.024292743);
#816=AXIS2_PLACEMENT_3D('',#817,#818,#819);
#817=CARTESIAN_POINT('',(1.27,2.599561005,3.097064392));
#818=DIRECTION('',(0.0,0.999999908,-4.285833644E-04));
#819=DIRECTION('',(0.0,4.285833644E-04,0.999999908));
#820=ORIENTED_EDGE('',*,*,#821,.T.);
#821=EDGE_CURVE('NONE',#813,#767,#822,.F.);
#822=LINE('',#823,#824);
#823=CARTESIAN_POINT('',(1.27,2.59912201,2.072771743));
#824=VECTOR('',#825,1.0);
#825=DIRECTION('',(0.0,-8.571666501E-04,-0.999999633));
#826=CONICAL_SURFACE('',#827,1.024292743,1.570367743);
#827=AXIS2_PLACEMENT_3D('',#828,#829,#830);
#828=CARTESIAN_POINT('',(1.27,2.599561005,3.097064392));
#829=DIRECTION('',(0.0,-0.999999908,4.285833644E-04));
#830=DIRECTION('',(0.0,-4.285833644E-04,-0.999999908));
#831=ADVANCED_FACE('NONE',(#832),#864,.F.);
#832=FACE_BOUND('NONE',#833,.T.);
#833=EDGE_LOOP('',(#834,#841,#849,#858));
#834=ORIENTED_EDGE('',*,*,#835,.T.);
#835=EDGE_CURVE('NONE',#805,#813,#836,.F.);
#836=CIRCLE('',#837,1.024292743);
#837=AXIS2_PLACEMENT_3D('',#838,#839,#840);
#838=CARTESIAN_POINT('',(1.27,2.599561005,3.097064392));
#839=DIRECTION('',(0.0,0.999999908,-4.285833644E-04));
#840=DIRECTION('',(0.0,4.285833644E-04,0.999999908));
#841=ORIENTED_EDGE('',*,*,#842,.T.);
#842=EDGE_CURVE('NONE',#813,#843,#845,.T.);
#843=VERTEX_POINT('NONE',#844);
#844=CARTESIAN_POINT('',(1.27,4.25,2.071356665));
#845=LINE('',#846,#847);
#846=CARTESIAN_POINT('',(1.27,4.249121404,2.071357418));
#847=VECTOR('',#848,1.0);
#848=DIRECTION('',(5.248632454E-20,0.999999633,-8.571666501E-04));
#849=ORIENTED_EDGE('',*,*,#850,.T.);
#850=EDGE_CURVE('NONE',#843,#851,#853,.F.);
#851=VERTEX_POINT('NONE',#852);
#852=CARTESIAN_POINT('',(1.27,4.25,4.121357041));
#853=(BOUNDED_CURVE()B_SPLINE_CURVE(3,(#854,#855,#856,#857),.UNSPECIFIED.,.F.,.U.)B_SPLINE_CURVE_WITH_KNOTS((4,4),(3.141592654,6.283185307),.PIECEWISE_BEZIER_KNOTS.)CURVE()GEOMETRIC_REPRESENTATION_ITEM()RATIONAL_B_SPLINE_CURVE((1.0,0.333333333,0.333333333,1.0))REPRESENTATION_ITEM(''));
#854=CARTESIAN_POINT('',(1.27,4.25,4.121357041));
#855=CARTESIAN_POINT('',(-0.780000188,4.25,4.121357041));
#856=CARTESIAN_POINT('',(-0.780000188,4.25,2.071356665));
#857=CARTESIAN_POINT('',(1.27,4.25,2.071356665));
#858=ORIENTED_EDGE('',*,*,#859,.T.);
#859=EDGE_CURVE('NONE',#851,#805,#860,.F.);
#860=LINE('',#861,#862);
#861=CARTESIAN_POINT('',(1.27,4.25,4.121357041));
#862=VECTOR('',#863,1.0);
#863=DIRECTION('',(0.0,1.0,5.204170428E-18));
#864=CONICAL_SURFACE('',#865,1.024999906,4.285833775E-04);
#865=AXIS2_PLACEMENT_3D('',#866,#867,#868);
#866=CARTESIAN_POINT('',(1.27,4.249560702,3.096357229));
#867=DIRECTION('',(0.0,0.999999908,-4.285833644E-04));
#868=DIRECTION('',(0.0,4.285833644E-04,0.999999908));
#869=ADVANCED_FACE('NONE',(#870),#906,.F.);
#870=FACE_BOUND('NONE',#871,.T.);
#871=EDGE_LOOP('',(#872,#883,#891,#900));
#872=ORIENTED_EDGE('',*,*,#873,.T.);
#873=EDGE_CURVE('NONE',#874,#876,#878,.T.);
#874=VERTEX_POINT('NONE',#875);
#875=CARTESIAN_POINT('',(3.81,2.15,3.721357041));
#876=VERTEX_POINT('NONE',#877);
#877=CARTESIAN_POINT('',(3.81,2.149465042,2.473157321));
#878=CIRCLE('',#879,0.624099918);
#879=AXIS2_PLACEMENT_3D('',#880,#881,#882);
#880=CARTESIAN_POINT('',(3.81,2.149732521,3.097257181));
#881=DIRECTION('',(0.0,-0.999999908,4.285833644E-04));
#882=DIRECTION('',(0.0,-4.285833644E-04,-0.999999908));
#883=ORIENTED_EDGE('',*,*,#884,.T.);
#884=EDGE_CURVE('NONE',#876,#885,#887,.T.);
#885=VERTEX_POINT('NONE',#886);
#886=CARTESIAN_POINT('',(3.81,2.39946495,2.472943029));
#887=LINE('',#888,#889);
#888=CARTESIAN_POINT('',(3.81,2.39946495,2.472943029));
#889=VECTOR('',#890,1.0);
#890=DIRECTION('',(5.248632454E-20,0.999999633,-8.571666501E-04));
#891=ORIENTED_EDGE('',*,*,#892,.T.);
#892=EDGE_CURVE('NONE',#885,#893,#895,.T.);
#893=VERTEX_POINT('NONE',#894);
#894=CARTESIAN_POINT('',(3.81,2.4,3.721357041));
#895=CIRCLE('',#896,0.624207063);
#896=AXIS2_PLACEMENT_3D('',#897,#898,#899);
#897=CARTESIAN_POINT('',(3.81,2.399732475,3.097150035));
#898=DIRECTION('',(0.0,0.999999908,-4.285833644E-04));
#899=DIRECTION('',(0.0,4.285833644E-04,0.999999908));
#900=ORIENTED_EDGE('',*,*,#901,.T.);
#901=EDGE_CURVE('NONE',#893,#874,#902,.F.);
#902=LINE('',#903,#904);
#903=CARTESIAN_POINT('',(3.81,2.4,3.721357041));
#904=VECTOR('',#905,1.0);
#905=DIRECTION('',(0.0,1.0,-1.046526147E-15));
#906=CONICAL_SURFACE('',#907,0.624207063,4.285833775E-04);
#907=AXIS2_PLACEMENT_3D('',#908,#909,#910);
#908=CARTESIAN_POINT('',(3.81,2.399732475,3.097150035));
#909=DIRECTION('',(0.0,0.999999908,-4.285833644E-04));
#910=DIRECTION('',(0.0,4.285833644E-04,0.999999908));
#911=ADVANCED_FACE('NONE',(#912),#944,.T.);
#912=FACE_BOUND('NONE',#913,.T.);
#913=EDGE_LOOP('',(#914,#921,#929,#938));
#914=ORIENTED_EDGE('',*,*,#915,.T.);
#915=EDGE_CURVE('NONE',#885,#893,#916,.F.);
#916=CIRCLE('',#917,0.624207063);
#917=AXIS2_PLACEMENT_3D('',#918,#919,#920);
#918=CARTESIAN_POINT('',(3.81,2.399732475,3.097150035));
#919=DIRECTION('',(0.0,0.999999908,-4.285833644E-04));
#920=DIRECTION('',(0.0,4.285833644E-04,0.999999908));
#921=ORIENTED_EDGE('',*,*,#922,.T.);
#922=EDGE_CURVE('NONE',#893,#923,#925,.T.);
#923=VERTEX_POINT('NONE',#924);
#924=CARTESIAN_POINT('',(3.81,2.4,3.921357041));
#925=LINE('',#926,#927);
#926=CARTESIAN_POINT('',(3.81,2.4,3.921357041));
#927=VECTOR('',#928,1.0);
#928=DIRECTION('',(1.224646687E-16,6.331740687E-17,1.0));
#929=ORIENTED_EDGE('',*,*,#930,.T.);
#930=EDGE_CURVE('NONE',#923,#931,#933,.T.);
#931=VERTEX_POINT('NONE',#932);
#932=CARTESIAN_POINT('',(3.81,2.399293517,2.272943102));
#933=CIRCLE('',#934,0.824207045);
#934=AXIS2_PLACEMENT_3D('',#935,#936,#937);
#935=CARTESIAN_POINT('',(3.81,2.399646759,3.097150072));
#936=DIRECTION('',(0.0,0.999999908,-4.285833644E-04));
#937=DIRECTION('',(0.0,4.285833644E-04,0.999999908));
#938=ORIENTED_EDGE('',*,*,#939,.T.);
#939=EDGE_CURVE('NONE',#931,#885,#940,.F.);
#940=LINE('',#941,#942);
#941=CARTESIAN_POINT('',(3.81,2.399293517,2.272943102));
#942=VECTOR('',#943,1.0);
#943=DIRECTION('',(0.0,-8.571666501E-04,-0.999999633));
#944=CONICAL_SURFACE('',#945,0.824207045,1.570367743);
#945=AXIS2_PLACEMENT_3D('',#946,#947,#948);
#946=CARTESIAN_POINT('',(3.81,2.399646759,3.097150072));
#947=DIRECTION('',(0.0,-0.999999908,4.285833644E-04));
#948=DIRECTION('',(0.0,-4.285833644E-04,-0.999999908));
#949=ADVANCED_FACE('NONE',(#950),#982,.F.);
#950=FACE_BOUND('NONE',#951,.T.);
#951=EDGE_LOOP('',(#952,#959,#967,#976));
#952=ORIENTED_EDGE('',*,*,#953,.T.);
#953=EDGE_CURVE('NONE',#923,#931,#954,.F.);
#954=CIRCLE('',#955,0.824207045);
#955=AXIS2_PLACEMENT_3D('',#956,#957,#958);
#956=CARTESIAN_POINT('',(3.81,2.399646759,3.097150072));
#957=DIRECTION('',(0.0,0.999999908,-4.285833644E-04));
#958=DIRECTION('',(0.0,4.285833644E-04,0.999999908));
#959=ORIENTED_EDGE('',*,*,#960,.T.);
#960=EDGE_CURVE('NONE',#931,#961,#963,.T.);
#961=VERTEX_POINT('NONE',#962);
#962=CARTESIAN_POINT('',(3.81,2.599293444,2.272771669));
#963=LINE('',#964,#965);
#964=CARTESIAN_POINT('',(3.81,2.599293444,2.272771669));
#965=VECTOR('',#966,1.0);
#966=DIRECTION('',(5.248632454E-20,0.999999633,-8.571666501E-04));
#967=ORIENTED_EDGE('',*,*,#968,.T.);
#968=EDGE_CURVE('NONE',#961,#969,#971,.T.);
#969=VERTEX_POINT('NONE',#970);
#970=CARTESIAN_POINT('',(3.81,2.6,3.921357041));
#971=CIRCLE('',#972,0.824292762);
#972=AXIS2_PLACEMENT_3D('',#973,#974,#975);
#973=CARTESIAN_POINT('',(3.81,2.599646722,3.097064355));
#974=DIRECTION('',(0.0,0.999999908,-4.285833644E-04));
#975=DIRECTION('',(0.0,4.285833644E-04,0.999999908));
#976=ORIENTED_EDGE('',*,*,#977,.T.);
#977=EDGE_CURVE('NONE',#969,#923,#978,.F.);
#978=LINE('',#979,#980);
#979=CARTESIAN_POINT('',(3.81,2.6,3.921357041));
#980=VECTOR('',#981,1.0);
#981=DIRECTION('',(0.0,1.0,3.767602549E-17));
#982=CONICAL_SURFACE('',#983,0.824292762,4.285833775E-04);
#983=AXIS2_PLACEMENT_3D('',#984,#985,#986);
#984=CARTESIAN_POINT('',(3.81,2.599646722,3.097064355));
#985=DIRECTION('',(0.0,0.999999908,-4.285833644E-04));
#986=DIRECTION('',(0.0,4.285833644E-04,0.999999908));
#987=ADVANCED_FACE('NONE',(#988),#1020,.T.);
#988=FACE_BOUND('NONE',#989,.T.);
#989=EDGE_LOOP('',(#990,#997,#1005,#1014));
#990=ORIENTED_EDGE('',*,*,#991,.T.);
#991=EDGE_CURVE('NONE',#961,#969,#992,.F.);
#992=CIRCLE('',#993,0.824292762);
#993=AXIS2_PLACEMENT_3D('',#994,#995,#996);
#994=CARTESIAN_POINT('',(3.81,2.599646722,3.097064355));
#995=DIRECTION('',(0.0,0.999999908,-4.285833644E-04));
#996=DIRECTION('',(0.0,4.285833644E-04,0.999999908));
#997=ORIENTED_EDGE('',*,*,#998,.T.);
#998=EDGE_CURVE('NONE',#969,#999,#1001,.T.);
#999=VERTEX_POINT('NONE',#1000);
#1000=CARTESIAN_POINT('',(3.81,2.6,4.121357041));
#1001=LINE('',#1002,#1003);
#1002=CARTESIAN_POINT('',(3.81,2.6,4.121357041));
#1003=VECTOR('',#1004,1.0);
#1004=DIRECTION('',(1.224646687E-16,6.331740687E-17,1.0));
#1005=ORIENTED_EDGE('',*,*,#1006,.T.);
#1006=EDGE_CURVE('NONE',#999,#1007,#1009,.T.);
#1007=VERTEX_POINT('NONE',#1008);
#1008=CARTESIAN_POINT('',(3.81,2.59912201,2.072771743));
#1009=CIRCLE('',#1010,1.024292743);
#1010=AXIS2_PLACEMENT_3D('',#1011,#1012,#1013);
#1011=CARTESIAN_POINT('',(3.81,2.599561005,3.097064392));
#1012=DIRECTION('',(0.0,0.999999908,-4.285833644E-04));
#1013=DIRECTION('',(0.0,4.285833644E-04,0.999999908));
#1014=ORIENTED_EDGE('',*,*,#1015,.T.);
#1015=EDGE_CURVE('NONE',#1007,#961,#1016,.F.);
#1016=LINE('',#1017,#1018);
#1017=CARTESIAN_POINT('',(3.81,2.59912201,2.072771743));
#1018=VECTOR('',#1019,1.0);
#1019=DIRECTION('',(0.0,-8.571666501E-04,-0.999999633));
#1020=CONICAL_SURFACE('',#1021,1.024292743,1.570367743);
#1021=AXIS2_PLACEMENT_3D('',#1022,#1023,#1024);
#1022=CARTESIAN_POINT('',(3.81,2.599561005,3.097064392));
#1023=DIRECTION('',(0.0,-0.999999908,4.285833644E-04));
#1024=DIRECTION('',(0.0,-4.285833644E-04,-0.999999908));
#1025=ADVANCED_FACE('NONE',(#1026),#1058,.F.);
#1026=FACE_BOUND('NONE',#1027,.T.);
#1027=EDGE_LOOP('',(#1028,#1035,#1043,#1052));
#1028=ORIENTED_EDGE('',*,*,#1029,.T.);
#1029=EDGE_CURVE('NONE',#999,#1007,#1030,.F.);
#1030=CIRCLE('',#1031,1.024292743);
#1031=AXIS2_PLACEMENT_3D('',#1032,#1033,#1034);
#1032=CARTESIAN_POINT('',(3.81,2.599561005,3.097064392));
#1033=DIRECTION('',(0.0,0.999999908,-4.285833644E-04));
#1034=DIRECTION('',(0.0,4.285833644E-04,0.999999908));
#1035=ORIENTED_EDGE('',*,*,#1036,.T.);
#1036=EDGE_CURVE('NONE',#1007,#1037,#1039,.T.);
#1037=VERTEX_POINT('NONE',#1038);
#1038=CARTESIAN_POINT('',(3.81,4.25,2.071356665));
#1039=LINE('',#1040,#1041);
#1040=CARTESIAN_POINT('',(3.81,4.249121404,2.071357418));
#1041=VECTOR('',#1042,1.0);
#1042=DIRECTION('',(5.248632454E-20,0.999999633,-8.571666501E-04));
#1043=ORIENTED_EDGE('',*,*,#1044,.T.);
#1044=EDGE_CURVE('NONE',#1037,#1045,#1047,.F.);
#1045=VERTEX_POINT('NONE',#1046);
#1046=CARTESIAN_POINT('',(3.81,4.25,4.121357041));
#1047=(BOUNDED_CURVE()B_SPLINE_CURVE(3,(#1048,#1049,#1050,#1051),.UNSPECIFIED.,.F.,.U.)B_SPLINE_CURVE_WITH_KNOTS((4,4),(3.141592654,6.283185307),.PIECEWISE_BEZIER_KNOTS.)CURVE()GEOMETRIC_REPRESENTATION_ITEM()RATIONAL_B_SPLINE_CURVE((1.0,0.333333333,0.333333333,1.0))REPRESENTATION_ITEM(''));
#1048=CARTESIAN_POINT('',(3.81,4.25,4.121357041));
#1049=CARTESIAN_POINT('',(1.759999812,4.25,4.121357041));
#1050=CARTESIAN_POINT('',(1.759999812,4.25,2.071356665));
#1051=CARTESIAN_POINT('',(3.81,4.25,2.071356665));
#1052=ORIENTED_EDGE('',*,*,#1053,.T.);
#1053=EDGE_CURVE('NONE',#1045,#999,#1054,.F.);
#1054=LINE('',#1055,#1056);
#1055=CARTESIAN_POINT('',(3.81,4.25,4.121357041));
#1056=VECTOR('',#1057,1.0);
#1057=DIRECTION('',(0.0,1.0,5.204170428E-18));
#1058=CONICAL_SURFACE('',#1059,1.024999906,4.285833775E-04);
#1059=AXIS2_PLACEMENT_3D('',#1060,#1061,#1062);
#1060=CARTESIAN_POINT('',(3.81,4.249560702,3.096357229));
#1061=DIRECTION('',(0.0,0.999999908,-4.285833644E-04));
#1062=DIRECTION('',(0.0,4.285833644E-04,0.999999908));
#1063=ADVANCED_FACE('NONE',(#1064),#1100,.F.);
#1064=FACE_BOUND('NONE',#1065,.T.);
#1065=EDGE_LOOP('',(#1066,#1077,#1085,#1094));
#1066=ORIENTED_EDGE('',*,*,#1067,.T.);
#1067=EDGE_CURVE('NONE',#1068,#1070,#1072,.T.);
#1068=VERTEX_POINT('NONE',#1069);
#1069=CARTESIAN_POINT('',(6.35,2.15,3.721357041));
#1070=VERTEX_POINT('NONE',#1071);
#1071=CARTESIAN_POINT('',(6.35,2.149465042,2.473157321));
#1072=CIRCLE('',#1073,0.624099918);
#1073=AXIS2_PLACEMENT_3D('',#1074,#1075,#1076);
#1074=CARTESIAN_POINT('',(6.35,2.149732521,3.097257181));
#1075=DIRECTION('',(0.0,-0.999999908,4.285833644E-04));
#1076=DIRECTION('',(0.0,-4.285833644E-04,-0.999999908));
#1077=ORIENTED_EDGE('',*,*,#1078,.T.);
#1078=EDGE_CURVE('NONE',#1070,#1079,#1081,.T.);
#1079=VERTEX_POINT('NONE',#1080);
#1080=CARTESIAN_POINT('',(6.35,2.39946495,2.472943029));
#1081=LINE('',#1082,#1083);
#1082=CARTESIAN_POINT('',(6.35,2.39946495,2.472943029));
#1083=VECTOR('',#1084,1.0);
#1084=DIRECTION('',(5.248632454E-20,0.999999633,-8.571666501E-04));
#1085=ORIENTED_EDGE('',*,*,#1086,.T.);
#1086=EDGE_CURVE('NONE',#1079,#1087,#1089,.T.);
#1087=VERTEX_POINT('NONE',#1088);
#1088=CARTESIAN_POINT('',(6.35,2.4,3.721357041));
#1089=CIRCLE('',#1090,0.624207063);
#1090=AXIS2_PLACEMENT_3D('',#1091,#1092,#1093);
#1091=CARTESIAN_POINT('',(6.35,2.399732475,3.097150035));
#1092=DIRECTION('',(0.0,0.999999908,-4.285833644E-04));
#1093=DIRECTION('',(0.0,4.285833644E-04,0.999999908));
#1094=ORIENTED_EDGE('',*,*,#1095,.T.);
#1095=EDGE_CURVE('NONE',#1087,#1068,#1096,.F.);
#1096=LINE('',#1097,#1098);
#1097=CARTESIAN_POINT('',(6.35,2.4,3.721357041));
#1098=VECTOR('',#1099,1.0);
#1099=DIRECTION('',(0.0,1.0,-1.046526147E-15));
#1100=CONICAL_SURFACE('',#1101,0.624207063,4.285833775E-04);
#1101=AXIS2_PLACEMENT_3D('',#1102,#1103,#1104);
#1102=CARTESIAN_POINT('',(6.35,2.399732475,3.097150035));
#1103=DIRECTION('',(0.0,0.999999908,-4.285833644E-04));
#1104=DIRECTION('',(0.0,4.285833644E-04,0.999999908));
#1105=ADVANCED_FACE('NONE',(#1106),#1138,.T.);
#1106=FACE_BOUND('NONE',#1107,.T.);
#1107=EDGE_LOOP('',(#1108,#1115,#1123,#1132));
#1108=ORIENTED_EDGE('',*,*,#1109,.T.);
#1109=EDGE_CURVE('NONE',#1079,#1087,#1110,.F.);
#1110=CIRCLE('',#1111,0.624207063);
#1111=AXIS2_PLACEMENT_3D('',#1112,#1113,#1114);
#1112=CARTESIAN_POINT('',(6.35,2.399732475,3.097150035));
#1113=DIRECTION('',(0.0,0.999999908,-4.285833644E-04));
#1114=DIRECTION('',(0.0,4.285833644E-04,0.999999908));
#1115=ORIENTED_EDGE('',*,*,#1116,.T.);
#1116=EDGE_CURVE('NONE',#1087,#1117,#1119,.T.);
#1117=VERTEX_POINT('NONE',#1118);
#1118=CARTESIAN_POINT('',(6.35,2.4,3.921357041));
#1119=LINE('',#1120,#1121);
#1120=CARTESIAN_POINT('',(6.35,2.4,3.921357041));
#1121=VECTOR('',#1122,1.0);
#1122=DIRECTION('',(1.224646687E-16,6.331740687E-17,1.0));
#1123=ORIENTED_EDGE('',*,*,#1124,.T.);
#1124=EDGE_CURVE('NONE',#1117,#1125,#1127,.T.);
#1125=VERTEX_POINT('NONE',#1126);
#1126=CARTESIAN_POINT('',(6.35,2.399293517,2.272943102));
#1127=CIRCLE('',#1128,0.824207045);
#1128=AXIS2_PLACEMENT_3D('',#1129,#1130,#1131);
#1129=CARTESIAN_POINT('',(6.35,2.399646759,3.097150072));
#1130=DIRECTION('',(0.0,0.999999908,-4.285833644E-04));
#1131=DIRECTION('',(0.0,4.285833644E-04,0.999999908));
#1132=ORIENTED_EDGE('',*,*,#1133,.T.);
#1133=EDGE_CURVE('NONE',#1125,#1079,#1134,.F.);
#1134=LINE('',#1135,#1136);
#1135=CARTESIAN_POINT('',(6.35,2.399293517,2.272943102));
#1136=VECTOR('',#1137,1.0);
#1137=DIRECTION('',(0.0,-8.571666501E-04,-0.999999633));
#1138=CONICAL_SURFACE('',#1139,0.824207045,1.570367743);
#1139=AXIS2_PLACEMENT_3D('',#1140,#1141,#1142);
#1140=CARTESIAN_POINT('',(6.35,2.399646759,3.097150072));
#1141=DIRECTION('',(0.0,-0.999999908,4.285833644E-04));
#1142=DIRECTION('',(0.0,-4.285833644E-04,-0.999999908));
#1143=ADVANCED_FACE('NONE',(#1144),#1176,.F.);
#1144=FACE_BOUND('NONE',#1145,.T.);
#1145=EDGE_LOOP('',(#1146,#1153,#1161,#1170));
#1146=ORIENTED_EDGE('',*,*,#1147,.T.);
#1147=EDGE_CURVE('NONE',#1117,#1125,#1148,.F.);
#1148=CIRCLE('',#1149,0.824207045);
#1149=AXIS2_PLACEMENT_3D('',#1150,#1151,#1152);
#1150=CARTESIAN_POINT('',(6.35,2.399646759,3.097150072));
#1151=DIRECTION('',(0.0,0.999999908,-4.285833644E-04));
#1152=DIRECTION('',(0.0,4.285833644E-04,0.999999908));
#1153=ORIENTED_EDGE('',*,*,#1154,.T.);
#1154=EDGE_CURVE('NONE',#1125,#1155,#1157,.T.);
#1155=VERTEX_POINT('NONE',#1156);
#1156=CARTESIAN_POINT('',(6.35,2.599293444,2.272771669));
#1157=LINE('',#1158,#1159);
#1158=CARTESIAN_POINT('',(6.35,2.599293444,2.272771669));
#1159=VECTOR('',#1160,1.0);
#1160=DIRECTION('',(5.248632454E-20,0.999999633,-8.571666501E-04));
#1161=ORIENTED_EDGE('',*,*,#1162,.T.);
#1162=EDGE_CURVE('NONE',#1155,#1163,#1165,.T.);
#1163=VERTEX_POINT('NONE',#1164);
#1164=CARTESIAN_POINT('',(6.35,2.6,3.921357041));
#1165=CIRCLE('',#1166,0.824292762);
#1166=AXIS2_PLACEMENT_3D('',#1167,#1168,#1169);
#1167=CARTESIAN_POINT('',(6.35,2.599646722,3.097064355));
#1168=DIRECTION('',(0.0,0.999999908,-4.285833644E-04));
#1169=DIRECTION('',(0.0,4.285833644E-04,0.999999908));
#1170=ORIENTED_EDGE('',*,*,#1171,.T.);
#1171=EDGE_CURVE('NONE',#1163,#1117,#1172,.F.);
#1172=LINE('',#1173,#1174);
#1173=CARTESIAN_POINT('',(6.35,2.6,3.921357041));
#1174=VECTOR('',#1175,1.0);
#1175=DIRECTION('',(0.0,1.0,3.767602549E-17));
#1176=CONICAL_SURFACE('',#1177,0.824292762,4.285833775E-04);
#1177=AXIS2_PLACEMENT_3D('',#1178,#1179,#1180);
#1178=CARTESIAN_POINT('',(6.35,2.599646722,3.097064355));
#1179=DIRECTION('',(0.0,0.999999908,-4.285833644E-04));
#1180=DIRECTION('',(0.0,4.285833644E-04,0.999999908));
#1181=ADVANCED_FACE('NONE',(#1182),#1214,.T.);
#1182=FACE_BOUND('NONE',#1183,.T.);
#1183=EDGE_LOOP('',(#1184,#1191,#1199,#1208));
#1184=ORIENTED_EDGE('',*,*,#1185,.T.);
#1185=EDGE_CURVE('NONE',#1155,#1163,#1186,.F.);
#1186=CIRCLE('',#1187,0.824292762);
#1187=AXIS2_PLACEMENT_3D('',#1188,#1189,#1190);
#1188=CARTESIAN_POINT('',(6.35,2.599646722,3.097064355));
#1189=DIRECTION('',(0.0,0.999999908,-4.285833644E-04));
#1190=DIRECTION('',(0.0,4.285833644E-04,0.999999908));
#1191=ORIENTED_EDGE('',*,*,#1192,.T.);
#1192=EDGE_CURVE('NONE',#1163,#1193,#1195,.T.);
#1193=VERTEX_POINT('NONE',#1194);
#1194=CARTESIAN_POINT('',(6.35,2.6,4.121357041));
#1195=LINE('',#1196,#1197);
#1196=CARTESIAN_POINT('',(6.35,2.6,4.121357041));
#1197=VECTOR('',#1198,1.0);
#1198=DIRECTION('',(1.224646687E-16,6.331740687E-17,1.0));
#1199=ORIENTED_EDGE('',*,*,#1200,.T.);
#1200=EDGE_CURVE('NONE',#1193,#1201,#1203,.T.);
#1201=VERTEX_POINT('NONE',#1202);
#1202=CARTESIAN_POINT('',(6.35,2.59912201,2.072771743));
#1203=CIRCLE('',#1204,1.024292743);
#1204=AXIS2_PLACEMENT_3D('',#1205,#1206,#1207);
#1205=CARTESIAN_POINT('',(6.35,2.599561005,3.097064392));
#1206=DIRECTION('',(0.0,0.999999908,-4.285833644E-04));
#1207=DIRECTION('',(0.0,4.285833644E-04,0.999999908));
#1208=ORIENTED_EDGE('',*,*,#1209,.T.);
#1209=EDGE_CURVE('NONE',#1201,#1155,#1210,.F.);
#1210=LINE('',#1211,#1212);
#1211=CARTESIAN_POINT('',(6.35,2.59912201,2.072771743));
#1212=VECTOR('',#1213,1.0);
#1213=DIRECTION('',(0.0,-8.571666501E-04,-0.999999633));
#1214=CONICAL_SURFACE('',#1215,1.024292743,1.570367743);
#1215=AXIS2_PLACEMENT_3D('',#1216,#1217,#1218);
#1216=CARTESIAN_POINT('',(6.35,2.599561005,3.097064392));
#1217=DIRECTION('',(0.0,-0.999999908,4.285833644E-04));
#1218=DIRECTION('',(0.0,-4.285833644E-04,-0.999999908));
#1219=ADVANCED_FACE('NONE',(#1220),#1252,.F.);
#1220=FACE_BOUND('NONE',#1221,.T.);
#1221=EDGE_LOOP('',(#1222,#1229,#1237,#1246));
#1222=ORIENTED_EDGE('',*,*,#1223,.T.);
#1223=EDGE_CURVE('NONE',#1193,#1201,#1224,.F.);
#1224=CIRCLE('',#1225,1.024292743);
#1225=AXIS2_PLACEMENT_3D('',#1226,#1227,#1228);
#1226=CARTESIAN_POINT('',(6.35,2.599561005,3.097064392));
#1227=DIRECTION('',(0.0,0.999999908,-4.285833644E-04));
#1228=DIRECTION('',(0.0,4.285833644E-04,0.999999908));
#1229=ORIENTED_EDGE('',*,*,#1230,.T.);
#1230=EDGE_CURVE('NONE',#1201,#1231,#1233,.T.);
#1231=VERTEX_POINT('NONE',#1232);
#1232=CARTESIAN_POINT('',(6.35,4.25,2.071356665));
#1233=LINE('',#1234,#1235);
#1234=CARTESIAN_POINT('',(6.35,4.249121404,2.071357418));
#1235=VECTOR('',#1236,1.0);
#1236=DIRECTION('',(5.248632454E-20,0.999999633,-8.571666501E-04));
#1237=ORIENTED_EDGE('',*,*,#1238,.T.);
#1238=EDGE_CURVE('NONE',#1231,#1239,#1241,.F.);
#1239=VERTEX_POINT('NONE',#1240);
#1240=CARTESIAN_POINT('',(6.35,4.25,4.121357041));
#1241=(BOUNDED_CURVE()B_SPLINE_CURVE(3,(#1242,#1243,#1244,#1245),.UNSPECIFIED.,.F.,.U.)B_SPLINE_CURVE_WITH_KNOTS((4,4),(3.141592654,6.283185307),.PIECEWISE_BEZIER_KNOTS.)CURVE()GEOMETRIC_REPRESENTATION_ITEM()RATIONAL_B_SPLINE_CURVE((1.0,0.333333333,0.333333333,1.0))REPRESENTATION_ITEM(''));
#1242=CARTESIAN_POINT('',(6.35,4.25,4.121357041));
#1243=CARTESIAN_POINT('',(4.299999812,4.25,4.121357041));
#1244=CARTESIAN_POINT('',(4.299999812,4.25,2.071356665));
#1245=CARTESIAN_POINT('',(6.35,4.25,2.071356665));
#1246=ORIENTED_EDGE('',*,*,#1247,.T.);
#1247=EDGE_CURVE('NONE',#1239,#1193,#1248,.F.);
#1248=LINE('',#1249,#1250);
#1249=CARTESIAN_POINT('',(6.35,4.25,4.121357041));
#1250=VECTOR('',#1251,1.0);
#1251=DIRECTION('',(0.0,1.0,5.204170428E-18));
#1252=CONICAL_SURFACE('',#1253,1.024999906,4.285833775E-04);
#1253=AXIS2_PLACEMENT_3D('',#1254,#1255,#1256);
#1254=CARTESIAN_POINT('',(6.35,4.249560702,3.096357229));
#1255=DIRECTION('',(0.0,0.999999908,-4.285833644E-04));
#1256=DIRECTION('',(0.0,4.285833644E-04,0.999999908));
#1257=ADVANCED_FACE('NONE',(#1258),#1292,.F.);
#1258=FACE_BOUND('NONE',#1259,.T.);
#1259=EDGE_LOOP('',(#1260,#1270,#1278,#1286));
#1260=ORIENTED_EDGE('',*,*,#1261,.T.);
#1261=EDGE_CURVE('NONE',#1262,#1264,#1266,.T.);
#1262=VERTEX_POINT('NONE',#1263);
#1263=CARTESIAN_POINT('',(-7.39,-3.25,5.4));
#1264=VERTEX_POINT('NONE',#1265);
#1265=CARTESIAN_POINT('',(-7.39,-3.25,4.649571559));
#1266=LINE('',#1267,#1268);
#1267=CARTESIAN_POINT('',(-7.39,-3.25,5.4));
#1268=VECTOR('',#1269,1.0);
#1269=DIRECTION('',(1.330497883E-15,0.0,-1.0));
#1270=ORIENTED_EDGE('',*,*,#1271,.T.);
#1271=EDGE_CURVE('NONE',#1264,#1272,#1274,.T.);
#1272=VERTEX_POINT('NONE',#1273);
#1273=CARTESIAN_POINT('',(-5.31,-3.25,4.649571559));
#1274=LINE('',#1275,#1276);
#1275=CARTESIAN_POINT('',(-7.39,-3.25,4.649571559));
#1276=VECTOR('',#1277,1.0);
#1277=DIRECTION('',(1.0,0.0,0.0));
#1278=ORIENTED_EDGE('',*,*,#1279,.T.);
#1279=EDGE_CURVE('NONE',#1272,#1280,#1282,.T.);
#1280=VERTEX_POINT('NONE',#1281);
#1281=CARTESIAN_POINT('',(-5.31,-3.25,5.4));
#1282=LINE('',#1283,#1284);
#1283=CARTESIAN_POINT('',(-5.31,-3.25,5.4));
#1284=VECTOR('',#1285,1.0);
#1285=DIRECTION('',(0.0,0.0,1.0));
#1286=ORIENTED_EDGE('',*,*,#1287,.T.);
#1287=EDGE_CURVE('NONE',#1280,#1262,#1288,.T.);
#1288=LINE('',#1289,#1290);
#1289=CARTESIAN_POINT('',(-5.31,-3.25,5.4));
#1290=VECTOR('',#1291,1.0);
#1291=DIRECTION('',(-1.0,0.0,0.0));
#1292=PLANE('',#1293);
#1293=AXIS2_PLACEMENT_3D('',#1294,#1295,#1296);
#1294=CARTESIAN_POINT('',(-12.7,-3.25,0.0));
#1295=DIRECTION('',(0.0,1.0,0.0));
#1296=DIRECTION('',(0.0,0.0,1.0));
#1297=ADVANCED_FACE('NONE',(#1298),#1332,.F.);
#1298=FACE_BOUND('NONE',#1299,.T.);
#1299=EDGE_LOOP('',(#1300,#1310,#1318,#1326));
#1300=ORIENTED_EDGE('',*,*,#1301,.T.);
#1301=EDGE_CURVE('NONE',#1302,#1304,#1306,.T.);
#1302=VERTEX_POINT('NONE',#1303);
#1303=CARTESIAN_POINT('',(-4.85,-3.25,5.4));
#1304=VERTEX_POINT('NONE',#1305);
#1305=CARTESIAN_POINT('',(-4.85,-3.25,4.649571559));
#1306=LINE('',#1307,#1308);
#1307=CARTESIAN_POINT('',(-4.85,-3.25,5.4));
#1308=VECTOR('',#1309,1.0);
#1309=DIRECTION('',(1.330497883E-15,0.0,-1.0));
#1310=ORIENTED_EDGE('',*,*,#1311,.T.);
#1311=EDGE_CURVE('NONE',#1304,#1312,#1314,.T.);
#1312=VERTEX_POINT('NONE',#1313);
#1313=CARTESIAN_POINT('',(-2.77,-3.25,4.649571559));
#1314=LINE('',#1315,#1316);
#1315=CARTESIAN_POINT('',(-4.85,-3.25,4.649571559));
#1316=VECTOR('',#1317,1.0);
#1317=DIRECTION('',(1.0,0.0,0.0));
#1318=ORIENTED_EDGE('',*,*,#1319,.T.);
#1319=EDGE_CURVE('NONE',#1312,#1320,#1322,.T.);
#1320=VERTEX_POINT('NONE',#1321);
#1321=CARTESIAN_POINT('',(-2.77,-3.25,5.4));
#1322=LINE('',#1323,#1324);
#1323=CARTESIAN_POINT('',(-2.77,-3.25,5.4));
#1324=VECTOR('',#1325,1.0);
#1325=DIRECTION('',(0.0,0.0,1.0));
#1326=ORIENTED_EDGE('',*,*,#1327,.T.);
#1327=EDGE_CURVE('NONE',#1320,#1302,#1328,.T.);
#1328=LINE('',#1329,#1330);
#1329=CARTESIAN_POINT('',(-2.77,-3.25,5.4));
#1330=VECTOR('',#1331,1.0);
#1331=DIRECTION('',(-1.0,0.0,0.0));
#1332=PLANE('',#1333);
#1333=AXIS2_PLACEMENT_3D('',#1334,#1335,#1336);
#1334=CARTESIAN_POINT('',(-10.16,-3.25,0.0));
#1335=DIRECTION('',(0.0,1.0,0.0));
#1336=DIRECTION('',(0.0,0.0,1.0));
#1337=ADVANCED_FACE('NONE',(#1338),#1372,.F.);
#1338=FACE_BOUND('NONE',#1339,.T.);
#1339=EDGE_LOOP('',(#1340,#1350,#1358,#1366));
#1340=ORIENTED_EDGE('',*,*,#1341,.T.);
#1341=EDGE_CURVE('NONE',#1342,#1344,#1346,.T.);
#1342=VERTEX_POINT('NONE',#1343);
#1343=CARTESIAN_POINT('',(-2.31,-3.25,5.4));
#1344=VERTEX_POINT('NONE',#1345);
#1345=CARTESIAN_POINT('',(-2.31,-3.25,4.649571559));
#1346=LINE('',#1347,#1348);
#1347=CARTESIAN_POINT('',(-2.31,-3.25,5.4));
#1348=VECTOR('',#1349,1.0);
#1349=DIRECTION('',(1.330497883E-15,0.0,-1.0));
#1350=ORIENTED_EDGE('',*,*,#1351,.T.);
#1351=EDGE_CURVE('NONE',#1344,#1352,#1354,.T.);
#1352=VERTEX_POINT('NONE',#1353);
#1353=CARTESIAN_POINT('',(-0.23,-3.25,4.649571559));
#1354=LINE('',#1355,#1356);
#1355=CARTESIAN_POINT('',(-2.31,-3.25,4.649571559));
#1356=VECTOR('',#1357,1.0);
#1357=DIRECTION('',(1.0,0.0,0.0));
#1358=ORIENTED_EDGE('',*,*,#1359,.T.);
#1359=EDGE_CURVE('NONE',#1352,#1360,#1362,.T.);
#1360=VERTEX_POINT('NONE',#1361);
#1361=CARTESIAN_POINT('',(-0.23,-3.25,5.4));
#1362=LINE('',#1363,#1364);
#1363=CARTESIAN_POINT('',(-0.23,-3.25,5.4));
#1364=VECTOR('',#1365,1.0);
#1365=DIRECTION('',(0.0,0.0,1.0));
#1366=ORIENTED_EDGE('',*,*,#1367,.T.);
#1367=EDGE_CURVE('NONE',#1360,#1342,#1368,.T.);
#1368=LINE('',#1369,#1370);
#1369=CARTESIAN_POINT('',(-0.23,-3.25,5.4));
#1370=VECTOR('',#1371,1.0);
#1371=DIRECTION('',(-1.0,0.0,0.0));
#1372=PLANE('',#1373);
#1373=AXIS2_PLACEMENT_3D('',#1374,#1375,#1376);
#1374=CARTESIAN_POINT('',(-7.62,-3.25,0.0));
#1375=DIRECTION('',(0.0,1.0,0.0));
#1376=DIRECTION('',(0.0,0.0,1.0));
#1377=ADVANCED_FACE('NONE',(#1378),#1412,.F.);
#1378=FACE_BOUND('NONE',#1379,.T.);
#1379=EDGE_LOOP('',(#1380,#1390,#1398,#1406));
#1380=ORIENTED_EDGE('',*,*,#1381,.T.);
#1381=EDGE_CURVE('NONE',#1382,#1384,#1386,.T.);
#1382=VERTEX_POINT('NONE',#1383);
#1383=CARTESIAN_POINT('',(0.23,-3.25,5.4));
#1384=VERTEX_POINT('NONE',#1385);
#1385=CARTESIAN_POINT('',(0.23,-3.25,4.649571559));
#1386=LINE('',#1387,#1388);
#1387=CARTESIAN_POINT('',(0.23,-3.25,5.4));
#1388=VECTOR('',#1389,1.0);
#1389=DIRECTION('',(1.330497883E-15,0.0,-1.0));
#1390=ORIENTED_EDGE('',*,*,#1391,.T.);
#1391=EDGE_CURVE('NONE',#1384,#1392,#1394,.T.);
#1392=VERTEX_POINT('NONE',#1393);
#1393=CARTESIAN_POINT('',(2.31,-3.25,4.649571559));
#1394=LINE('',#1395,#1396);
#1395=CARTESIAN_POINT('',(0.23,-3.25,4.649571559));
#1396=VECTOR('',#1397,1.0);
#1397=DIRECTION('',(1.0,0.0,0.0));
#1398=ORIENTED_EDGE('',*,*,#1399,.T.);
#1399=EDGE_CURVE('NONE',#1392,#1400,#1402,.T.);
#1400=VERTEX_POINT('NONE',#1401);
#1401=CARTESIAN_POINT('',(2.31,-3.25,5.4));
#1402=LINE('',#1403,#1404);
#1403=CARTESIAN_POINT('',(2.31,-3.25,5.4));
#1404=VECTOR('',#1405,1.0);
#1405=DIRECTION('',(0.0,0.0,1.0));
#1406=ORIENTED_EDGE('',*,*,#1407,.T.);
#1407=EDGE_CURVE('NONE',#1400,#1382,#1408,.T.);
#1408=LINE('',#1409,#1410);
#1409=CARTESIAN_POINT('',(2.31,-3.25,5.4));
#1410=VECTOR('',#1411,1.0);
#1411=DIRECTION('',(-1.0,0.0,0.0));
#1412=PLANE('',#1413);
#1413=AXIS2_PLACEMENT_3D('',#1414,#1415,#1416);
#1414=CARTESIAN_POINT('',(-5.08,-3.25,0.0));
#1415=DIRECTION('',(0.0,1.0,0.0));
#1416=DIRECTION('',(0.0,0.0,1.0));
#1417=ADVANCED_FACE('NONE',(#1418),#1452,.F.);
#1418=FACE_BOUND('NONE',#1419,.T.);
#1419=EDGE_LOOP('',(#1420,#1430,#1438,#1446));
#1420=ORIENTED_EDGE('',*,*,#1421,.T.);
#1421=EDGE_CURVE('NONE',#1422,#1424,#1426,.T.);
#1422=VERTEX_POINT('NONE',#1423);
#1423=CARTESIAN_POINT('',(2.77,-3.25,5.4));
#1424=VERTEX_POINT('NONE',#1425);
#1425=CARTESIAN_POINT('',(2.77,-3.25,4.649571559));
#1426=LINE('',#1427,#1428);
#1427=CARTESIAN_POINT('',(2.77,-3.25,5.4));
#1428=VECTOR('',#1429,1.0);
#1429=DIRECTION('',(1.330497883E-15,0.0,-1.0));
#1430=ORIENTED_EDGE('',*,*,#1431,.T.);
#1431=EDGE_CURVE('NONE',#1424,#1432,#1434,.T.);
#1432=VERTEX_POINT('NONE',#1433);
#1433=CARTESIAN_POINT('',(4.85,-3.25,4.649571559));
#1434=LINE('',#1435,#1436);
#1435=CARTESIAN_POINT('',(2.77,-3.25,4.649571559));
#1436=VECTOR('',#1437,1.0);
#1437=DIRECTION('',(1.0,0.0,0.0));
#1438=ORIENTED_EDGE('',*,*,#1439,.T.);
#1439=EDGE_CURVE('NONE',#1432,#1440,#1442,.T.);
#1440=VERTEX_POINT('NONE',#1441);
#1441=CARTESIAN_POINT('',(4.85,-3.25,5.4));
#1442=LINE('',#1443,#1444);
#1443=CARTESIAN_POINT('',(4.85,-3.25,5.4));
#1444=VECTOR('',#1445,1.0);
#1445=DIRECTION('',(0.0,0.0,1.0));
#1446=ORIENTED_EDGE('',*,*,#1447,.T.);
#1447=EDGE_CURVE('NONE',#1440,#1422,#1448,.T.);
#1448=LINE('',#1449,#1450);
#1449=CARTESIAN_POINT('',(4.85,-3.25,5.4));
#1450=VECTOR('',#1451,1.0);
#1451=DIRECTION('',(-1.0,0.0,0.0));
#1452=PLANE('',#1453);
#1453=AXIS2_PLACEMENT_3D('',#1454,#1455,#1456);
#1454=CARTESIAN_POINT('',(-2.54,-3.25,0.0));
#1455=DIRECTION('',(0.0,1.0,0.0));
#1456=DIRECTION('',(0.0,0.0,1.0));
#1457=ADVANCED_FACE('NONE',(#1458),#1492,.F.);
#1458=FACE_BOUND('NONE',#1459,.T.);
#1459=EDGE_LOOP('',(#1460,#1470,#1478,#1486));
#1460=ORIENTED_EDGE('',*,*,#1461,.T.);
#1461=EDGE_CURVE('NONE',#1462,#1464,#1466,.T.);
#1462=VERTEX_POINT('NONE',#1463);
#1463=CARTESIAN_POINT('',(5.31,-3.25,5.4));
#1464=VERTEX_POINT('NONE',#1465);
#1465=CARTESIAN_POINT('',(5.31,-3.25,4.649571559));
#1466=LINE('',#1467,#1468);
#1467=CARTESIAN_POINT('',(5.31,-3.25,5.4));
#1468=VECTOR('',#1469,1.0);
#1469=DIRECTION('',(1.330497883E-15,0.0,-1.0));
#1470=ORIENTED_EDGE('',*,*,#1471,.T.);
#1471=EDGE_CURVE('NONE',#1464,#1472,#1474,.T.);
#1472=VERTEX_POINT('NONE',#1473);
#1473=CARTESIAN_POINT('',(7.39,-3.25,4.649571559));
#1474=LINE('',#1475,#1476);
#1475=CARTESIAN_POINT('',(5.31,-3.25,4.649571559));
#1476=VECTOR('',#1477,1.0);
#1477=DIRECTION('',(1.0,0.0,0.0));
#1478=ORIENTED_EDGE('',*,*,#1479,.T.);
#1479=EDGE_CURVE('NONE',#1472,#1480,#1482,.T.);
#1480=VERTEX_POINT('NONE',#1481);
#1481=CARTESIAN_POINT('',(7.39,-3.25,5.4));
#1482=LINE('',#1483,#1484);
#1483=CARTESIAN_POINT('',(7.39,-3.25,5.4));
#1484=VECTOR('',#1485,1.0);
#1485=DIRECTION('',(0.0,0.0,1.0));
#1486=ORIENTED_EDGE('',*,*,#1487,.T.);
#1487=EDGE_CURVE('NONE',#1480,#1462,#1488,.T.);
#1488=LINE('',#1489,#1490);
#1489=CARTESIAN_POINT('',(7.39,-3.25,5.4));
#1490=VECTOR('',#1491,1.0);
#1491=DIRECTION('',(-1.0,0.0,0.0));
#1492=PLANE('',#1493);
#1493=AXIS2_PLACEMENT_3D('',#1494,#1495,#1496);
#1494=CARTESIAN_POINT('',(-1.104919411E-16,-3.25,0.0));
#1495=DIRECTION('',(0.0,1.0,0.0));
#1496=DIRECTION('',(0.0,0.0,1.0));
#1497=ADVANCED_FACE('NONE',(#1498,#1532,#1566,#1600,#1634,#1668,#1702),#1736,.T.);
#1498=FACE_BOUND('NONE',#1499,.T.);
#1499=EDGE_LOOP('',(#1500,#1510,#1518,#1526));
#1500=ORIENTED_EDGE('',*,*,#1501,.T.);
#1501=EDGE_CURVE('NONE',#1502,#1504,#1506,.T.);
#1502=VERTEX_POINT('NONE',#1503);
#1503=CARTESIAN_POINT('',(7.85,-4.25,6.2));
#1504=VERTEX_POINT('NONE',#1505);
#1505=CARTESIAN_POINT('',(7.85,0.67,6.2));
#1506=LINE('',#1507,#1508);
#1507=CARTESIAN_POINT('',(7.85,-4.25,6.2));
#1508=VECTOR('',#1509,1.0);
#1509=DIRECTION('',(0.0,1.0,0.0));
#1510=ORIENTED_EDGE('',*,*,#1511,.T.);
#1511=EDGE_CURVE('NONE',#1504,#1512,#1514,.T.);
#1512=VERTEX_POINT('NONE',#1513);
#1513=CARTESIAN_POINT('',(-7.85,0.67,6.2));
#1514=LINE('',#1515,#1516);
#1515=CARTESIAN_POINT('',(17.85,0.67,6.2));
#1516=VECTOR('',#1517,1.0);
#1517=DIRECTION('',(-1.0,0.0,0.0));
#1518=ORIENTED_EDGE('',*,*,#1519,.T.);
#1519=EDGE_CURVE('NONE',#1512,#1520,#1522,.T.);
#1520=VERTEX_POINT('NONE',#1521);
#1521=CARTESIAN_POINT('',(-7.85,-4.25,6.2));
#1522=LINE('',#1523,#1524);
#1523=CARTESIAN_POINT('',(-7.85,-4.25,6.2));
#1524=VECTOR('',#1525,1.0);
#1525=DIRECTION('',(0.0,-1.0,0.0));
#1526=ORIENTED_EDGE('',*,*,#1527,.T.);
#1527=EDGE_CURVE('NONE',#1520,#1502,#1528,.T.);
#1528=LINE('',#1529,#1530);
#1529=CARTESIAN_POINT('',(7.85,-4.25,6.2));
#1530=VECTOR('',#1531,1.0);
#1531=DIRECTION('',(1.0,1.104919411E-16,0.0));
#1532=FACE_BOUND('NONE',#1533,.T.);
#1533=EDGE_LOOP('',(#1534,#1544,#1552,#1560));
#1534=ORIENTED_EDGE('',*,*,#1535,.T.);
#1535=EDGE_CURVE('NONE',#1536,#1538,#1540,.F.);
#1536=VERTEX_POINT('NONE',#1537);
#1537=CARTESIAN_POINT('',(-7.39,0.2,6.2));
#1538=VERTEX_POINT('NONE',#1539);
#1539=CARTESIAN_POINT('',(-5.31,0.2,6.2));
#1540=LINE('',#1541,#1542);
#1541=CARTESIAN_POINT('',(-7.39,0.2,6.2));
#1542=VECTOR('',#1543,1.0);
#1543=DIRECTION('',(-1.0,-1.824378656E-16,0.0));
#1544=ORIENTED_EDGE('',*,*,#1545,.T.);
#1545=EDGE_CURVE('NONE',#1538,#1546,#1548,.F.);
#1546=VERTEX_POINT('NONE',#1547);
#1547=CARTESIAN_POINT('',(-5.31,-4.1,6.2));
#1548=LINE('',#1549,#1550);
#1549=CARTESIAN_POINT('',(-5.31,0.2,6.2));
#1550=VECTOR('',#1551,1.0);
#1551=DIRECTION('',(-2.017120321E-16,1.0,0.0));
#1552=ORIENTED_EDGE('',*,*,#1553,.T.);
#1553=EDGE_CURVE('NONE',#1546,#1554,#1556,.F.);
#1554=VERTEX_POINT('NONE',#1555);
#1555=CARTESIAN_POINT('',(-7.39,-4.1,6.2));
#1556=LINE('',#1557,#1558);
#1557=CARTESIAN_POINT('',(-7.39,-4.1,6.2));
#1558=VECTOR('',#1559,1.0);
#1559=DIRECTION('',(1.0,0.0,0.0));
#1560=ORIENTED_EDGE('',*,*,#1561,.T.);
#1561=EDGE_CURVE('NONE',#1554,#1536,#1562,.F.);
#1562=LINE('',#1563,#1564);
#1563=CARTESIAN_POINT('',(-7.39,0.2,6.2));
#1564=VECTOR('',#1565,1.0);
#1565=DIRECTION('',(2.017120321E-16,-1.0,0.0));
#1566=FACE_BOUND('NONE',#1567,.T.);
#1567=EDGE_LOOP('',(#1568,#1578,#1586,#1594));
#1568=ORIENTED_EDGE('',*,*,#1569,.T.);
#1569=EDGE_CURVE('NONE',#1570,#1572,#1574,.F.);
#1570=VERTEX_POINT('NONE',#1571);
#1571=CARTESIAN_POINT('',(-4.85,0.2,6.2));
#1572=VERTEX_POINT('NONE',#1573);
#1573=CARTESIAN_POINT('',(-2.77,0.2,6.2));
#1574=LINE('',#1575,#1576);
#1575=CARTESIAN_POINT('',(-4.85,0.2,6.2));
#1576=VECTOR('',#1577,1.0);
#1577=DIRECTION('',(-1.0,-1.824378656E-16,0.0));
#1578=ORIENTED_EDGE('',*,*,#1579,.T.);
#1579=EDGE_CURVE('NONE',#1572,#1580,#1582,.F.);
#1580=VERTEX_POINT('NONE',#1581);
#1581=CARTESIAN_POINT('',(-2.77,-4.1,6.2));
#1582=LINE('',#1583,#1584);
#1583=CARTESIAN_POINT('',(-2.77,0.2,6.2));
#1584=VECTOR('',#1585,1.0);
#1585=DIRECTION('',(-2.017120321E-16,1.0,0.0));
#1586=ORIENTED_EDGE('',*,*,#1587,.T.);
#1587=EDGE_CURVE('NONE',#1580,#1588,#1590,.F.);
#1588=VERTEX_POINT('NONE',#1589);
#1589=CARTESIAN_POINT('',(-4.85,-4.1,6.2));
#1590=LINE('',#1591,#1592);
#1591=CARTESIAN_POINT('',(-4.85,-4.1,6.2));
#1592=VECTOR('',#1593,1.0);
#1593=DIRECTION('',(1.0,0.0,0.0));
#1594=ORIENTED_EDGE('',*,*,#1595,.T.);
#1595=EDGE_CURVE('NONE',#1588,#1570,#1596,.F.);
#1596=LINE('',#1597,#1598);
#1597=CARTESIAN_POINT('',(-4.85,0.2,6.2));
#1598=VECTOR('',#1599,1.0);
#1599=DIRECTION('',(2.017120321E-16,-1.0,0.0));
#1600=FACE_BOUND('NONE',#1601,.T.);
#1601=EDGE_LOOP('',(#1602,#1612,#1620,#1628));
#1602=ORIENTED_EDGE('',*,*,#1603,.T.);
#1603=EDGE_CURVE('NONE',#1604,#1606,#1608,.F.);
#1604=VERTEX_POINT('NONE',#1605);
#1605=CARTESIAN_POINT('',(-2.31,0.2,6.2));
#1606=VERTEX_POINT('NONE',#1607);
#1607=CARTESIAN_POINT('',(-0.23,0.2,6.2));
#1608=LINE('',#1609,#1610);
#1609=CARTESIAN_POINT('',(-2.31,0.2,6.2));
#1610=VECTOR('',#1611,1.0);
#1611=DIRECTION('',(-1.0,-1.824378656E-16,0.0));
#1612=ORIENTED_EDGE('',*,*,#1613,.T.);
#1613=EDGE_CURVE('NONE',#1606,#1614,#1616,.F.);
#1614=VERTEX_POINT('NONE',#1615);
#1615=CARTESIAN_POINT('',(-0.23,-4.1,6.2));
#1616=LINE('',#1617,#1618);
#1617=CARTESIAN_POINT('',(-0.23,0.2,6.2));
#1618=VECTOR('',#1619,1.0);
#1619=DIRECTION('',(-2.017120321E-16,1.0,0.0));
#1620=ORIENTED_EDGE('',*,*,#1621,.T.);
#1621=EDGE_CURVE('NONE',#1614,#1622,#1624,.F.);
#1622=VERTEX_POINT('NONE',#1623);
#1623=CARTESIAN_POINT('',(-2.31,-4.1,6.2));
#1624=LINE('',#1625,#1626);
#1625=CARTESIAN_POINT('',(-2.31,-4.1,6.2));
#1626=VECTOR('',#1627,1.0);
#1627=DIRECTION('',(1.0,0.0,0.0));
#1628=ORIENTED_EDGE('',*,*,#1629,.T.);
#1629=EDGE_CURVE('NONE',#1622,#1604,#1630,.F.);
#1630=LINE('',#1631,#1632);
#1631=CARTESIAN_POINT('',(-2.31,0.2,6.2));
#1632=VECTOR('',#1633,1.0);
#1633=DIRECTION('',(2.017120321E-16,-1.0,0.0));
#1634=FACE_BOUND('NONE',#1635,.T.);
#1635=EDGE_LOOP('',(#1636,#1646,#1654,#1662));
#1636=ORIENTED_EDGE('',*,*,#1637,.T.);
#1637=EDGE_CURVE('NONE',#1638,#1640,#1642,.F.);
#1638=VERTEX_POINT('NONE',#1639);
#1639=CARTESIAN_POINT('',(0.23,0.2,6.2));
#1640=VERTEX_POINT('NONE',#1641);
#1641=CARTESIAN_POINT('',(2.31,0.2,6.2));
#1642=LINE('',#1643,#1644);
#1643=CARTESIAN_POINT('',(0.23,0.2,6.2));
#1644=VECTOR('',#1645,1.0);
#1645=DIRECTION('',(-1.0,-1.824378656E-16,0.0));
#1646=ORIENTED_EDGE('',*,*,#1647,.T.);
#1647=EDGE_CURVE('NONE',#1640,#1648,#1650,.F.);
#1648=VERTEX_POINT('NONE',#1649);
#1649=CARTESIAN_POINT('',(2.31,-4.1,6.2));
#1650=LINE('',#1651,#1652);
#1651=CARTESIAN_POINT('',(2.31,0.2,6.2));
#1652=VECTOR('',#1653,1.0);
#1653=DIRECTION('',(-2.017120321E-16,1.0,0.0));
#1654=ORIENTED_EDGE('',*,*,#1655,.T.);
#1655=EDGE_CURVE('NONE',#1648,#1656,#1658,.F.);
#1656=VERTEX_POINT('NONE',#1657);
#1657=CARTESIAN_POINT('',(0.23,-4.1,6.2));
#1658=LINE('',#1659,#1660);
#1659=CARTESIAN_POINT('',(0.23,-4.1,6.2));
#1660=VECTOR('',#1661,1.0);
#1661=DIRECTION('',(1.0,0.0,0.0));
#1662=ORIENTED_EDGE('',*,*,#1663,.T.);
#1663=EDGE_CURVE('NONE',#1656,#1638,#1664,.F.);
#1664=LINE('',#1665,#1666);
#1665=CARTESIAN_POINT('',(0.23,0.2,6.2));
#1666=VECTOR('',#1667,1.0);
#1667=DIRECTION('',(2.017120321E-16,-1.0,0.0));
#1668=FACE_BOUND('NONE',#1669,.T.);
#1669=EDGE_LOOP('',(#1670,#1680,#1688,#1696));
#1670=ORIENTED_EDGE('',*,*,#1671,.T.);
#1671=EDGE_CURVE('NONE',#1672,#1674,#1676,.F.);
#1672=VERTEX_POINT('NONE',#1673);
#1673=CARTESIAN_POINT('',(2.77,0.2,6.2));
#1674=VERTEX_POINT('NONE',#1675);
#1675=CARTESIAN_POINT('',(4.85,0.2,6.2));
#1676=LINE('',#1677,#1678);
#1677=CARTESIAN_POINT('',(2.77,0.2,6.2));
#1678=VECTOR('',#1679,1.0);
#1679=DIRECTION('',(-1.0,-1.824378656E-16,0.0));
#1680=ORIENTED_EDGE('',*,*,#1681,.T.);
#1681=EDGE_CURVE('NONE',#1674,#1682,#1684,.F.);
#1682=VERTEX_POINT('NONE',#1683);
#1683=CARTESIAN_POINT('',(4.85,-4.1,6.2));
#1684=LINE('',#1685,#1686);
#1685=CARTESIAN_POINT('',(4.85,0.2,6.2));
#1686=VECTOR('',#1687,1.0);
#1687=DIRECTION('',(-2.017120321E-16,1.0,0.0));
#1688=ORIENTED_EDGE('',*,*,#1689,.T.);
#1689=EDGE_CURVE('NONE',#1682,#1690,#1692,.F.);
#1690=VERTEX_POINT('NONE',#1691);
#1691=CARTESIAN_POINT('',(2.77,-4.1,6.2));
#1692=LINE('',#1693,#1694);
#1693=CARTESIAN_POINT('',(2.77,-4.1,6.2));
#1694=VECTOR('',#1695,1.0);
#1695=DIRECTION('',(1.0,0.0,0.0));
#1696=ORIENTED_EDGE('',*,*,#1697,.T.);
#1697=EDGE_CURVE('NONE',#1690,#1672,#1698,.F.);
#1698=LINE('',#1699,#1700);
#1699=CARTESIAN_POINT('',(2.77,0.2,6.2));
#1700=VECTOR('',#1701,1.0);
#1701=DIRECTION('',(2.017120321E-16,-1.0,0.0));
#1702=FACE_BOUND('NONE',#1703,.T.);
#1703=EDGE_LOOP('',(#1704,#1714,#1722,#1730));
#1704=ORIENTED_EDGE('',*,*,#1705,.T.);
#1705=EDGE_CURVE('NONE',#1706,#1708,#1710,.F.);
#1706=VERTEX_POINT('NONE',#1707);
#1707=CARTESIAN_POINT('',(5.31,0.2,6.2));
#1708=VERTEX_POINT('NONE',#1709);
#1709=CARTESIAN_POINT('',(7.39,0.2,6.2));
#1710=LINE('',#1711,#1712);
#1711=CARTESIAN_POINT('',(5.31,0.2,6.2));
#1712=VECTOR('',#1713,1.0);
#1713=DIRECTION('',(-1.0,-1.824378656E-16,0.0));
#1714=ORIENTED_EDGE('',*,*,#1715,.T.);
#1715=EDGE_CURVE('NONE',#1708,#1716,#1718,.F.);
#1716=VERTEX_POINT('NONE',#1717);
#1717=CARTESIAN_POINT('',(7.39,-4.1,6.2));
#1718=LINE('',#1719,#1720);
#1719=CARTESIAN_POINT('',(7.39,0.2,6.2));
#1720=VECTOR('',#1721,1.0);
#1721=DIRECTION('',(-2.017120321E-16,1.0,0.0));
#1722=ORIENTED_EDGE('',*,*,#1723,.T.);
#1723=EDGE_CURVE('NONE',#1716,#1724,#1726,.F.);
#1724=VERTEX_POINT('NONE',#1725);
#1725=CARTESIAN_POINT('',(5.31,-4.1,6.2));
#1726=LINE('',#1727,#1728);
#1727=CARTESIAN_POINT('',(5.31,-4.1,6.2));
#1728=VECTOR('',#1729,1.0);
#1729=DIRECTION('',(1.0,0.0,0.0));
#1730=ORIENTED_EDGE('',*,*,#1731,.T.);
#1731=EDGE_CURVE('NONE',#1724,#1706,#1732,.F.);
#1732=LINE('',#1733,#1734);
#1733=CARTESIAN_POINT('',(5.31,0.2,6.2));
#1734=VECTOR('',#1735,1.0);
#1735=DIRECTION('',(2.017120321E-16,-1.0,0.0));
#1736=PLANE('',#1737);
#1737=AXIS2_PLACEMENT_3D('',#1738,#1739,#1740);
#1738=CARTESIAN_POINT('',(0.0,0.0,6.2));
#1739=DIRECTION('',(0.0,0.0,1.0));
#1740=DIRECTION('',(1.0,0.0,0.0));
#1741=ADVANCED_FACE('NONE',(#1742),#1818,.F.);
#1742=FACE_BOUND('NONE',#1743,.T.);
#1743=EDGE_LOOP('',(#1744,#1755,#1763,#1772,#1780,#1788,#1794,#1795,#1804,#1812));
#1744=ORIENTED_EDGE('',*,*,#1745,.T.);
#1745=EDGE_CURVE('NONE',#1746,#1748,#1750,.F.);
#1746=VERTEX_POINT('NONE',#1747);
#1747=CARTESIAN_POINT('',(-7.85,4.04,4.580269664));
#1748=VERTEX_POINT('NONE',#1749);
#1749=CARTESIAN_POINT('',(-7.85,4.25,4.301522467));
#1750=CIRCLE('',#1751,0.29);
#1751=AXIS2_PLACEMENT_3D('',#1752,#1753,#1754);
#1752=CARTESIAN_POINT('',(-7.85,3.96,4.301522467));
#1753=DIRECTION('',(1.0,0.0,0.0));
#1754=DIRECTION('',(0.0,0.0,-1.0));
#1755=ORIENTED_EDGE('',*,*,#1756,.T.);
#1756=EDGE_CURVE('NONE',#1748,#1757,#1759,.T.);
#1757=VERTEX_POINT('NONE',#1758);
#1758=CARTESIAN_POINT('',(-7.85,4.25,1.891191615));
#1759=LINE('',#1760,#1761);
#1760=CARTESIAN_POINT('',(-7.85,4.25,6.2));
#1761=VECTOR('',#1762,1.0);
#1762=DIRECTION('',(0.0,0.0,-1.0));
#1763=ORIENTED_EDGE('',*,*,#1764,.T.);
#1764=EDGE_CURVE('NONE',#1757,#1765,#1767,.F.);
#1765=VERTEX_POINT('NONE',#1766);
#1766=CARTESIAN_POINT('',(-7.85,4.05,1.629091645));
#1767=CIRCLE('',#1768,0.29);
#1768=AXIS2_PLACEMENT_3D('',#1769,#1770,#1771);
#1769=CARTESIAN_POINT('',(-7.85,3.960323136,1.904877903));
#1770=DIRECTION('',(1.0,0.0,0.0));
#1771=DIRECTION('',(0.0,0.0,-1.0));
#1772=ORIENTED_EDGE('',*,*,#1773,.T.);
#1773=EDGE_CURVE('NONE',#1765,#1774,#1776,.F.);
#1774=VERTEX_POINT('NONE',#1775);
#1775=CARTESIAN_POINT('',(-7.85,-0.96,0.0));
#1776=LINE('',#1777,#1778);
#1777=CARTESIAN_POINT('',(-7.85,-2.112138024,-0.374638409));
#1778=VECTOR('',#1779,1.0);
#1779=DIRECTION('',(0.0,0.950987096,0.309230565));
#1780=ORIENTED_EDGE('',*,*,#1781,.T.);
#1781=EDGE_CURVE('NONE',#1774,#1782,#1784,.T.);
#1782=VERTEX_POINT('NONE',#1783);
#1783=CARTESIAN_POINT('',(-7.85,-4.25,0.0));
#1784=LINE('',#1785,#1786);
#1785=CARTESIAN_POINT('',(-7.85,-4.25,0.0));
#1786=VECTOR('',#1787,1.0);
#1787=DIRECTION('',(0.0,-1.0,0.0));
#1788=ORIENTED_EDGE('',*,*,#1789,.T.);
#1789=EDGE_CURVE('NONE',#1782,#1520,#1790,.F.);
#1790=LINE('',#1791,#1792);
#1791=CARTESIAN_POINT('',(-7.85,-4.25,6.2));
#1792=VECTOR('',#1793,1.0);
#1793=DIRECTION('',(0.0,0.0,-1.0));
#1794=ORIENTED_EDGE('',*,*,#1519,.F.);
#1795=ORIENTED_EDGE('',*,*,#1796,.T.);
#1796=EDGE_CURVE('NONE',#1512,#1797,#1799,.F.);
#1797=VERTEX_POINT('NONE',#1798);
#1798=CARTESIAN_POINT('',(-7.85,0.96,5.91));
#1799=CIRCLE('',#1800,0.29);
#1800=AXIS2_PLACEMENT_3D('',#1801,#1802,#1803);
#1801=CARTESIAN_POINT('',(-7.85,0.67,5.91));
#1802=DIRECTION('',(1.0,0.0,0.0));
#1803=DIRECTION('',(0.0,0.0,-1.0));
#1804=ORIENTED_EDGE('',*,*,#1805,.T.);
#1805=EDGE_CURVE('NONE',#1797,#1806,#1808,.F.);
#1806=VERTEX_POINT('NONE',#1807);
#1807=CARTESIAN_POINT('',(-7.85,0.96,5.46422474));
#1808=LINE('',#1809,#1810);
#1809=CARTESIAN_POINT('',(-7.85,0.96,6.2));
#1810=VECTOR('',#1811,1.0);
#1811=DIRECTION('',(0.0,9.728688608E-16,1.0));
#1812=ORIENTED_EDGE('',*,*,#1813,.T.);
#1813=EDGE_CURVE('NONE',#1806,#1746,#1814,.F.);
#1814=LINE('',#1815,#1816);
#1815=CARTESIAN_POINT('',(-7.85,-4.048616211,6.901689586));
#1816=VECTOR('',#1817,1.0);
#1817=DIRECTION('',(0.0,-0.961197232,0.275862069));
#1818=PLANE('',#1819);
#1819=AXIS2_PLACEMENT_3D('',#1820,#1821,#1822);
#1820=CARTESIAN_POINT('',(-7.85,-4.25,6.2));
#1821=DIRECTION('',(1.0,0.0,0.0));
#1822=DIRECTION('',(0.0,0.0,-1.0));
#1823=ADVANCED_FACE('NONE',(#1824),#1900,.F.);
#1824=FACE_BOUND('NONE',#1825,.T.);
#1825=EDGE_LOOP('',(#1826,#1837,#1845,#1853,#1860,#1861,#1869,#1877,#1885,#1894));
#1826=ORIENTED_EDGE('',*,*,#1827,.T.);
#1827=EDGE_CURVE('NONE',#1828,#1830,#1832,.F.);
#1828=VERTEX_POINT('NONE',#1829);
#1829=CARTESIAN_POINT('',(7.85,4.25,4.301522467));
#1830=VERTEX_POINT('NONE',#1831);
#1831=CARTESIAN_POINT('',(7.85,4.04,4.580269664));
#1832=CIRCLE('',#1833,0.29);
#1833=AXIS2_PLACEMENT_3D('',#1834,#1835,#1836);
#1834=CARTESIAN_POINT('',(7.85,3.96,4.301522467));
#1835=DIRECTION('',(-1.0,0.0,0.0));
#1836=DIRECTION('',(0.0,0.0,1.0));
#1837=ORIENTED_EDGE('',*,*,#1838,.T.);
#1838=EDGE_CURVE('NONE',#1830,#1839,#1841,.F.);
#1839=VERTEX_POINT('NONE',#1840);
#1840=CARTESIAN_POINT('',(7.85,0.96,5.46422474));
#1841=LINE('',#1842,#1843);
#1842=CARTESIAN_POINT('',(7.85,-4.048616211,6.901689586));
#1843=VECTOR('',#1844,1.0);
#1844=DIRECTION('',(0.0,0.961197232,-0.275862069));
#1845=ORIENTED_EDGE('',*,*,#1846,.T.);
#1846=EDGE_CURVE('NONE',#1839,#1847,#1849,.F.);
#1847=VERTEX_POINT('NONE',#1848);
#1848=CARTESIAN_POINT('',(7.85,0.96,5.91));
#1849=LINE('',#1850,#1851);
#1850=CARTESIAN_POINT('',(7.85,0.96,6.2));
#1851=VECTOR('',#1852,1.0);
#1852=DIRECTION('',(0.0,-9.728688608E-16,-1.0));
#1853=ORIENTED_EDGE('',*,*,#1854,.T.);
#1854=EDGE_CURVE('NONE',#1847,#1504,#1855,.F.);
#1855=CIRCLE('',#1856,0.29);
#1856=AXIS2_PLACEMENT_3D('',#1857,#1858,#1859);
#1857=CARTESIAN_POINT('',(7.85,0.67,5.91));
#1858=DIRECTION('',(-1.0,0.0,0.0));
#1859=DIRECTION('',(0.0,0.0,1.0));
#1860=ORIENTED_EDGE('',*,*,#1501,.F.);
#1861=ORIENTED_EDGE('',*,*,#1862,.T.);
#1862=EDGE_CURVE('NONE',#1502,#1863,#1865,.T.);
#1863=VERTEX_POINT('NONE',#1864);
#1864=CARTESIAN_POINT('',(7.85,-4.25,0.0));
#1865=LINE('',#1866,#1867);
#1866=CARTESIAN_POINT('',(7.85,-4.25,6.2));
#1867=VECTOR('',#1868,1.0);
#1868=DIRECTION('',(0.0,0.0,-1.0));
#1869=ORIENTED_EDGE('',*,*,#1870,.T.);
#1870=EDGE_CURVE('NONE',#1863,#1871,#1873,.T.);
#1871=VERTEX_POINT('NONE',#1872);
#1872=CARTESIAN_POINT('',(7.85,-0.96,0.0));
#1873=LINE('',#1874,#1875);
#1874=CARTESIAN_POINT('',(7.85,-4.25,0.0));
#1875=VECTOR('',#1876,1.0);
#1876=DIRECTION('',(0.0,1.0,0.0));
#1877=ORIENTED_EDGE('',*,*,#1878,.T.);
#1878=EDGE_CURVE('NONE',#1871,#1879,#1881,.F.);
#1879=VERTEX_POINT('NONE',#1880);
#1880=CARTESIAN_POINT('',(7.85,4.05,1.629091645));
#1881=LINE('',#1882,#1883);
#1882=CARTESIAN_POINT('',(7.85,-2.112138024,-0.374638409));
#1883=VECTOR('',#1884,1.0);
#1884=DIRECTION('',(0.0,-0.950987096,-0.309230565));
#1885=ORIENTED_EDGE('',*,*,#1886,.T.);
#1886=EDGE_CURVE('NONE',#1879,#1887,#1889,.F.);
#1887=VERTEX_POINT('NONE',#1888);
#1888=CARTESIAN_POINT('',(7.85,4.25,1.891191615));
#1889=CIRCLE('',#1890,0.29);
#1890=AXIS2_PLACEMENT_3D('',#1891,#1892,#1893);
#1891=CARTESIAN_POINT('',(7.85,3.960323136,1.904877903));
#1892=DIRECTION('',(-1.0,0.0,0.0));
#1893=DIRECTION('',(0.0,0.0,1.0));
#1894=ORIENTED_EDGE('',*,*,#1895,.T.);
#1895=EDGE_CURVE('NONE',#1887,#1828,#1896,.F.);
#1896=LINE('',#1897,#1898);
#1897=CARTESIAN_POINT('',(7.85,4.25,6.2));
#1898=VECTOR('',#1899,1.0);
#1899=DIRECTION('',(0.0,0.0,-1.0));
#1900=PLANE('',#1901);
#1901=AXIS2_PLACEMENT_3D('',#1902,#1903,#1904);
#1902=CARTESIAN_POINT('',(7.85,-4.25,6.2));
#1903=DIRECTION('',(-1.0,0.0,0.0));
#1904=DIRECTION('',(0.0,0.0,1.0));
#1905=ADVANCED_FACE('NONE',(#1906,#1916,#1926,#1936,#1946,#1956,#1966),#1982,.F.);
#1906=FACE_BOUND('NONE',#1907,.T.);
#1907=EDGE_LOOP('',(#1908,#1909));
#1908=ORIENTED_EDGE('',*,*,#268,.F.);
#1909=ORIENTED_EDGE('',*,*,#1910,.T.);
#1910=EDGE_CURVE('NONE',#261,#269,#1911,.T.);
#1911=(BOUNDED_CURVE()B_SPLINE_CURVE(3,(#1912,#1913,#1914,#1915),.UNSPECIFIED.,.F.,.U.)B_SPLINE_CURVE_WITH_KNOTS((4,4),(-2.575717417E-13,3.141592654),.PIECEWISE_BEZIER_KNOTS.)CURVE()GEOMETRIC_REPRESENTATION_ITEM()RATIONAL_B_SPLINE_CURVE((1.0,0.333333333,0.333333333,1.0))REPRESENTATION_ITEM(''));
#1912=CARTESIAN_POINT('',(-6.35,4.25,2.071356665));
#1913=CARTESIAN_POINT('',(-4.299999812,4.25,2.071356665));
#1914=CARTESIAN_POINT('',(-4.299999812,4.25,4.121357041));
#1915=CARTESIAN_POINT('',(-6.35,4.25,4.121357041));
#1916=FACE_BOUND('NONE',#1917,.T.);
#1917=EDGE_LOOP('',(#1918,#1919));
#1918=ORIENTED_EDGE('',*,*,#462,.F.);
#1919=ORIENTED_EDGE('',*,*,#1920,.T.);
#1920=EDGE_CURVE('NONE',#455,#463,#1921,.T.);
#1921=(BOUNDED_CURVE()B_SPLINE_CURVE(3,(#1922,#1923,#1924,#1925),.UNSPECIFIED.,.F.,.U.)B_SPLINE_CURVE_WITH_KNOTS((4,4),(-2.575717417E-13,3.141592654),.PIECEWISE_BEZIER_KNOTS.)CURVE()GEOMETRIC_REPRESENTATION_ITEM()RATIONAL_B_SPLINE_CURVE((1.0,0.333333333,0.333333333,1.0))REPRESENTATION_ITEM(''));
#1922=CARTESIAN_POINT('',(-3.81,4.25,2.071356665));
#1923=CARTESIAN_POINT('',(-1.759999812,4.25,2.071356665));
#1924=CARTESIAN_POINT('',(-1.759999812,4.25,4.121357041));
#1925=CARTESIAN_POINT('',(-3.81,4.25,4.121357041));
#1926=FACE_BOUND('NONE',#1927,.T.);
#1927=EDGE_LOOP('',(#1928,#1929));
#1928=ORIENTED_EDGE('',*,*,#656,.F.);
#1929=ORIENTED_EDGE('',*,*,#1930,.T.);
#1930=EDGE_CURVE('NONE',#649,#657,#1931,.T.);
#1931=(BOUNDED_CURVE()B_SPLINE_CURVE(3,(#1932,#1933,#1934,#1935),.UNSPECIFIED.,.F.,.U.)B_SPLINE_CURVE_WITH_KNOTS((4,4),(-2.575717417E-13,3.141592654),.PIECEWISE_BEZIER_KNOTS.)CURVE()GEOMETRIC_REPRESENTATION_ITEM()RATIONAL_B_SPLINE_CURVE((1.0,0.333333333,0.333333333,1.0))REPRESENTATION_ITEM(''));
#1932=CARTESIAN_POINT('',(-1.27,4.25,2.071356665));
#1933=CARTESIAN_POINT('',(0.780000188,4.25,2.071356665));
#1934=CARTESIAN_POINT('',(0.780000188,4.25,4.121357041));
#1935=CARTESIAN_POINT('',(-1.27,4.25,4.121357041));
#1936=FACE_BOUND('NONE',#1937,.T.);
#1937=EDGE_LOOP('',(#1938,#1939));
#1938=ORIENTED_EDGE('',*,*,#850,.F.);
#1939=ORIENTED_EDGE('',*,*,#1940,.T.);
#1940=EDGE_CURVE('NONE',#843,#851,#1941,.T.);
#1941=(BOUNDED_CURVE()B_SPLINE_CURVE(3,(#1942,#1943,#1944,#1945),.UNSPECIFIED.,.F.,.U.)B_SPLINE_CURVE_WITH_KNOTS((4,4),(-2.575717417E-13,3.141592654),.PIECEWISE_BEZIER_KNOTS.)CURVE()GEOMETRIC_REPRESENTATION_ITEM()RATIONAL_B_SPLINE_CURVE((1.0,0.333333333,0.333333333,1.0))REPRESENTATION_ITEM(''));
#1942=CARTESIAN_POINT('',(1.27,4.25,2.071356665));
#1943=CARTESIAN_POINT('',(3.320000188,4.25,2.071356665));
#1944=CARTESIAN_POINT('',(3.320000188,4.25,4.121357041));
#1945=CARTESIAN_POINT('',(1.27,4.25,4.121357041));
#1946=FACE_BOUND('NONE',#1947,.T.);
#1947=EDGE_LOOP('',(#1948,#1949));
#1948=ORIENTED_EDGE('',*,*,#1044,.F.);
#1949=ORIENTED_EDGE('',*,*,#1950,.T.);
#1950=EDGE_CURVE('NONE',#1037,#1045,#1951,.T.);
#1951=(BOUNDED_CURVE()B_SPLINE_CURVE(3,(#1952,#1953,#1954,#1955),.UNSPECIFIED.,.F.,.U.)B_SPLINE_CURVE_WITH_KNOTS((4,4),(-2.575717417E-13,3.141592654),.PIECEWISE_BEZIER_KNOTS.)CURVE()GEOMETRIC_REPRESENTATION_ITEM()RATIONAL_B_SPLINE_CURVE((1.0,0.333333333,0.333333333,1.0))REPRESENTATION_ITEM(''));
#1952=CARTESIAN_POINT('',(3.81,4.25,2.071356665));
#1953=CARTESIAN_POINT('',(5.860000188,4.25,2.071356665));
#1954=CARTESIAN_POINT('',(5.860000188,4.25,4.121357041));
#1955=CARTESIAN_POINT('',(3.81,4.25,4.121357041));
#1956=FACE_BOUND('NONE',#1957,.T.);
#1957=EDGE_LOOP('',(#1958,#1959));
#1958=ORIENTED_EDGE('',*,*,#1238,.F.);
#1959=ORIENTED_EDGE('',*,*,#1960,.T.);
#1960=EDGE_CURVE('NONE',#1231,#1239,#1961,.T.);
#1961=(BOUNDED_CURVE()B_SPLINE_CURVE(3,(#1962,#1963,#1964,#1965),.UNSPECIFIED.,.F.,.U.)B_SPLINE_CURVE_WITH_KNOTS((4,4),(-2.575717417E-13,3.141592654),.PIECEWISE_BEZIER_KNOTS.)CURVE()GEOMETRIC_REPRESENTATION_ITEM()RATIONAL_B_SPLINE_CURVE((1.0,0.333333333,0.333333333,1.0))REPRESENTATION_ITEM(''));
#1962=CARTESIAN_POINT('',(6.35,4.25,2.071356665));
#1963=CARTESIAN_POINT('',(8.400000188,4.25,2.071356665));
#1964=CARTESIAN_POINT('',(8.400000188,4.25,4.121357041));
#1965=CARTESIAN_POINT('',(6.35,4.25,4.121357041));
#1966=FACE_BOUND('NONE',#1967,.T.);
#1967=EDGE_LOOP('',(#1968,#1974,#1975,#1981));
#1968=ORIENTED_EDGE('',*,*,#1969,.T.);
#1969=EDGE_CURVE('NONE',#1748,#1828,#1970,.F.);
#1970=LINE('',#1971,#1972);
#1971=CARTESIAN_POINT('',(17.85,4.25,4.301522467));
#1972=VECTOR('',#1973,1.0);
#1973=DIRECTION('',(-1.0,0.0,0.0));
#1974=ORIENTED_EDGE('',*,*,#1895,.F.);
#1975=ORIENTED_EDGE('',*,*,#1976,.T.);
#1976=EDGE_CURVE('NONE',#1887,#1757,#1977,.T.);
#1977=LINE('',#1978,#1979);
#1978=CARTESIAN_POINT('',(17.85,4.25,1.891191615));
#1979=VECTOR('',#1980,1.0);
#1980=DIRECTION('',(-1.0,0.0,0.0));
#1981=ORIENTED_EDGE('',*,*,#1756,.F.);
#1982=PLANE('',#1983);
#1983=AXIS2_PLACEMENT_3D('',#1984,#1985,#1986);
#1984=CARTESIAN_POINT('',(7.85,4.25,6.2));
#1985=DIRECTION('',(1.104919411E-16,-1.0,0.0));
#1986=DIRECTION('',(1.0,1.104919411E-16,0.0));
#1987=ADVANCED_FACE('NONE',(#1988),#2196,.F.);
#1988=FACE_BOUND('NONE',#1989,.T.);
#1989=EDGE_LOOP('',(#1990,#2000,#2008,#2016,#2024,#2032,#2040,#2048,#2056,#2062,#2063,#2069,#2070,#2078,#2086,#2094,#2102,#2110,#2118,#2126,#2134,#2142,#2150,#2158,#2166,#2174,#2182,#2190));
#1990=ORIENTED_EDGE('',*,*,#1991,.T.);
#1991=EDGE_CURVE('NONE',#1992,#1994,#1996,.F.);
#1992=VERTEX_POINT('NONE',#1993);
#1993=CARTESIAN_POINT('',(2.31,-0.96,0.0));
#1994=VERTEX_POINT('NONE',#1995);
#1995=CARTESIAN_POINT('',(2.77,-0.96,0.0));
#1996=LINE('',#1997,#1998);
#1997=CARTESIAN_POINT('',(0.0,-0.96,0.0));
#1998=VECTOR('',#1999,1.0);
#1999=DIRECTION('',(-1.0,0.0,0.0));
#2000=ORIENTED_EDGE('',*,*,#2001,.T.);
#2001=EDGE_CURVE('NONE',#1994,#2002,#2004,.F.);
#2002=VERTEX_POINT('NONE',#2003);
#2003=CARTESIAN_POINT('',(2.77,-3.67,0.0));
#2004=LINE('',#2005,#2006);
#2005=CARTESIAN_POINT('',(2.77,0.75,0.0));
#2006=VECTOR('',#2007,1.0);
#2007=DIRECTION('',(0.0,1.0,0.0));
#2008=ORIENTED_EDGE('',*,*,#2009,.T.);
#2009=EDGE_CURVE('NONE',#2002,#2010,#2012,.F.);
#2010=VERTEX_POINT('NONE',#2011);
#2011=CARTESIAN_POINT('',(4.85,-3.67,0.0));
#2012=LINE('',#2013,#2014);
#2013=CARTESIAN_POINT('',(4.85,-3.67,0.0));
#2014=VECTOR('',#2015,1.0);
#2015=DIRECTION('',(-1.0,0.0,0.0));
#2016=ORIENTED_EDGE('',*,*,#2017,.T.);
#2017=EDGE_CURVE('NONE',#2010,#2018,#2020,.F.);
#2018=VERTEX_POINT('NONE',#2019);
#2019=CARTESIAN_POINT('',(4.85,-0.96,0.0));
#2020=LINE('',#2021,#2022);
#2021=CARTESIAN_POINT('',(4.85,0.75,0.0));
#2022=VECTOR('',#2023,1.0);
#2023=DIRECTION('',(-3.924713747E-16,-1.0,0.0));
#2024=ORIENTED_EDGE('',*,*,#2025,.T.);
#2025=EDGE_CURVE('NONE',#2018,#2026,#2028,.F.);
#2026=VERTEX_POINT('NONE',#2027);
#2027=CARTESIAN_POINT('',(5.31,-0.96,0.0));
#2028=LINE('',#2029,#2030);
#2029=CARTESIAN_POINT('',(0.0,-0.96,0.0));
#2030=VECTOR('',#2031,1.0);
#2031=DIRECTION('',(-1.0,0.0,0.0));
#2032=ORIENTED_EDGE('',*,*,#2033,.T.);
#2033=EDGE_CURVE('NONE',#2026,#2034,#2036,.F.);
#2034=VERTEX_POINT('NONE',#2035);
#2035=CARTESIAN_POINT('',(5.31,-3.67,0.0));
#2036=LINE('',#2037,#2038);
#2037=CARTESIAN_POINT('',(5.31,0.75,0.0));
#2038=VECTOR('',#2039,1.0);
#2039=DIRECTION('',(0.0,1.0,0.0));
#2040=ORIENTED_EDGE('',*,*,#2041,.T.);
#2041=EDGE_CURVE('NONE',#2034,#2042,#2044,.F.);
#2042=VERTEX_POINT('NONE',#2043);
#2043=CARTESIAN_POINT('',(7.39,-3.67,0.0));
#2044=LINE('',#2045,#2046);
#2045=CARTESIAN_POINT('',(7.39,-3.67,0.0));
#2046=VECTOR('',#2047,1.0);
#2047=DIRECTION('',(-1.0,0.0,0.0));
#2048=ORIENTED_EDGE('',*,*,#2049,.T.);
#2049=EDGE_CURVE('NONE',#2042,#2050,#2052,.F.);
#2050=VERTEX_POINT('NONE',#2051);
#2051=CARTESIAN_POINT('',(7.39,-0.96,0.0));
#2052=LINE('',#2053,#2054);
#2053=CARTESIAN_POINT('',(7.39,0.75,0.0));
#2054=VECTOR('',#2055,1.0);
#2055=DIRECTION('',(-3.924713747E-16,-1.0,0.0));
#2056=ORIENTED_EDGE('',*,*,#2057,.T.);
#2057=EDGE_CURVE('NONE',#2050,#1871,#2058,.F.);
#2058=LINE('',#2059,#2060);
#2059=CARTESIAN_POINT('',(0.0,-0.96,0.0));
#2060=VECTOR('',#2061,1.0);
#2061=DIRECTION('',(-1.0,0.0,0.0));
#2062=ORIENTED_EDGE('',*,*,#1870,.F.);
#2063=ORIENTED_EDGE('',*,*,#2064,.T.);
#2064=EDGE_CURVE('NONE',#1863,#1782,#2065,.F.);
#2065=LINE('',#2066,#2067);
#2066=CARTESIAN_POINT('',(7.85,-4.25,0.0));
#2067=VECTOR('',#2068,1.0);
#2068=DIRECTION('',(1.0,1.104919411E-16,0.0));
#2069=ORIENTED_EDGE('',*,*,#1781,.F.);
#2070=ORIENTED_EDGE('',*,*,#2071,.T.);
#2071=EDGE_CURVE('NONE',#1774,#2072,#2074,.F.);
#2072=VERTEX_POINT('NONE',#2073);
#2073=CARTESIAN_POINT('',(-7.39,-0.96,0.0));
#2074=LINE('',#2075,#2076);
#2075=CARTESIAN_POINT('',(0.0,-0.96,0.0));
#2076=VECTOR('',#2077,1.0);
#2077=DIRECTION('',(-1.0,0.0,0.0));
#2078=ORIENTED_EDGE('',*,*,#2079,.T.);
#2079=EDGE_CURVE('NONE',#2072,#2080,#2082,.F.);
#2080=VERTEX_POINT('NONE',#2081);
#2081=CARTESIAN_POINT('',(-7.39,-3.67,0.0));
#2082=LINE('',#2083,#2084);
#2083=CARTESIAN_POINT('',(-7.39,0.75,0.0));
#2084=VECTOR('',#2085,1.0);
#2085=DIRECTION('',(0.0,1.0,0.0));
#2086=ORIENTED_EDGE('',*,*,#2087,.T.);
#2087=EDGE_CURVE('NONE',#2080,#2088,#2090,.F.);
#2088=VERTEX_POINT('NONE',#2089);
#2089=CARTESIAN_POINT('',(-5.31,-3.67,0.0));
#2090=LINE('',#2091,#2092);
#2091=CARTESIAN_POINT('',(-5.31,-3.67,0.0));
#2092=VECTOR('',#2093,1.0);
#2093=DIRECTION('',(-1.0,0.0,0.0));
#2094=ORIENTED_EDGE('',*,*,#2095,.T.);
#2095=EDGE_CURVE('NONE',#2088,#2096,#2098,.F.);
#2096=VERTEX_POINT('NONE',#2097);
#2097=CARTESIAN_POINT('',(-5.31,-0.96,0.0));
#2098=LINE('',#2099,#2100);
#2099=CARTESIAN_POINT('',(-5.31,0.75,0.0));
#2100=VECTOR('',#2101,1.0);
#2101=DIRECTION('',(-3.924713747E-16,-1.0,0.0));
#2102=ORIENTED_EDGE('',*,*,#2103,.T.);
#2103=EDGE_CURVE('NONE',#2096,#2104,#2106,.F.);
#2104=VERTEX_POINT('NONE',#2105);
#2105=CARTESIAN_POINT('',(-4.85,-0.96,0.0));
#2106=LINE('',#2107,#2108);
#2107=CARTESIAN_POINT('',(0.0,-0.96,0.0));
#2108=VECTOR('',#2109,1.0);
#2109=DIRECTION('',(-1.0,0.0,0.0));
#2110=ORIENTED_EDGE('',*,*,#2111,.T.);
#2111=EDGE_CURVE('NONE',#2104,#2112,#2114,.F.);
#2112=VERTEX_POINT('NONE',#2113);
#2113=CARTESIAN_POINT('',(-4.85,-3.67,0.0));
#2114=LINE('',#2115,#2116);
#2115=CARTESIAN_POINT('',(-4.85,0.75,0.0));
#2116=VECTOR('',#2117,1.0);
#2117=DIRECTION('',(0.0,1.0,0.0));
#2118=ORIENTED_EDGE('',*,*,#2119,.T.);
#2119=EDGE_CURVE('NONE',#2112,#2120,#2122,.F.);
#2120=VERTEX_POINT('NONE',#2121);
#2121=CARTESIAN_POINT('',(-2.77,-3.67,0.0));
#2122=LINE('',#2123,#2124);
#2123=CARTESIAN_POINT('',(-2.77,-3.67,0.0));
#2124=VECTOR('',#2125,1.0);
#2125=DIRECTION('',(-1.0,0.0,0.0));
#2126=ORIENTED_EDGE('',*,*,#2127,.T.);
#2127=EDGE_CURVE('NONE',#2120,#2128,#2130,.F.);
#2128=VERTEX_POINT('NONE',#2129);
#2129=CARTESIAN_POINT('',(-2.77,-0.96,0.0));
#2130=LINE('',#2131,#2132);
#2131=CARTESIAN_POINT('',(-2.77,0.75,0.0));
#2132=VECTOR('',#2133,1.0);
#2133=DIRECTION('',(-3.924713747E-16,-1.0,0.0));
#2134=ORIENTED_EDGE('',*,*,#2135,.T.);
#2135=EDGE_CURVE('NONE',#2128,#2136,#2138,.F.);
#2136=VERTEX_POINT('NONE',#2137);
#2137=CARTESIAN_POINT('',(-2.31,-0.96,0.0));
#2138=LINE('',#2139,#2140);
#2139=CARTESIAN_POINT('',(0.0,-0.96,0.0));
#2140=VECTOR('',#2141,1.0);
#2141=DIRECTION('',(-1.0,0.0,0.0));
#2142=ORIENTED_EDGE('',*,*,#2143,.T.);
#2143=EDGE_CURVE('NONE',#2136,#2144,#2146,.F.);
#2144=VERTEX_POINT('NONE',#2145);
#2145=CARTESIAN_POINT('',(-2.31,-3.67,0.0));
#2146=LINE('',#2147,#2148);
#2147=CARTESIAN_POINT('',(-2.31,0.75,0.0));
#2148=VECTOR('',#2149,1.0);
#2149=DIRECTION('',(0.0,1.0,0.0));
#2150=ORIENTED_EDGE('',*,*,#2151,.T.);
#2151=EDGE_CURVE('NONE',#2144,#2152,#2154,.F.);
#2152=VERTEX_POINT('NONE',#2153);
#2153=CARTESIAN_POINT('',(-0.23,-3.67,0.0));
#2154=LINE('',#2155,#2156);
#2155=CARTESIAN_POINT('',(-0.23,-3.67,0.0));
#2156=VECTOR('',#2157,1.0);
#2157=DIRECTION('',(-1.0,0.0,0.0));
#2158=ORIENTED_EDGE('',*,*,#2159,.T.);
#2159=EDGE_CURVE('NONE',#2152,#2160,#2162,.F.);
#2160=VERTEX_POINT('NONE',#2161);
#2161=CARTESIAN_POINT('',(-0.23,-0.96,0.0));
#2162=LINE('',#2163,#2164);
#2163=CARTESIAN_POINT('',(-0.23,0.75,0.0));
#2164=VECTOR('',#2165,1.0);
#2165=DIRECTION('',(-3.924713747E-16,-1.0,0.0));
#2166=ORIENTED_EDGE('',*,*,#2167,.T.);
#2167=EDGE_CURVE('NONE',#2160,#2168,#2170,.F.);
#2168=VERTEX_POINT('NONE',#2169);
#2169=CARTESIAN_POINT('',(0.23,-0.96,0.0));
#2170=LINE('',#2171,#2172);
#2171=CARTESIAN_POINT('',(0.0,-0.96,0.0));
#2172=VECTOR('',#2173,1.0);
#2173=DIRECTION('',(-1.0,0.0,0.0));
#2174=ORIENTED_EDGE('',*,*,#2175,.T.);
#2175=EDGE_CURVE('NONE',#2168,#2176,#2178,.F.);
#2176=VERTEX_POINT('NONE',#2177);
#2177=CARTESIAN_POINT('',(0.23,-3.67,0.0));
#2178=LINE('',#2179,#2180);
#2179=CARTESIAN_POINT('',(0.23,0.75,0.0));
#2180=VECTOR('',#2181,1.0);
#2181=DIRECTION('',(0.0,1.0,0.0));
#2182=ORIENTED_EDGE('',*,*,#2183,.T.);
#2183=EDGE_CURVE('NONE',#2176,#2184,#2186,.F.);
#2184=VERTEX_POINT('NONE',#2185);
#2185=CARTESIAN_POINT('',(2.31,-3.67,0.0));
#2186=LINE('',#2187,#2188);
#2187=CARTESIAN_POINT('',(2.31,-3.67,0.0));
#2188=VECTOR('',#2189,1.0);
#2189=DIRECTION('',(-1.0,0.0,0.0));
#2190=ORIENTED_EDGE('',*,*,#2191,.T.);
#2191=EDGE_CURVE('NONE',#2184,#1992,#2192,.F.);
#2192=LINE('',#2193,#2194);
#2193=CARTESIAN_POINT('',(2.31,0.75,0.0));
#2194=VECTOR('',#2195,1.0);
#2195=DIRECTION('',(-3.924713747E-16,-1.0,0.0));
#2196=PLANE('',#2197);
#2197=AXIS2_PLACEMENT_3D('',#2198,#2199,#2200);
#2198=CARTESIAN_POINT('',(0.0,0.0,0.0));
#2199=DIRECTION('',(0.0,0.0,1.0));
#2200=DIRECTION('',(1.0,0.0,0.0));
#2201=ADVANCED_FACE('NONE',(#2202,#2300,#2398,#2496,#2594,#2692,#2790),#2796,.F.);
#2202=FACE_BOUND('NONE',#2203,.T.);
#2203=EDGE_LOOP('',(#2204,#2214,#2222,#2230,#2238,#2246,#2254,#2262,#2270,#2278,#2286,#2294));
#2204=ORIENTED_EDGE('',*,*,#2205,.T.);
#2205=EDGE_CURVE('NONE',#2206,#2208,#2210,.F.);
#2206=VERTEX_POINT('NONE',#2207);
#2207=CARTESIAN_POINT('',(2.77,-4.25,5.4));
#2208=VERTEX_POINT('NONE',#2209);
#2209=CARTESIAN_POINT('',(4.85,-4.25,5.4));
#2210=LINE('',#2211,#2212);
#2211=CARTESIAN_POINT('',(4.85,-4.25,5.4));
#2212=VECTOR('',#2213,1.0);
#2213=DIRECTION('',(-1.0,0.0,0.0));
#2214=ORIENTED_EDGE('',*,*,#2215,.T.);
#2215=EDGE_CURVE('NONE',#2208,#2216,#2218,.F.);
#2216=VERTEX_POINT('NONE',#2217);
#2217=CARTESIAN_POINT('',(4.85,-4.25,3.444277073));
#2218=LINE('',#2219,#2220);
#2219=CARTESIAN_POINT('',(4.85,-4.25,5.4));
#2220=VECTOR('',#2221,1.0);
#2221=DIRECTION('',(0.0,0.0,1.0));
#2222=ORIENTED_EDGE('',*,*,#2223,.T.);
#2223=EDGE_CURVE('NONE',#2216,#2224,#2226,.F.);
#2224=VERTEX_POINT('NONE',#2225);
#2225=CARTESIAN_POINT('',(4.482225498,-4.25,3.444277073));
#2226=LINE('',#2227,#2228);
#2227=CARTESIAN_POINT('',(4.85,-4.25,3.444277073));
#2228=VECTOR('',#2229,1.0);
#2229=DIRECTION('',(1.0,0.0,0.0));
#2230=ORIENTED_EDGE('',*,*,#2231,.T.);
#2231=EDGE_CURVE('NONE',#2224,#2232,#2234,.F.);
#2232=VERTEX_POINT('NONE',#2233);
#2233=CARTESIAN_POINT('',(4.482225498,-4.25,2.855722927));
#2234=LINE('',#2235,#2236);
#2235=CARTESIAN_POINT('',(4.482225498,-4.25,3.444277073));
#2236=VECTOR('',#2237,1.0);
#2237=DIRECTION('',(0.0,0.0,1.0));
#2238=ORIENTED_EDGE('',*,*,#2239,.T.);
#2239=EDGE_CURVE('NONE',#2232,#2240,#2242,.F.);
#2240=VERTEX_POINT('NONE',#2241);
#2241=CARTESIAN_POINT('',(4.85,-4.25,2.855722927));
#2242=LINE('',#2243,#2244);
#2243=CARTESIAN_POINT('',(4.85,-4.25,2.855722927));
#2244=VECTOR('',#2245,1.0);
#2245=DIRECTION('',(-1.0,0.0,0.0));
#2246=ORIENTED_EDGE('',*,*,#2247,.T.);
#2247=EDGE_CURVE('NONE',#2240,#2248,#2250,.F.);
#2248=VERTEX_POINT('NONE',#2249);
#2249=CARTESIAN_POINT('',(4.85,-4.25,0.9));
#2250=LINE('',#2251,#2252);
#2251=CARTESIAN_POINT('',(4.85,-4.25,2.855722927));
#2252=VECTOR('',#2253,1.0);
#2253=DIRECTION('',(0.0,0.0,1.0));
#2254=ORIENTED_EDGE('',*,*,#2255,.T.);
#2255=EDGE_CURVE('NONE',#2248,#2256,#2258,.F.);
#2256=VERTEX_POINT('NONE',#2257);
#2257=CARTESIAN_POINT('',(2.77,-4.25,0.9));
#2258=LINE('',#2259,#2260);
#2259=CARTESIAN_POINT('',(4.85,-4.25,0.9));
#2260=VECTOR('',#2261,1.0);
#2261=DIRECTION('',(1.0,0.0,1.042502089E-16));
#2262=ORIENTED_EDGE('',*,*,#2263,.T.);
#2263=EDGE_CURVE('NONE',#2256,#2264,#2266,.F.);
#2264=VERTEX_POINT('NONE',#2265);
#2265=CARTESIAN_POINT('',(2.77,-4.25,2.855722927));
#2266=LINE('',#2267,#2268);
#2267=CARTESIAN_POINT('',(2.77,-4.25,2.855722927));
#2268=VECTOR('',#2269,1.0);
#2269=DIRECTION('',(-1.330497883E-15,0.0,-1.0));
#2270=ORIENTED_EDGE('',*,*,#2271,.T.);
#2271=EDGE_CURVE('NONE',#2264,#2272,#2274,.F.);
#2272=VERTEX_POINT('NONE',#2273);
#2273=CARTESIAN_POINT('',(3.137774502,-4.25,2.855722927));
#2274=LINE('',#2275,#2276);
#2275=CARTESIAN_POINT('',(2.77,-4.25,2.855722927));
#2276=VECTOR('',#2277,1.0);
#2277=DIRECTION('',(-1.0,0.0,0.0));
#2278=ORIENTED_EDGE('',*,*,#2279,.T.);
#2279=EDGE_CURVE('NONE',#2272,#2280,#2282,.F.);
#2280=VERTEX_POINT('NONE',#2281);
#2281=CARTESIAN_POINT('',(3.137774502,-4.25,3.444277073));
#2282=LINE('',#2283,#2284);
#2283=CARTESIAN_POINT('',(3.137774502,-4.25,3.444277073));
#2284=VECTOR('',#2285,1.0);
#2285=DIRECTION('',(2.947432257E-15,0.0,-1.0));
#2286=ORIENTED_EDGE('',*,*,#2287,.T.);
#2287=EDGE_CURVE('NONE',#2280,#2288,#2290,.F.);
#2288=VERTEX_POINT('NONE',#2289);
#2289=CARTESIAN_POINT('',(2.77,-4.25,3.444277073));
#2290=LINE('',#2291,#2292);
#2291=CARTESIAN_POINT('',(2.77,-4.25,3.444277073));
#2292=VECTOR('',#2293,1.0);
#2293=DIRECTION('',(1.0,0.0,0.0));
#2294=ORIENTED_EDGE('',*,*,#2295,.T.);
#2295=EDGE_CURVE('NONE',#2288,#2206,#2296,.F.);
#2296=LINE('',#2297,#2298);
#2297=CARTESIAN_POINT('',(2.77,-4.25,5.4));
#2298=VECTOR('',#2299,1.0);
#2299=DIRECTION('',(1.330497883E-15,0.0,-1.0));
#2300=FACE_BOUND('NONE',#2301,.T.);
#2301=EDGE_LOOP('',(#2302,#2312,#2320,#2328,#2336,#2344,#2352,#2360,#2368,#2376,#2384,#2392));
#2302=ORIENTED_EDGE('',*,*,#2303,.T.);
#2303=EDGE_CURVE('NONE',#2304,#2306,#2308,.F.);
#2304=VERTEX_POINT('NONE',#2305);
#2305=CARTESIAN_POINT('',(0.23,-4.25,5.4));
#2306=VERTEX_POINT('NONE',#2307);
#2307=CARTESIAN_POINT('',(2.31,-4.25,5.4));
#2308=LINE('',#2309,#2310);
#2309=CARTESIAN_POINT('',(2.31,-4.25,5.4));
#2310=VECTOR('',#2311,1.0);
#2311=DIRECTION('',(-1.0,0.0,0.0));
#2312=ORIENTED_EDGE('',*,*,#2313,.T.);
#2313=EDGE_CURVE('NONE',#2306,#2314,#2316,.F.);
#2314=VERTEX_POINT('NONE',#2315);
#2315=CARTESIAN_POINT('',(2.31,-4.25,3.444277073));
#2316=LINE('',#2317,#2318);
#2317=CARTESIAN_POINT('',(2.31,-4.25,5.4));
#2318=VECTOR('',#2319,1.0);
#2319=DIRECTION('',(0.0,0.0,1.0));
#2320=ORIENTED_EDGE('',*,*,#2321,.T.);
#2321=EDGE_CURVE('NONE',#2314,#2322,#2324,.F.);
#2322=VERTEX_POINT('NONE',#2323);
#2323=CARTESIAN_POINT('',(1.942225498,-4.25,3.444277073));
#2324=LINE('',#2325,#2326);
#2325=CARTESIAN_POINT('',(2.31,-4.25,3.444277073));
#2326=VECTOR('',#2327,1.0);
#2327=DIRECTION('',(1.0,0.0,0.0));
#2328=ORIENTED_EDGE('',*,*,#2329,.T.);
#2329=EDGE_CURVE('NONE',#2322,#2330,#2332,.F.);
#2330=VERTEX_POINT('NONE',#2331);
#2331=CARTESIAN_POINT('',(1.942225498,-4.25,2.855722927));
#2332=LINE('',#2333,#2334);
#2333=CARTESIAN_POINT('',(1.942225498,-4.25,3.444277073));
#2334=VECTOR('',#2335,1.0);
#2335=DIRECTION('',(0.0,0.0,1.0));
#2336=ORIENTED_EDGE('',*,*,#2337,.T.);
#2337=EDGE_CURVE('NONE',#2330,#2338,#2340,.F.);
#2338=VERTEX_POINT('NONE',#2339);
#2339=CARTESIAN_POINT('',(2.31,-4.25,2.855722927));
#2340=LINE('',#2341,#2342);
#2341=CARTESIAN_POINT('',(2.31,-4.25,2.855722927));
#2342=VECTOR('',#2343,1.0);
#2343=DIRECTION('',(-1.0,0.0,0.0));
#2344=ORIENTED_EDGE('',*,*,#2345,.T.);
#2345=EDGE_CURVE('NONE',#2338,#2346,#2348,.F.);
#2346=VERTEX_POINT('NONE',#2347);
#2347=CARTESIAN_POINT('',(2.31,-4.25,0.9));
#2348=LINE('',#2349,#2350);
#2349=CARTESIAN_POINT('',(2.31,-4.25,2.855722927));
#2350=VECTOR('',#2351,1.0);
#2351=DIRECTION('',(0.0,0.0,1.0));
#2352=ORIENTED_EDGE('',*,*,#2353,.T.);
#2353=EDGE_CURVE('NONE',#2346,#2354,#2356,.F.);
#2354=VERTEX_POINT('NONE',#2355);
#2355=CARTESIAN_POINT('',(0.23,-4.25,0.9));
#2356=LINE('',#2357,#2358);
#2357=CARTESIAN_POINT('',(2.31,-4.25,0.9));
#2358=VECTOR('',#2359,1.0);
#2359=DIRECTION('',(1.0,0.0,1.042502089E-16));
#2360=ORIENTED_EDGE('',*,*,#2361,.T.);
#2361=EDGE_CURVE('NONE',#2354,#2362,#2364,.F.);
#2362=VERTEX_POINT('NONE',#2363);
#2363=CARTESIAN_POINT('',(0.23,-4.25,2.855722927));
#2364=LINE('',#2365,#2366);
#2365=CARTESIAN_POINT('',(0.23,-4.25,2.855722927));
#2366=VECTOR('',#2367,1.0);
#2367=DIRECTION('',(-1.330497883E-15,0.0,-1.0));
#2368=ORIENTED_EDGE('',*,*,#2369,.T.);
#2369=EDGE_CURVE('NONE',#2362,#2370,#2372,.F.);
#2370=VERTEX_POINT('NONE',#2371);
#2371=CARTESIAN_POINT('',(0.597774502,-4.25,2.855722927));
#2372=LINE('',#2373,#2374);
#2373=CARTESIAN_POINT('',(0.23,-4.25,2.855722927));
#2374=VECTOR('',#2375,1.0);
#2375=DIRECTION('',(-1.0,0.0,0.0));
#2376=ORIENTED_EDGE('',*,*,#2377,.T.);
#2377=EDGE_CURVE('NONE',#2370,#2378,#2380,.F.);
#2378=VERTEX_POINT('NONE',#2379);
#2379=CARTESIAN_POINT('',(0.597774502,-4.25,3.444277073));
#2380=LINE('',#2381,#2382);
#2381=CARTESIAN_POINT('',(0.597774502,-4.25,3.444277073));
#2382=VECTOR('',#2383,1.0);
#2383=DIRECTION('',(2.947432257E-15,0.0,-1.0));
#2384=ORIENTED_EDGE('',*,*,#2385,.T.);
#2385=EDGE_CURVE('NONE',#2378,#2386,#2388,.F.);
#2386=VERTEX_POINT('NONE',#2387);
#2387=CARTESIAN_POINT('',(0.23,-4.25,3.444277073));
#2388=LINE('',#2389,#2390);
#2389=CARTESIAN_POINT('',(0.23,-4.25,3.444277073));
#2390=VECTOR('',#2391,1.0);
#2391=DIRECTION('',(1.0,0.0,0.0));
#2392=ORIENTED_EDGE('',*,*,#2393,.T.);
#2393=EDGE_CURVE('NONE',#2386,#2304,#2394,.F.);
#2394=LINE('',#2395,#2396);
#2395=CARTESIAN_POINT('',(0.23,-4.25,5.4));
#2396=VECTOR('',#2397,1.0);
#2397=DIRECTION('',(1.330497883E-15,0.0,-1.0));
#2398=FACE_BOUND('NONE',#2399,.T.);
#2399=EDGE_LOOP('',(#2400,#2410,#2418,#2426,#2434,#2442,#2450,#2458,#2466,#2474,#2482,#2490));
#2400=ORIENTED_EDGE('',*,*,#2401,.T.);
#2401=EDGE_CURVE('NONE',#2402,#2404,#2406,.F.);
#2402=VERTEX_POINT('NONE',#2403);
#2403=CARTESIAN_POINT('',(-2.31,-4.25,5.4));
#2404=VERTEX_POINT('NONE',#2405);
#2405=CARTESIAN_POINT('',(-0.23,-4.25,5.4));
#2406=LINE('',#2407,#2408);
#2407=CARTESIAN_POINT('',(-0.23,-4.25,5.4));
#2408=VECTOR('',#2409,1.0);
#2409=DIRECTION('',(-1.0,0.0,0.0));
#2410=ORIENTED_EDGE('',*,*,#2411,.T.);
#2411=EDGE_CURVE('NONE',#2404,#2412,#2414,.F.);
#2412=VERTEX_POINT('NONE',#2413);
#2413=CARTESIAN_POINT('',(-0.23,-4.25,3.444277073));
#2414=LINE('',#2415,#2416);
#2415=CARTESIAN_POINT('',(-0.23,-4.25,5.4));
#2416=VECTOR('',#2417,1.0);
#2417=DIRECTION('',(0.0,0.0,1.0));
#2418=ORIENTED_EDGE('',*,*,#2419,.T.);
#2419=EDGE_CURVE('NONE',#2412,#2420,#2422,.F.);
#2420=VERTEX_POINT('NONE',#2421);
#2421=CARTESIAN_POINT('',(-0.597774502,-4.25,3.444277073));
#2422=LINE('',#2423,#2424);
#2423=CARTESIAN_POINT('',(-0.23,-4.25,3.444277073));
#2424=VECTOR('',#2425,1.0);
#2425=DIRECTION('',(1.0,0.0,0.0));
#2426=ORIENTED_EDGE('',*,*,#2427,.T.);
#2427=EDGE_CURVE('NONE',#2420,#2428,#2430,.F.);
#2428=VERTEX_POINT('NONE',#2429);
#2429=CARTESIAN_POINT('',(-0.597774502,-4.25,2.855722927));
#2430=LINE('',#2431,#2432);
#2431=CARTESIAN_POINT('',(-0.597774502,-4.25,3.444277073));
#2432=VECTOR('',#2433,1.0);
#2433=DIRECTION('',(0.0,0.0,1.0));
#2434=ORIENTED_EDGE('',*,*,#2435,.T.);
#2435=EDGE_CURVE('NONE',#2428,#2436,#2438,.F.);
#2436=VERTEX_POINT('NONE',#2437);
#2437=CARTESIAN_POINT('',(-0.23,-4.25,2.855722927));
#2438=LINE('',#2439,#2440);
#2439=CARTESIAN_POINT('',(-0.23,-4.25,2.855722927));
#2440=VECTOR('',#2441,1.0);
#2441=DIRECTION('',(-1.0,0.0,0.0));
#2442=ORIENTED_EDGE('',*,*,#2443,.T.);
#2443=EDGE_CURVE('NONE',#2436,#2444,#2446,.F.);
#2444=VERTEX_POINT('NONE',#2445);
#2445=CARTESIAN_POINT('',(-0.23,-4.25,0.9));
#2446=LINE('',#2447,#2448);
#2447=CARTESIAN_POINT('',(-0.23,-4.25,2.855722927));
#2448=VECTOR('',#2449,1.0);
#2449=DIRECTION('',(0.0,0.0,1.0));
#2450=ORIENTED_EDGE('',*,*,#2451,.T.);
#2451=EDGE_CURVE('NONE',#2444,#2452,#2454,.F.);
#2452=VERTEX_POINT('NONE',#2453);
#2453=CARTESIAN_POINT('',(-2.31,-4.25,0.9));
#2454=LINE('',#2455,#2456);
#2455=CARTESIAN_POINT('',(-0.23,-4.25,0.9));
#2456=VECTOR('',#2457,1.0);
#2457=DIRECTION('',(1.0,0.0,1.042502089E-16));
#2458=ORIENTED_EDGE('',*,*,#2459,.T.);
#2459=EDGE_CURVE('NONE',#2452,#2460,#2462,.F.);
#2460=VERTEX_POINT('NONE',#2461);
#2461=CARTESIAN_POINT('',(-2.31,-4.25,2.855722927));
#2462=LINE('',#2463,#2464);
#2463=CARTESIAN_POINT('',(-2.31,-4.25,2.855722927));
#2464=VECTOR('',#2465,1.0);
#2465=DIRECTION('',(-1.330497883E-15,0.0,-1.0));
#2466=ORIENTED_EDGE('',*,*,#2467,.T.);
#2467=EDGE_CURVE('NONE',#2460,#2468,#2470,.F.);
#2468=VERTEX_POINT('NONE',#2469);
#2469=CARTESIAN_POINT('',(-1.942225498,-4.25,2.855722927));
#2470=LINE('',#2471,#2472);
#2471=CARTESIAN_POINT('',(-2.31,-4.25,2.855722927));
#2472=VECTOR('',#2473,1.0);
#2473=DIRECTION('',(-1.0,0.0,0.0));
#2474=ORIENTED_EDGE('',*,*,#2475,.T.);
#2475=EDGE_CURVE('NONE',#2468,#2476,#2478,.F.);
#2476=VERTEX_POINT('NONE',#2477);
#2477=CARTESIAN_POINT('',(-1.942225498,-4.25,3.444277073));
#2478=LINE('',#2479,#2480);
#2479=CARTESIAN_POINT('',(-1.942225498,-4.25,3.444277073));
#2480=VECTOR('',#2481,1.0);
#2481=DIRECTION('',(2.947432257E-15,0.0,-1.0));
#2482=ORIENTED_EDGE('',*,*,#2483,.T.);
#2483=EDGE_CURVE('NONE',#2476,#2484,#2486,.F.);
#2484=VERTEX_POINT('NONE',#2485);
#2485=CARTESIAN_POINT('',(-2.31,-4.25,3.444277073));
#2486=LINE('',#2487,#2488);
#2487=CARTESIAN_POINT('',(-2.31,-4.25,3.444277073));
#2488=VECTOR('',#2489,1.0);
#2489=DIRECTION('',(1.0,0.0,0.0));
#2490=ORIENTED_EDGE('',*,*,#2491,.T.);
#2491=EDGE_CURVE('NONE',#2484,#2402,#2492,.F.);
#2492=LINE('',#2493,#2494);
#2493=CARTESIAN_POINT('',(-2.31,-4.25,5.4));
#2494=VECTOR('',#2495,1.0);
#2495=DIRECTION('',(1.330497883E-15,0.0,-1.0));
#2496=FACE_BOUND('NONE',#2497,.T.);
#2497=EDGE_LOOP('',(#2498,#2508,#2516,#2524,#2532,#2540,#2548,#2556,#2564,#2572,#2580,#2588));
#2498=ORIENTED_EDGE('',*,*,#2499,.T.);
#2499=EDGE_CURVE('NONE',#2500,#2502,#2504,.F.);
#2500=VERTEX_POINT('NONE',#2501);
#2501=CARTESIAN_POINT('',(-4.85,-4.25,5.4));
#2502=VERTEX_POINT('NONE',#2503);
#2503=CARTESIAN_POINT('',(-2.77,-4.25,5.4));
#2504=LINE('',#2505,#2506);
#2505=CARTESIAN_POINT('',(-2.77,-4.25,5.4));
#2506=VECTOR('',#2507,1.0);
#2507=DIRECTION('',(-1.0,0.0,0.0));
#2508=ORIENTED_EDGE('',*,*,#2509,.T.);
#2509=EDGE_CURVE('NONE',#2502,#2510,#2512,.F.);
#2510=VERTEX_POINT('NONE',#2511);
#2511=CARTESIAN_POINT('',(-2.77,-4.25,3.444277073));
#2512=LINE('',#2513,#2514);
#2513=CARTESIAN_POINT('',(-2.77,-4.25,5.4));
#2514=VECTOR('',#2515,1.0);
#2515=DIRECTION('',(0.0,0.0,1.0));
#2516=ORIENTED_EDGE('',*,*,#2517,.T.);
#2517=EDGE_CURVE('NONE',#2510,#2518,#2520,.F.);
#2518=VERTEX_POINT('NONE',#2519);
#2519=CARTESIAN_POINT('',(-3.137774502,-4.25,3.444277073));
#2520=LINE('',#2521,#2522);
#2521=CARTESIAN_POINT('',(-2.77,-4.25,3.444277073));
#2522=VECTOR('',#2523,1.0);
#2523=DIRECTION('',(1.0,0.0,0.0));
#2524=ORIENTED_EDGE('',*,*,#2525,.T.);
#2525=EDGE_CURVE('NONE',#2518,#2526,#2528,.F.);
#2526=VERTEX_POINT('NONE',#2527);
#2527=CARTESIAN_POINT('',(-3.137774502,-4.25,2.855722927));
#2528=LINE('',#2529,#2530);
#2529=CARTESIAN_POINT('',(-3.137774502,-4.25,3.444277073));
#2530=VECTOR('',#2531,1.0);
#2531=DIRECTION('',(0.0,0.0,1.0));
#2532=ORIENTED_EDGE('',*,*,#2533,.T.);
#2533=EDGE_CURVE('NONE',#2526,#2534,#2536,.F.);
#2534=VERTEX_POINT('NONE',#2535);
#2535=CARTESIAN_POINT('',(-2.77,-4.25,2.855722927));
#2536=LINE('',#2537,#2538);
#2537=CARTESIAN_POINT('',(-2.77,-4.25,2.855722927));
#2538=VECTOR('',#2539,1.0);
#2539=DIRECTION('',(-1.0,0.0,0.0));
#2540=ORIENTED_EDGE('',*,*,#2541,.T.);
#2541=EDGE_CURVE('NONE',#2534,#2542,#2544,.F.);
#2542=VERTEX_POINT('NONE',#2543);
#2543=CARTESIAN_POINT('',(-2.77,-4.25,0.9));
#2544=LINE('',#2545,#2546);
#2545=CARTESIAN_POINT('',(-2.77,-4.25,2.855722927));
#2546=VECTOR('',#2547,1.0);
#2547=DIRECTION('',(0.0,0.0,1.0));
#2548=ORIENTED_EDGE('',*,*,#2549,.T.);
#2549=EDGE_CURVE('NONE',#2542,#2550,#2552,.F.);
#2550=VERTEX_POINT('NONE',#2551);
#2551=CARTESIAN_POINT('',(-4.85,-4.25,0.9));
#2552=LINE('',#2553,#2554);
#2553=CARTESIAN_POINT('',(-2.77,-4.25,0.9));
#2554=VECTOR('',#2555,1.0);
#2555=DIRECTION('',(1.0,0.0,1.042502089E-16));
#2556=ORIENTED_EDGE('',*,*,#2557,.T.);
#2557=EDGE_CURVE('NONE',#2550,#2558,#2560,.F.);
#2558=VERTEX_POINT('NONE',#2559);
#2559=CARTESIAN_POINT('',(-4.85,-4.25,2.855722927));
#2560=LINE('',#2561,#2562);
#2561=CARTESIAN_POINT('',(-4.85,-4.25,2.855722927));
#2562=VECTOR('',#2563,1.0);
#2563=DIRECTION('',(-1.330497883E-15,0.0,-1.0));
#2564=ORIENTED_EDGE('',*,*,#2565,.T.);
#2565=EDGE_CURVE('NONE',#2558,#2566,#2568,.F.);
#2566=VERTEX_POINT('NONE',#2567);
#2567=CARTESIAN_POINT('',(-4.482225498,-4.25,2.855722927));
#2568=LINE('',#2569,#2570);
#2569=CARTESIAN_POINT('',(-4.85,-4.25,2.855722927));
#2570=VECTOR('',#2571,1.0);
#2571=DIRECTION('',(-1.0,0.0,0.0));
#2572=ORIENTED_EDGE('',*,*,#2573,.T.);
#2573=EDGE_CURVE('NONE',#2566,#2574,#2576,.F.);
#2574=VERTEX_POINT('NONE',#2575);
#2575=CARTESIAN_POINT('',(-4.482225498,-4.25,3.444277073));
#2576=LINE('',#2577,#2578);
#2577=CARTESIAN_POINT('',(-4.482225498,-4.25,3.444277073));
#2578=VECTOR('',#2579,1.0);
#2579=DIRECTION('',(2.947432257E-15,0.0,-1.0));
#2580=ORIENTED_EDGE('',*,*,#2581,.T.);
#2581=EDGE_CURVE('NONE',#2574,#2582,#2584,.F.);
#2582=VERTEX_POINT('NONE',#2583);
#2583=CARTESIAN_POINT('',(-4.85,-4.25,3.444277073));
#2584=LINE('',#2585,#2586);
#2585=CARTESIAN_POINT('',(-4.85,-4.25,3.444277073));
#2586=VECTOR('',#2587,1.0);
#2587=DIRECTION('',(1.0,0.0,0.0));
#2588=ORIENTED_EDGE('',*,*,#2589,.T.);
#2589=EDGE_CURVE('NONE',#2582,#2500,#2590,.F.);
#2590=LINE('',#2591,#2592);
#2591=CARTESIAN_POINT('',(-4.85,-4.25,5.4));
#2592=VECTOR('',#2593,1.0);
#2593=DIRECTION('',(1.330497883E-15,0.0,-1.0));
#2594=FACE_BOUND('NONE',#2595,.T.);
#2595=EDGE_LOOP('',(#2596,#2606,#2614,#2622,#2630,#2638,#2646,#2654,#2662,#2670,#2678,#2686));
#2596=ORIENTED_EDGE('',*,*,#2597,.T.);
#2597=EDGE_CURVE('NONE',#2598,#2600,#2602,.F.);
#2598=VERTEX_POINT('NONE',#2599);
#2599=CARTESIAN_POINT('',(-7.39,-4.25,5.4));
#2600=VERTEX_POINT('NONE',#2601);
#2601=CARTESIAN_POINT('',(-5.31,-4.25,5.4));
#2602=LINE('',#2603,#2604);
#2603=CARTESIAN_POINT('',(-5.31,-4.25,5.4));
#2604=VECTOR('',#2605,1.0);
#2605=DIRECTION('',(-1.0,0.0,0.0));
#2606=ORIENTED_EDGE('',*,*,#2607,.T.);
#2607=EDGE_CURVE('NONE',#2600,#2608,#2610,.F.);
#2608=VERTEX_POINT('NONE',#2609);
#2609=CARTESIAN_POINT('',(-5.31,-4.25,3.444277073));
#2610=LINE('',#2611,#2612);
#2611=CARTESIAN_POINT('',(-5.31,-4.25,5.4));
#2612=VECTOR('',#2613,1.0);
#2613=DIRECTION('',(0.0,0.0,1.0));
#2614=ORIENTED_EDGE('',*,*,#2615,.T.);
#2615=EDGE_CURVE('NONE',#2608,#2616,#2618,.F.);
#2616=VERTEX_POINT('NONE',#2617);
#2617=CARTESIAN_POINT('',(-5.677774502,-4.25,3.444277073));
#2618=LINE('',#2619,#2620);
#2619=CARTESIAN_POINT('',(-5.31,-4.25,3.444277073));
#2620=VECTOR('',#2621,1.0);
#2621=DIRECTION('',(1.0,0.0,0.0));
#2622=ORIENTED_EDGE('',*,*,#2623,.T.);
#2623=EDGE_CURVE('NONE',#2616,#2624,#2626,.F.);
#2624=VERTEX_POINT('NONE',#2625);
#2625=CARTESIAN_POINT('',(-5.677774502,-4.25,2.855722927));
#2626=LINE('',#2627,#2628);
#2627=CARTESIAN_POINT('',(-5.677774502,-4.25,3.444277073));
#2628=VECTOR('',#2629,1.0);
#2629=DIRECTION('',(0.0,0.0,1.0));
#2630=ORIENTED_EDGE('',*,*,#2631,.T.);
#2631=EDGE_CURVE('NONE',#2624,#2632,#2634,.F.);
#2632=VERTEX_POINT('NONE',#2633);
#2633=CARTESIAN_POINT('',(-5.31,-4.25,2.855722927));
#2634=LINE('',#2635,#2636);
#2635=CARTESIAN_POINT('',(-5.31,-4.25,2.855722927));
#2636=VECTOR('',#2637,1.0);
#2637=DIRECTION('',(-1.0,0.0,0.0));
#2638=ORIENTED_EDGE('',*,*,#2639,.T.);
#2639=EDGE_CURVE('NONE',#2632,#2640,#2642,.F.);
#2640=VERTEX_POINT('NONE',#2641);
#2641=CARTESIAN_POINT('',(-5.31,-4.25,0.9));
#2642=LINE('',#2643,#2644);
#2643=CARTESIAN_POINT('',(-5.31,-4.25,2.855722927));
#2644=VECTOR('',#2645,1.0);
#2645=DIRECTION('',(0.0,0.0,1.0));
#2646=ORIENTED_EDGE('',*,*,#2647,.T.);
#2647=EDGE_CURVE('NONE',#2640,#2648,#2650,.F.);
#2648=VERTEX_POINT('NONE',#2649);
#2649=CARTESIAN_POINT('',(-7.39,-4.25,0.9));
#2650=LINE('',#2651,#2652);
#2651=CARTESIAN_POINT('',(-5.31,-4.25,0.9));
#2652=VECTOR('',#2653,1.0);
#2653=DIRECTION('',(1.0,0.0,1.042502089E-16));
#2654=ORIENTED_EDGE('',*,*,#2655,.T.);
#2655=EDGE_CURVE('NONE',#2648,#2656,#2658,.F.);
#2656=VERTEX_POINT('NONE',#2657);
#2657=CARTESIAN_POINT('',(-7.39,-4.25,2.855722927));
#2658=LINE('',#2659,#2660);
#2659=CARTESIAN_POINT('',(-7.39,-4.25,2.855722927));
#2660=VECTOR('',#2661,1.0);
#2661=DIRECTION('',(-1.330497883E-15,0.0,-1.0));
#2662=ORIENTED_EDGE('',*,*,#2663,.T.);
#2663=EDGE_CURVE('NONE',#2656,#2664,#2666,.F.);
#2664=VERTEX_POINT('NONE',#2665);
#2665=CARTESIAN_POINT('',(-7.022225498,-4.25,2.855722927));
#2666=LINE('',#2667,#2668);
#2667=CARTESIAN_POINT('',(-7.39,-4.25,2.855722927));
#2668=VECTOR('',#2669,1.0);
#2669=DIRECTION('',(-1.0,0.0,0.0));
#2670=ORIENTED_EDGE('',*,*,#2671,.T.);
#2671=EDGE_CURVE('NONE',#2664,#2672,#2674,.F.);
#2672=VERTEX_POINT('NONE',#2673);
#2673=CARTESIAN_POINT('',(-7.022225498,-4.25,3.444277073));
#2674=LINE('',#2675,#2676);
#2675=CARTESIAN_POINT('',(-7.022225498,-4.25,3.444277073));
#2676=VECTOR('',#2677,1.0);
#2677=DIRECTION('',(2.947432257E-15,0.0,-1.0));
#2678=ORIENTED_EDGE('',*,*,#2679,.T.);
#2679=EDGE_CURVE('NONE',#2672,#2680,#2682,.F.);
#2680=VERTEX_POINT('NONE',#2681);
#2681=CARTESIAN_POINT('',(-7.39,-4.25,3.444277073));
#2682=LINE('',#2683,#2684);
#2683=CARTESIAN_POINT('',(-7.39,-4.25,3.444277073));
#2684=VECTOR('',#2685,1.0);
#2685=DIRECTION('',(1.0,0.0,0.0));
#2686=ORIENTED_EDGE('',*,*,#2687,.T.);
#2687=EDGE_CURVE('NONE',#2680,#2598,#2688,.F.);
#2688=LINE('',#2689,#2690);
#2689=CARTESIAN_POINT('',(-7.39,-4.25,5.4));
#2690=VECTOR('',#2691,1.0);
#2691=DIRECTION('',(1.330497883E-15,0.0,-1.0));
#2692=FACE_BOUND('NONE',#2693,.T.);
#2693=EDGE_LOOP('',(#2694,#2704,#2712,#2720,#2728,#2736,#2744,#2752,#2760,#2768,#2776,#2784));
#2694=ORIENTED_EDGE('',*,*,#2695,.T.);
#2695=EDGE_CURVE('NONE',#2696,#2698,#2700,.F.);
#2696=VERTEX_POINT('NONE',#2697);
#2697=CARTESIAN_POINT('',(5.31,-4.25,5.4));
#2698=VERTEX_POINT('NONE',#2699);
#2699=CARTESIAN_POINT('',(7.39,-4.25,5.4));
#2700=LINE('',#2701,#2702);
#2701=CARTESIAN_POINT('',(7.39,-4.25,5.4));
#2702=VECTOR('',#2703,1.0);
#2703=DIRECTION('',(-1.0,0.0,0.0));
#2704=ORIENTED_EDGE('',*,*,#2705,.T.);
#2705=EDGE_CURVE('NONE',#2698,#2706,#2708,.F.);
#2706=VERTEX_POINT('NONE',#2707);
#2707=CARTESIAN_POINT('',(7.39,-4.25,3.444277073));
#2708=LINE('',#2709,#2710);
#2709=CARTESIAN_POINT('',(7.39,-4.25,5.4));
#2710=VECTOR('',#2711,1.0);
#2711=DIRECTION('',(0.0,0.0,1.0));
#2712=ORIENTED_EDGE('',*,*,#2713,.T.);
#2713=EDGE_CURVE('NONE',#2706,#2714,#2716,.F.);
#2714=VERTEX_POINT('NONE',#2715);
#2715=CARTESIAN_POINT('',(7.022225498,-4.25,3.444277073));
#2716=LINE('',#2717,#2718);
#2717=CARTESIAN_POINT('',(7.39,-4.25,3.444277073));
#2718=VECTOR('',#2719,1.0);
#2719=DIRECTION('',(1.0,0.0,0.0));
#2720=ORIENTED_EDGE('',*,*,#2721,.T.);
#2721=EDGE_CURVE('NONE',#2714,#2722,#2724,.F.);
#2722=VERTEX_POINT('NONE',#2723);
#2723=CARTESIAN_POINT('',(7.022225498,-4.25,2.855722927));
#2724=LINE('',#2725,#2726);
#2725=CARTESIAN_POINT('',(7.022225498,-4.25,3.444277073));
#2726=VECTOR('',#2727,1.0);
#2727=DIRECTION('',(0.0,0.0,1.0));
#2728=ORIENTED_EDGE('',*,*,#2729,.T.);
#2729=EDGE_CURVE('NONE',#2722,#2730,#2732,.F.);
#2730=VERTEX_POINT('NONE',#2731);
#2731=CARTESIAN_POINT('',(7.39,-4.25,2.855722927));
#2732=LINE('',#2733,#2734);
#2733=CARTESIAN_POINT('',(7.39,-4.25,2.855722927));
#2734=VECTOR('',#2735,1.0);
#2735=DIRECTION('',(-1.0,0.0,0.0));
#2736=ORIENTED_EDGE('',*,*,#2737,.T.);
#2737=EDGE_CURVE('NONE',#2730,#2738,#2740,.F.);
#2738=VERTEX_POINT('NONE',#2739);
#2739=CARTESIAN_POINT('',(7.39,-4.25,0.9));
#2740=LINE('',#2741,#2742);
#2741=CARTESIAN_POINT('',(7.39,-4.25,2.855722927));
#2742=VECTOR('',#2743,1.0);
#2743=DIRECTION('',(0.0,0.0,1.0));
#2744=ORIENTED_EDGE('',*,*,#2745,.T.);
#2745=EDGE_CURVE('NONE',#2738,#2746,#2748,.F.);
#2746=VERTEX_POINT('NONE',#2747);
#2747=CARTESIAN_POINT('',(5.31,-4.25,0.9));
#2748=LINE('',#2749,#2750);
#2749=CARTESIAN_POINT('',(7.39,-4.25,0.9));
#2750=VECTOR('',#2751,1.0);
#2751=DIRECTION('',(1.0,0.0,1.042502089E-16));
#2752=ORIENTED_EDGE('',*,*,#2753,.T.);
#2753=EDGE_CURVE('NONE',#2746,#2754,#2756,.F.);
#2754=VERTEX_POINT('NONE',#2755);
#2755=CARTESIAN_POINT('',(5.31,-4.25,2.855722927));
#2756=LINE('',#2757,#2758);
#2757=CARTESIAN_POINT('',(5.31,-4.25,2.855722927));
#2758=VECTOR('',#2759,1.0);
#2759=DIRECTION('',(-1.330497883E-15,0.0,-1.0));
#2760=ORIENTED_EDGE('',*,*,#2761,.T.);
#2761=EDGE_CURVE('NONE',#2754,#2762,#2764,.F.);
#2762=VERTEX_POINT('NONE',#2763);
#2763=CARTESIAN_POINT('',(5.677774502,-4.25,2.855722927));
#2764=LINE('',#2765,#2766);
#2765=CARTESIAN_POINT('',(5.31,-4.25,2.855722927));
#2766=VECTOR('',#2767,1.0);
#2767=DIRECTION('',(-1.0,0.0,0.0));
#2768=ORIENTED_EDGE('',*,*,#2769,.T.);
#2769=EDGE_CURVE('NONE',#2762,#2770,#2772,.F.);
#2770=VERTEX_POINT('NONE',#2771);
#2771=CARTESIAN_POINT('',(5.677774502,-4.25,3.444277073));
#2772=LINE('',#2773,#2774);
#2773=CARTESIAN_POINT('',(5.677774502,-4.25,3.444277073));
#2774=VECTOR('',#2775,1.0);
#2775=DIRECTION('',(2.947432257E-15,0.0,-1.0));
#2776=ORIENTED_EDGE('',*,*,#2777,.T.);
#2777=EDGE_CURVE('NONE',#2770,#2778,#2780,.F.);
#2778=VERTEX_POINT('NONE',#2779);
#2779=CARTESIAN_POINT('',(5.31,-4.25,3.444277073));
#2780=LINE('',#2781,#2782);
#2781=CARTESIAN_POINT('',(5.31,-4.25,3.444277073));
#2782=VECTOR('',#2783,1.0);
#2783=DIRECTION('',(1.0,0.0,0.0));
#2784=ORIENTED_EDGE('',*,*,#2785,.T.);
#2785=EDGE_CURVE('NONE',#2778,#2696,#2786,.F.);
#2786=LINE('',#2787,#2788);
#2787=CARTESIAN_POINT('',(5.31,-4.25,5.4));
#2788=VECTOR('',#2789,1.0);
#2789=DIRECTION('',(1.330497883E-15,0.0,-1.0));
#2790=FACE_BOUND('NONE',#2791,.T.);
#2791=EDGE_LOOP('',(#2792,#2793,#2794,#2795));
#2792=ORIENTED_EDGE('',*,*,#2064,.F.);
#2793=ORIENTED_EDGE('',*,*,#1862,.F.);
#2794=ORIENTED_EDGE('',*,*,#1527,.F.);
#2795=ORIENTED_EDGE('',*,*,#1789,.F.);
#2796=PLANE('',#2797);
#2797=AXIS2_PLACEMENT_3D('',#2798,#2799,#2800);
#2798=CARTESIAN_POINT('',(7.85,-4.25,6.2));
#2799=DIRECTION('',(-1.104919411E-16,1.0,0.0));
#2800=DIRECTION('',(-1.0,-1.104919411E-16,0.0));
#2801=ADVANCED_FACE('NONE',(#2802),#2813,.T.);
#2802=FACE_BOUND('NONE',#2803,.T.);
#2803=EDGE_LOOP('',(#2804,#2805,#2806,#2807));
#2804=ORIENTED_EDGE('',*,*,#1764,.F.);
#2805=ORIENTED_EDGE('',*,*,#1976,.F.);
#2806=ORIENTED_EDGE('',*,*,#1886,.F.);
#2807=ORIENTED_EDGE('',*,*,#2808,.T.);
#2808=EDGE_CURVE('NONE',#1879,#1765,#2809,.T.);
#2809=LINE('',#2810,#2811);
#2810=CARTESIAN_POINT('',(17.85,4.05,1.629091645));
#2811=VECTOR('',#2812,1.0);
#2812=DIRECTION('',(-1.0,0.0,0.0));
#2813=CYLINDRICAL_SURFACE('',#2814,0.29);
#2814=AXIS2_PLACEMENT_3D('',#2815,#2816,#2817);
#2815=CARTESIAN_POINT('',(17.85,3.960323136,1.904877903));
#2816=DIRECTION('',(-1.0,0.0,0.0));
#2817=DIRECTION('',(0.0,0.0,1.0));
#2818=ADVANCED_FACE('NONE',(#2819),#2963,.T.);
#2819=FACE_BOUND('NONE',#2820,.T.);
#2820=EDGE_LOOP('',(#2821,#2829,#2830,#2838,#2846,#2852,#2853,#2861,#2869,#2875,#2876,#2884,#2892,#2898,#2899,#2907,#2915,#2921,#2922,#2923,#2924,#2925,#2926,#2934,#2942,#2948,#2949,#2957));
#2821=ORIENTED_EDGE('',*,*,#2822,.T.);
#2822=EDGE_CURVE('NONE',#2823,#1994,#2825,.F.);
#2823=VERTEX_POINT('NONE',#2824);
#2824=CARTESIAN_POINT('',(2.77,0.270133373,0.4));
#2825=LINE('',#2826,#2827);
#2826=CARTESIAN_POINT('',(2.77,4.05,1.629091645));
#2827=VECTOR('',#2828,1.0);
#2828=DIRECTION('',(0.0,0.950987096,0.309230565));
#2829=ORIENTED_EDGE('',*,*,#1991,.F.);
#2830=ORIENTED_EDGE('',*,*,#2831,.T.);
#2831=EDGE_CURVE('NONE',#1992,#2832,#2834,.F.);
#2832=VERTEX_POINT('NONE',#2833);
#2833=CARTESIAN_POINT('',(2.31,0.270133373,0.4));
#2834=LINE('',#2835,#2836);
#2835=CARTESIAN_POINT('',(2.31,4.05,1.629091645));
#2836=VECTOR('',#2837,1.0);
#2837=DIRECTION('',(-3.73235213E-16,-0.950987096,-0.309230565));
#2838=ORIENTED_EDGE('',*,*,#2839,.T.);
#2839=EDGE_CURVE('NONE',#2832,#2840,#2842,.F.);
#2840=VERTEX_POINT('NONE',#2841);
#2841=CARTESIAN_POINT('',(0.23,0.270133373,0.4));
#2842=LINE('',#2843,#2844);
#2843=CARTESIAN_POINT('',(17.85,0.270133373,0.4));
#2844=VECTOR('',#2845,1.0);
#2845=DIRECTION('',(1.0,0.0,0.0));
#2846=ORIENTED_EDGE('',*,*,#2847,.T.);
#2847=EDGE_CURVE('NONE',#2840,#2168,#2848,.F.);
#2848=LINE('',#2849,#2850);
#2849=CARTESIAN_POINT('',(0.23,4.05,1.629091645));
#2850=VECTOR('',#2851,1.0);
#2851=DIRECTION('',(0.0,0.950987096,0.309230565));
#2852=ORIENTED_EDGE('',*,*,#2167,.F.);
#2853=ORIENTED_EDGE('',*,*,#2854,.T.);
#2854=EDGE_CURVE('NONE',#2160,#2855,#2857,.F.);
#2855=VERTEX_POINT('NONE',#2856);
#2856=CARTESIAN_POINT('',(-0.23,0.270133373,0.4));
#2857=LINE('',#2858,#2859);
#2858=CARTESIAN_POINT('',(-0.23,4.05,1.629091645));
#2859=VECTOR('',#2860,1.0);
#2860=DIRECTION('',(-3.73235213E-16,-0.950987096,-0.309230565));
#2861=ORIENTED_EDGE('',*,*,#2862,.T.);
#2862=EDGE_CURVE('NONE',#2855,#2863,#2865,.F.);
#2863=VERTEX_POINT('NONE',#2864);
#2864=CARTESIAN_POINT('',(-2.31,0.270133373,0.4));
#2865=LINE('',#2866,#2867);
#2866=CARTESIAN_POINT('',(17.85,0.270133373,0.4));
#2867=VECTOR('',#2868,1.0);
#2868=DIRECTION('',(1.0,0.0,0.0));
#2869=ORIENTED_EDGE('',*,*,#2870,.T.);
#2870=EDGE_CURVE('NONE',#2863,#2136,#2871,.F.);
#2871=LINE('',#2872,#2873);
#2872=CARTESIAN_POINT('',(-2.31,4.05,1.629091645));
#2873=VECTOR('',#2874,1.0);
#2874=DIRECTION('',(0.0,0.950987096,0.309230565));
#2875=ORIENTED_EDGE('',*,*,#2135,.F.);
#2876=ORIENTED_EDGE('',*,*,#2877,.T.);
#2877=EDGE_CURVE('NONE',#2128,#2878,#2880,.F.);
#2878=VERTEX_POINT('NONE',#2879);
#2879=CARTESIAN_POINT('',(-2.77,0.270133373,0.4));
#2880=LINE('',#2881,#2882);
#2881=CARTESIAN_POINT('',(-2.77,4.05,1.629091645));
#2882=VECTOR('',#2883,1.0);
#2883=DIRECTION('',(-3.73235213E-16,-0.950987096,-0.309230565));
#2884=ORIENTED_EDGE('',*,*,#2885,.T.);
#2885=EDGE_CURVE('NONE',#2878,#2886,#2888,.F.);
#2886=VERTEX_POINT('NONE',#2887);
#2887=CARTESIAN_POINT('',(-4.85,0.270133373,0.4));
#2888=LINE('',#2889,#2890);
#2889=CARTESIAN_POINT('',(17.85,0.270133373,0.4));
#2890=VECTOR('',#2891,1.0);
#2891=DIRECTION('',(1.0,0.0,0.0));
#2892=ORIENTED_EDGE('',*,*,#2893,.T.);
#2893=EDGE_CURVE('NONE',#2886,#2104,#2894,.F.);
#2894=LINE('',#2895,#2896);
#2895=CARTESIAN_POINT('',(-4.85,4.05,1.629091645));
#2896=VECTOR('',#2897,1.0);
#2897=DIRECTION('',(0.0,0.950987096,0.309230565));
#2898=ORIENTED_EDGE('',*,*,#2103,.F.);
#2899=ORIENTED_EDGE('',*,*,#2900,.T.);
#2900=EDGE_CURVE('NONE',#2096,#2901,#2903,.F.);
#2901=VERTEX_POINT('NONE',#2902);
#2902=CARTESIAN_POINT('',(-5.31,0.270133373,0.4));
#2903=LINE('',#2904,#2905);
#2904=CARTESIAN_POINT('',(-5.31,4.05,1.629091645));
#2905=VECTOR('',#2906,1.0);
#2906=DIRECTION('',(-3.73235213E-16,-0.950987096,-0.309230565));
#2907=ORIENTED_EDGE('',*,*,#2908,.T.);
#2908=EDGE_CURVE('NONE',#2901,#2909,#2911,.F.);
#2909=VERTEX_POINT('NONE',#2910);
#2910=CARTESIAN_POINT('',(-7.39,0.270133373,0.4));
#2911=LINE('',#2912,#2913);
#2912=CARTESIAN_POINT('',(17.85,0.270133373,0.4));
#2913=VECTOR('',#2914,1.0);
#2914=DIRECTION('',(1.0,0.0,0.0));
#2915=ORIENTED_EDGE('',*,*,#2916,.T.);
#2916=EDGE_CURVE('NONE',#2909,#2072,#2917,.F.);
#2917=LINE('',#2918,#2919);
#2918=CARTESIAN_POINT('',(-7.39,4.05,1.629091645));
#2919=VECTOR('',#2920,1.0);
#2920=DIRECTION('',(0.0,0.950987096,0.309230565));
#2921=ORIENTED_EDGE('',*,*,#2071,.F.);
#2922=ORIENTED_EDGE('',*,*,#1773,.F.);
#2923=ORIENTED_EDGE('',*,*,#2808,.F.);
#2924=ORIENTED_EDGE('',*,*,#1878,.F.);
#2925=ORIENTED_EDGE('',*,*,#2057,.F.);
#2926=ORIENTED_EDGE('',*,*,#2927,.T.);
#2927=EDGE_CURVE('NONE',#2050,#2928,#2930,.F.);
#2928=VERTEX_POINT('NONE',#2929);
#2929=CARTESIAN_POINT('',(7.39,0.270133373,0.4));
#2930=LINE('',#2931,#2932);
#2931=CARTESIAN_POINT('',(7.39,4.05,1.629091645));
#2932=VECTOR('',#2933,1.0);
#2933=DIRECTION('',(-3.73235213E-16,-0.950987096,-0.309230565));
#2934=ORIENTED_EDGE('',*,*,#2935,.T.);
#2935=EDGE_CURVE('NONE',#2928,#2936,#2938,.F.);
#2936=VERTEX_POINT('NONE',#2937);
#2937=CARTESIAN_POINT('',(5.31,0.270133373,0.4));
#2938=LINE('',#2939,#2940);
#2939=CARTESIAN_POINT('',(17.85,0.270133373,0.4));
#2940=VECTOR('',#2941,1.0);
#2941=DIRECTION('',(1.0,0.0,0.0));
#2942=ORIENTED_EDGE('',*,*,#2943,.T.);
#2943=EDGE_CURVE('NONE',#2936,#2026,#2944,.F.);
#2944=LINE('',#2945,#2946);
#2945=CARTESIAN_POINT('',(5.31,4.05,1.629091645));
#2946=VECTOR('',#2947,1.0);
#2947=DIRECTION('',(0.0,0.950987096,0.309230565));
#2948=ORIENTED_EDGE('',*,*,#2025,.F.);
#2949=ORIENTED_EDGE('',*,*,#2950,.T.);
#2950=EDGE_CURVE('NONE',#2018,#2951,#2953,.F.);
#2951=VERTEX_POINT('NONE',#2952);
#2952=CARTESIAN_POINT('',(4.85,0.270133373,0.4));
#2953=LINE('',#2954,#2955);
#2954=CARTESIAN_POINT('',(4.85,4.05,1.629091645));
#2955=VECTOR('',#2956,1.0);
#2956=DIRECTION('',(-3.73235213E-16,-0.950987096,-0.309230565));
#2957=ORIENTED_EDGE('',*,*,#2958,.T.);
#2958=EDGE_CURVE('NONE',#2951,#2823,#2959,.F.);
#2959=LINE('',#2960,#2961);
#2960=CARTESIAN_POINT('',(17.85,0.270133373,0.4));
#2961=VECTOR('',#2962,1.0);
#2962=DIRECTION('',(1.0,0.0,0.0));
#2963=PLANE('',#2964);
#2964=AXIS2_PLACEMENT_3D('',#2965,#2966,#2967);
#2965=CARTESIAN_POINT('',(17.85,4.05,1.629091645));
#2966=DIRECTION('',(0.0,0.309230565,-0.950987096));
#2967=DIRECTION('',(0.0,0.950987096,0.309230565));
#2968=ADVANCED_FACE('NONE',(#2969),#2985,.T.);
#2969=FACE_BOUND('NONE',#2970,.T.);
#2970=EDGE_LOOP('',(#2971,#2972,#2978,#2979));
#2971=ORIENTED_EDGE('',*,*,#1805,.F.);
#2972=ORIENTED_EDGE('',*,*,#2973,.T.);
#2973=EDGE_CURVE('NONE',#1797,#1847,#2974,.F.);
#2974=LINE('',#2975,#2976);
#2975=CARTESIAN_POINT('',(17.85,0.96,5.91));
#2976=VECTOR('',#2977,1.0);
#2977=DIRECTION('',(-1.0,0.0,0.0));
#2978=ORIENTED_EDGE('',*,*,#1846,.F.);
#2979=ORIENTED_EDGE('',*,*,#2980,.T.);
#2980=EDGE_CURVE('NONE',#1839,#1806,#2981,.T.);
#2981=LINE('',#2982,#2983);
#2982=CARTESIAN_POINT('',(17.85,0.96,5.46422474));
#2983=VECTOR('',#2984,1.0);
#2984=DIRECTION('',(-1.0,0.0,0.0));
#2985=PLANE('',#2986);
#2986=AXIS2_PLACEMENT_3D('',#2987,#2988,#2989);
#2987=CARTESIAN_POINT('',(17.85,0.96,5.46422474));
#2988=DIRECTION('',(0.0,1.0,-9.728688608E-16));
#2989=DIRECTION('',(0.0,9.728688608E-16,1.0));
#2990=ADVANCED_FACE('NONE',(#2991),#3002,.T.);
#2991=FACE_BOUND('NONE',#2992,.T.);
#2992=EDGE_LOOP('',(#2993,#2994,#2995,#2996));
#2993=ORIENTED_EDGE('',*,*,#1813,.F.);
#2994=ORIENTED_EDGE('',*,*,#2980,.F.);
#2995=ORIENTED_EDGE('',*,*,#1838,.F.);
#2996=ORIENTED_EDGE('',*,*,#2997,.T.);
#2997=EDGE_CURVE('NONE',#1830,#1746,#2998,.T.);
#2998=LINE('',#2999,#3000);
#2999=CARTESIAN_POINT('',(17.85,4.04,4.580269664));
#3000=VECTOR('',#3001,1.0);
#3001=DIRECTION('',(-1.0,0.0,0.0));
#3002=PLANE('',#3003);
#3003=AXIS2_PLACEMENT_3D('',#3004,#3005,#3006);
#3004=CARTESIAN_POINT('',(17.85,4.04,4.580269664));
#3005=DIRECTION('',(0.0,0.275862069,0.961197232));
#3006=DIRECTION('',(0.0,-0.961197232,0.275862069));
#3007=ADVANCED_FACE('NONE',(#3008),#3014,.T.);
#3008=FACE_BOUND('NONE',#3009,.T.);
#3009=EDGE_LOOP('',(#3010,#3011,#3012,#3013));
#3010=ORIENTED_EDGE('',*,*,#1745,.F.);
#3011=ORIENTED_EDGE('',*,*,#2997,.F.);
#3012=ORIENTED_EDGE('',*,*,#1827,.F.);
#3013=ORIENTED_EDGE('',*,*,#1969,.F.);
#3014=CYLINDRICAL_SURFACE('',#3015,0.29);
#3015=AXIS2_PLACEMENT_3D('',#3016,#3017,#3018);
#3016=CARTESIAN_POINT('',(17.85,3.96,4.301522467));
#3017=DIRECTION('',(-1.0,0.0,0.0));
#3018=DIRECTION('',(0.0,0.0,1.0));
#3019=ADVANCED_FACE('NONE',(#3020),#3026,.T.);
#3020=FACE_BOUND('NONE',#3021,.T.);
#3021=EDGE_LOOP('',(#3022,#3023,#3024,#3025));
#3022=ORIENTED_EDGE('',*,*,#1796,.F.);
#3023=ORIENTED_EDGE('',*,*,#1511,.F.);
#3024=ORIENTED_EDGE('',*,*,#1854,.F.);
#3025=ORIENTED_EDGE('',*,*,#2973,.F.);
#3026=CYLINDRICAL_SURFACE('',#3027,0.29);
#3027=AXIS2_PLACEMENT_3D('',#3028,#3029,#3030);
#3028=CARTESIAN_POINT('',(17.85,0.67,5.91));
#3029=DIRECTION('',(-1.0,0.0,0.0));
#3030=DIRECTION('',(0.0,0.0,1.0));
#3031=ADVANCED_FACE('NONE',(#3032),#3057,.T.);
#3032=FACE_BOUND('NONE',#3033,.T.);
#3033=EDGE_LOOP('',(#3034,#3042,#3043,#3051));
#3034=ORIENTED_EDGE('',*,*,#3035,.T.);
#3035=EDGE_CURVE('NONE',#3036,#1546,#3038,.F.);
#3036=VERTEX_POINT('NONE',#3037);
#3037=CARTESIAN_POINT('',(-5.67,-2.81,5.4));
#3038=LINE('',#3039,#3040);
#3039=CARTESIAN_POINT('',(-5.31,-4.1,6.2));
#3040=VECTOR('',#3041,1.0);
#3041=DIRECTION('',(-0.23076449,0.826906088,-0.512809977));
#3042=ORIENTED_EDGE('',*,*,#1545,.F.);
#3043=ORIENTED_EDGE('',*,*,#3044,.T.);
#3044=EDGE_CURVE('NONE',#1538,#3045,#3047,.T.);
#3045=VERTEX_POINT('NONE',#3046);
#3046=CARTESIAN_POINT('',(-5.67,-1.07,5.4));
#3047=LINE('',#3048,#3049);
#3048=CARTESIAN_POINT('',(-5.31,0.2,6.2));
#3049=VECTOR('',#3050,1.0);
#3050=DIRECTION('',(-0.233230877,-0.822786706,-0.518290839));
#3051=ORIENTED_EDGE('',*,*,#3052,.T.);
#3052=EDGE_CURVE('NONE',#3045,#3036,#3053,.F.);
#3053=LINE('',#3054,#3055);
#3054=CARTESIAN_POINT('',(-5.67,-2.81,5.4));
#3055=VECTOR('',#3056,1.0);
#3056=DIRECTION('',(-4.984837575E-16,1.0,0.0));
#3057=PLANE('',#3058);
#3058=AXIS2_PLACEMENT_3D('',#3059,#3060,#3061);
#3059=CARTESIAN_POINT('',(-6.735966736,-1.099107573E-16,3.031185031));
#3060=DIRECTION('',(-0.911921505,-1.487982158E-17,0.410364677));
#3061=DIRECTION('',(0.410364677,0.0,0.911921505));
#3062=ADVANCED_FACE('NONE',(#3063),#3081,.F.);
#3063=FACE_BOUND('NONE',#3064,.T.);
#3064=EDGE_LOOP('',(#3065,#3066,#3067,#3075));
#3065=ORIENTED_EDGE('',*,*,#3044,.F.);
#3066=ORIENTED_EDGE('',*,*,#1535,.F.);
#3067=ORIENTED_EDGE('',*,*,#3068,.T.);
#3068=EDGE_CURVE('NONE',#1536,#3069,#3071,.T.);
#3069=VERTEX_POINT('NONE',#3070);
#3070=CARTESIAN_POINT('',(-7.03,-1.07,5.4));
#3071=LINE('',#3072,#3073);
#3072=CARTESIAN_POINT('',(-7.39,0.2,6.2));
#3073=VECTOR('',#3074,1.0);
#3074=DIRECTION('',(0.233230877,-0.822786706,-0.518290839));
#3075=ORIENTED_EDGE('',*,*,#3076,.T.);
#3076=EDGE_CURVE('NONE',#3069,#3045,#3077,.F.);
#3077=LINE('',#3078,#3079);
#3078=CARTESIAN_POINT('',(-7.03,-1.07,5.4));
#3079=VECTOR('',#3080,1.0);
#3080=DIRECTION('',(-1.0,-3.188829919E-16,0.0));
#3081=PLANE('',#3082);
#3082=AXIS2_PLACEMENT_3D('',#3083,#3084,#3085);
#3083=CARTESIAN_POINT('',(8.734922632E-16,-2.739224999,4.348519686));
#3084=DIRECTION('',(-1.699614336E-16,0.532989962,-0.846121564));
#3085=DIRECTION('',(0.0,0.846121564,0.532989962));
#3086=ADVANCED_FACE('NONE',(#3087),#3105,.F.);
#3087=FACE_BOUND('NONE',#3088,.T.);
#3088=EDGE_LOOP('',(#3089,#3097,#3098,#3099));
#3089=ORIENTED_EDGE('',*,*,#3090,.T.);
#3090=EDGE_CURVE('NONE',#3091,#1554,#3093,.F.);
#3091=VERTEX_POINT('NONE',#3092);
#3092=CARTESIAN_POINT('',(-7.03,-2.81,5.4));
#3093=LINE('',#3094,#3095);
#3094=CARTESIAN_POINT('',(-7.39,-4.1,6.2));
#3095=VECTOR('',#3096,1.0);
#3096=DIRECTION('',(0.23076449,0.826906088,-0.512809977));
#3097=ORIENTED_EDGE('',*,*,#1553,.F.);
#3098=ORIENTED_EDGE('',*,*,#3035,.F.);
#3099=ORIENTED_EDGE('',*,*,#3100,.T.);
#3100=EDGE_CURVE('NONE',#3036,#3091,#3101,.F.);
#3101=LINE('',#3102,#3103);
#3102=CARTESIAN_POINT('',(-7.03,-2.81,5.4));
#3103=VECTOR('',#3104,1.0);
#3104=DIRECTION('',(1.0,3.188829919E-16,0.0));
#3105=PLANE('',#3106);
#3106=AXIS2_PLACEMENT_3D('',#3107,#3108,#3109);
#3107=CARTESIAN_POINT('',(-5.223696735E-16,1.638123345,2.641473894));
#3108=DIRECTION('',(1.680624464E-16,-0.527034839,-0.849843679));
#3109=DIRECTION('',(0.0,0.849843679,-0.527034839));
#3110=ADVANCED_FACE('NONE',(#3111),#3122,.T.);
#3111=FACE_BOUND('NONE',#3112,.T.);
#3112=EDGE_LOOP('',(#3113,#3114,#3115,#3116));
#3113=ORIENTED_EDGE('',*,*,#3068,.F.);
#3114=ORIENTED_EDGE('',*,*,#1561,.F.);
#3115=ORIENTED_EDGE('',*,*,#3090,.F.);
#3116=ORIENTED_EDGE('',*,*,#3117,.T.);
#3117=EDGE_CURVE('NONE',#3091,#3069,#3118,.F.);
#3118=LINE('',#3119,#3120);
#3119=CARTESIAN_POINT('',(-7.03,-2.81,5.4));
#3120=VECTOR('',#3121,1.0);
#3121=DIRECTION('',(0.0,-1.0,0.0));
#3122=PLANE('',#3123);
#3123=AXIS2_PLACEMENT_3D('',#3124,#3125,#3126);
#3124=CARTESIAN_POINT('',(-3.825363825,-1.248369095E-15,-1.721413721));
#3125=DIRECTION('',(0.911921505,2.975964316E-16,0.410364677));
#3126=DIRECTION('',(0.410364677,0.0,-0.911921505));
#3127=ADVANCED_FACE('NONE',(#3128),#3153,.T.);
#3128=FACE_BOUND('NONE',#3129,.T.);
#3129=EDGE_LOOP('',(#3130,#3138,#3139,#3147));
#3130=ORIENTED_EDGE('',*,*,#3131,.T.);
#3131=EDGE_CURVE('NONE',#3132,#1580,#3134,.F.);
#3132=VERTEX_POINT('NONE',#3133);
#3133=CARTESIAN_POINT('',(-3.13,-2.81,5.4));
#3134=LINE('',#3135,#3136);
#3135=CARTESIAN_POINT('',(-2.77,-4.1,6.2));
#3136=VECTOR('',#3137,1.0);
#3137=DIRECTION('',(-0.23076449,0.826906088,-0.512809977));
#3138=ORIENTED_EDGE('',*,*,#1579,.F.);
#3139=ORIENTED_EDGE('',*,*,#3140,.T.);
#3140=EDGE_CURVE('NONE',#1572,#3141,#3143,.T.);
#3141=VERTEX_POINT('NONE',#3142);
#3142=CARTESIAN_POINT('',(-3.13,-1.07,5.4));
#3143=LINE('',#3144,#3145);
#3144=CARTESIAN_POINT('',(-2.77,0.2,6.2));
#3145=VECTOR('',#3146,1.0);
#3146=DIRECTION('',(-0.233230877,-0.822786706,-0.518290839));
#3147=ORIENTED_EDGE('',*,*,#3148,.T.);
#3148=EDGE_CURVE('NONE',#3141,#3132,#3149,.F.);
#3149=LINE('',#3150,#3151);
#3150=CARTESIAN_POINT('',(-3.13,-2.81,5.4));
#3151=VECTOR('',#3152,1.0);
#3152=DIRECTION('',(-4.984837575E-16,1.0,0.0));
#3153=PLANE('',#3154);
#3154=AXIS2_PLACEMENT_3D('',#3155,#3156,#3157);
#3155=CARTESIAN_POINT('',(-4.195966736,-1.099107573E-16,3.031185031));
#3156=DIRECTION('',(-0.911921505,-1.487982158E-17,0.410364677));
#3157=DIRECTION('',(0.410364677,0.0,0.911921505));
#3158=ADVANCED_FACE('NONE',(#3159),#3177,.F.);
#3159=FACE_BOUND('NONE',#3160,.T.);
#3160=EDGE_LOOP('',(#3161,#3162,#3163,#3171));
#3161=ORIENTED_EDGE('',*,*,#3140,.F.);
#3162=ORIENTED_EDGE('',*,*,#1569,.F.);
#3163=ORIENTED_EDGE('',*,*,#3164,.T.);
#3164=EDGE_CURVE('NONE',#1570,#3165,#3167,.T.);
#3165=VERTEX_POINT('NONE',#3166);
#3166=CARTESIAN_POINT('',(-4.49,-1.07,5.4));
#3167=LINE('',#3168,#3169);
#3168=CARTESIAN_POINT('',(-4.85,0.2,6.2));
#3169=VECTOR('',#3170,1.0);
#3170=DIRECTION('',(0.233230877,-0.822786706,-0.518290839));
#3171=ORIENTED_EDGE('',*,*,#3172,.T.);
#3172=EDGE_CURVE('NONE',#3165,#3141,#3173,.F.);
#3173=LINE('',#3174,#3175);
#3174=CARTESIAN_POINT('',(-4.49,-1.07,5.4));
#3175=VECTOR('',#3176,1.0);
#3176=DIRECTION('',(-1.0,-3.188829919E-16,0.0));
#3177=PLANE('',#3178);
#3178=AXIS2_PLACEMENT_3D('',#3179,#3180,#3181);
#3179=CARTESIAN_POINT('',(2.54,-2.739224999,4.348519686));
#3180=DIRECTION('',(-1.699614336E-16,0.532989962,-0.846121564));
#3181=DIRECTION('',(0.0,0.846121564,0.532989962));
#3182=ADVANCED_FACE('NONE',(#3183),#3201,.F.);
#3183=FACE_BOUND('NONE',#3184,.T.);
#3184=EDGE_LOOP('',(#3185,#3193,#3194,#3195));
#3185=ORIENTED_EDGE('',*,*,#3186,.T.);
#3186=EDGE_CURVE('NONE',#3187,#1588,#3189,.F.);
#3187=VERTEX_POINT('NONE',#3188);
#3188=CARTESIAN_POINT('',(-4.49,-2.81,5.4));
#3189=LINE('',#3190,#3191);
#3190=CARTESIAN_POINT('',(-4.85,-4.1,6.2));
#3191=VECTOR('',#3192,1.0);
#3192=DIRECTION('',(0.23076449,0.826906088,-0.512809977));
#3193=ORIENTED_EDGE('',*,*,#1587,.F.);
#3194=ORIENTED_EDGE('',*,*,#3131,.F.);
#3195=ORIENTED_EDGE('',*,*,#3196,.T.);
#3196=EDGE_CURVE('NONE',#3132,#3187,#3197,.F.);
#3197=LINE('',#3198,#3199);
#3198=CARTESIAN_POINT('',(-4.49,-2.81,5.4));
#3199=VECTOR('',#3200,1.0);
#3200=DIRECTION('',(1.0,3.188829919E-16,0.0));
#3201=PLANE('',#3202);
#3202=AXIS2_PLACEMENT_3D('',#3203,#3204,#3205);
#3203=CARTESIAN_POINT('',(2.54,1.638123345,2.641473894));
#3204=DIRECTION('',(1.680624464E-16,-0.527034839,-0.849843679));
#3205=DIRECTION('',(0.0,0.849843679,-0.527034839));
#3206=ADVANCED_FACE('NONE',(#3207),#3218,.T.);
#3207=FACE_BOUND('NONE',#3208,.T.);
#3208=EDGE_LOOP('',(#3209,#3210,#3211,#3212));
#3209=ORIENTED_EDGE('',*,*,#3164,.F.);
#3210=ORIENTED_EDGE('',*,*,#1595,.F.);
#3211=ORIENTED_EDGE('',*,*,#3186,.F.);
#3212=ORIENTED_EDGE('',*,*,#3213,.T.);
#3213=EDGE_CURVE('NONE',#3187,#3165,#3214,.F.);
#3214=LINE('',#3215,#3216);
#3215=CARTESIAN_POINT('',(-4.49,-2.81,5.4));
#3216=VECTOR('',#3217,1.0);
#3217=DIRECTION('',(0.0,-1.0,0.0));
#3218=PLANE('',#3219);
#3219=AXIS2_PLACEMENT_3D('',#3220,#3221,#3222);
#3220=CARTESIAN_POINT('',(-1.285363825,-1.248369095E-15,-1.721413721));
#3221=DIRECTION('',(0.911921505,2.975964316E-16,0.410364677));
#3222=DIRECTION('',(0.410364677,0.0,-0.911921505));
#3223=ADVANCED_FACE('NONE',(#3224),#3249,.T.);
#3224=FACE_BOUND('NONE',#3225,.T.);
#3225=EDGE_LOOP('',(#3226,#3234,#3235,#3243));
#3226=ORIENTED_EDGE('',*,*,#3227,.T.);
#3227=EDGE_CURVE('NONE',#3228,#1614,#3230,.F.);
#3228=VERTEX_POINT('NONE',#3229);
#3229=CARTESIAN_POINT('',(-0.59,-2.81,5.4));
#3230=LINE('',#3231,#3232);
#3231=CARTESIAN_POINT('',(-0.23,-4.1,6.2));
#3232=VECTOR('',#3233,1.0);
#3233=DIRECTION('',(-0.23076449,0.826906088,-0.512809977));
#3234=ORIENTED_EDGE('',*,*,#1613,.F.);
#3235=ORIENTED_EDGE('',*,*,#3236,.T.);
#3236=EDGE_CURVE('NONE',#1606,#3237,#3239,.T.);
#3237=VERTEX_POINT('NONE',#3238);
#3238=CARTESIAN_POINT('',(-0.59,-1.07,5.4));
#3239=LINE('',#3240,#3241);
#3240=CARTESIAN_POINT('',(-0.23,0.2,6.2));
#3241=VECTOR('',#3242,1.0);
#3242=DIRECTION('',(-0.233230877,-0.822786706,-0.518290839));
#3243=ORIENTED_EDGE('',*,*,#3244,.T.);
#3244=EDGE_CURVE('NONE',#3237,#3228,#3245,.F.);
#3245=LINE('',#3246,#3247);
#3246=CARTESIAN_POINT('',(-0.59,-2.81,5.4));
#3247=VECTOR('',#3248,1.0);
#3248=DIRECTION('',(-4.984837575E-16,1.0,0.0));
#3249=PLANE('',#3250);
#3250=AXIS2_PLACEMENT_3D('',#3251,#3252,#3253);
#3251=CARTESIAN_POINT('',(-1.655966736,-1.099107573E-16,3.031185031));
#3252=DIRECTION('',(-0.911921505,-1.487982158E-17,0.410364677));
#3253=DIRECTION('',(0.410364677,0.0,0.911921505));
#3254=ADVANCED_FACE('NONE',(#3255),#3273,.F.);
#3255=FACE_BOUND('NONE',#3256,.T.);
#3256=EDGE_LOOP('',(#3257,#3258,#3259,#3267));
#3257=ORIENTED_EDGE('',*,*,#3236,.F.);
#3258=ORIENTED_EDGE('',*,*,#1603,.F.);
#3259=ORIENTED_EDGE('',*,*,#3260,.T.);
#3260=EDGE_CURVE('NONE',#1604,#3261,#3263,.T.);
#3261=VERTEX_POINT('NONE',#3262);
#3262=CARTESIAN_POINT('',(-1.95,-1.07,5.4));
#3263=LINE('',#3264,#3265);
#3264=CARTESIAN_POINT('',(-2.31,0.2,6.2));
#3265=VECTOR('',#3266,1.0);
#3266=DIRECTION('',(0.233230877,-0.822786706,-0.518290839));
#3267=ORIENTED_EDGE('',*,*,#3268,.T.);
#3268=EDGE_CURVE('NONE',#3261,#3237,#3269,.F.);
#3269=LINE('',#3270,#3271);
#3270=CARTESIAN_POINT('',(-1.95,-1.07,5.4));
#3271=VECTOR('',#3272,1.0);
#3272=DIRECTION('',(-1.0,-3.188829919E-16,0.0));
#3273=PLANE('',#3274);
#3274=AXIS2_PLACEMENT_3D('',#3275,#3276,#3277);
#3275=CARTESIAN_POINT('',(5.08,-2.739224999,4.348519686));
#3276=DIRECTION('',(-1.699614336E-16,0.532989962,-0.846121564));
#3277=DIRECTION('',(0.0,0.846121564,0.532989962));
#3278=ADVANCED_FACE('NONE',(#3279),#3297,.F.);
#3279=FACE_BOUND('NONE',#3280,.T.);
#3280=EDGE_LOOP('',(#3281,#3289,#3290,#3291));
#3281=ORIENTED_EDGE('',*,*,#3282,.T.);
#3282=EDGE_CURVE('NONE',#3283,#1622,#3285,.F.);
#3283=VERTEX_POINT('NONE',#3284);
#3284=CARTESIAN_POINT('',(-1.95,-2.81,5.4));
#3285=LINE('',#3286,#3287);
#3286=CARTESIAN_POINT('',(-2.31,-4.1,6.2));
#3287=VECTOR('',#3288,1.0);
#3288=DIRECTION('',(0.23076449,0.826906088,-0.512809977));
#3289=ORIENTED_EDGE('',*,*,#1621,.F.);
#3290=ORIENTED_EDGE('',*,*,#3227,.F.);
#3291=ORIENTED_EDGE('',*,*,#3292,.T.);
#3292=EDGE_CURVE('NONE',#3228,#3283,#3293,.F.);
#3293=LINE('',#3294,#3295);
#3294=CARTESIAN_POINT('',(-1.95,-2.81,5.4));
#3295=VECTOR('',#3296,1.0);
#3296=DIRECTION('',(1.0,3.188829919E-16,0.0));
#3297=PLANE('',#3298);
#3298=AXIS2_PLACEMENT_3D('',#3299,#3300,#3301);
#3299=CARTESIAN_POINT('',(5.08,1.638123345,2.641473894));
#3300=DIRECTION('',(1.680624464E-16,-0.527034839,-0.849843679));
#3301=DIRECTION('',(0.0,0.849843679,-0.527034839));
#3302=ADVANCED_FACE('NONE',(#3303),#3314,.T.);
#3303=FACE_BOUND('NONE',#3304,.T.);
#3304=EDGE_LOOP('',(#3305,#3306,#3307,#3308));
#3305=ORIENTED_EDGE('',*,*,#3260,.F.);
#3306=ORIENTED_EDGE('',*,*,#1629,.F.);
#3307=ORIENTED_EDGE('',*,*,#3282,.F.);
#3308=ORIENTED_EDGE('',*,*,#3309,.T.);
#3309=EDGE_CURVE('NONE',#3283,#3261,#3310,.F.);
#3310=LINE('',#3311,#3312);
#3311=CARTESIAN_POINT('',(-1.95,-2.81,5.4));
#3312=VECTOR('',#3313,1.0);
#3313=DIRECTION('',(0.0,-1.0,0.0));
#3314=PLANE('',#3315);
#3315=AXIS2_PLACEMENT_3D('',#3316,#3317,#3318);
#3316=CARTESIAN_POINT('',(1.254636175,-1.248369095E-15,-1.721413721));
#3317=DIRECTION('',(0.911921505,2.975964316E-16,0.410364677));
#3318=DIRECTION('',(0.410364677,0.0,-0.911921505));
#3319=ADVANCED_FACE('NONE',(#3320),#3345,.T.);
#3320=FACE_BOUND('NONE',#3321,.T.);
#3321=EDGE_LOOP('',(#3322,#3330,#3331,#3339));
#3322=ORIENTED_EDGE('',*,*,#3323,.T.);
#3323=EDGE_CURVE('NONE',#3324,#1648,#3326,.F.);
#3324=VERTEX_POINT('NONE',#3325);
#3325=CARTESIAN_POINT('',(1.95,-2.81,5.4));
#3326=LINE('',#3327,#3328);
#3327=CARTESIAN_POINT('',(2.31,-4.1,6.2));
#3328=VECTOR('',#3329,1.0);
#3329=DIRECTION('',(-0.23076449,0.826906088,-0.512809977));
#3330=ORIENTED_EDGE('',*,*,#1647,.F.);
#3331=ORIENTED_EDGE('',*,*,#3332,.T.);
#3332=EDGE_CURVE('NONE',#1640,#3333,#3335,.T.);
#3333=VERTEX_POINT('NONE',#3334);
#3334=CARTESIAN_POINT('',(1.95,-1.07,5.4));
#3335=LINE('',#3336,#3337);
#3336=CARTESIAN_POINT('',(2.31,0.2,6.2));
#3337=VECTOR('',#3338,1.0);
#3338=DIRECTION('',(-0.233230877,-0.822786706,-0.518290839));
#3339=ORIENTED_EDGE('',*,*,#3340,.T.);
#3340=EDGE_CURVE('NONE',#3333,#3324,#3341,.F.);
#3341=LINE('',#3342,#3343);
#3342=CARTESIAN_POINT('',(1.95,-2.81,5.4));
#3343=VECTOR('',#3344,1.0);
#3344=DIRECTION('',(-4.984837575E-16,1.0,0.0));
#3345=PLANE('',#3346);
#3346=AXIS2_PLACEMENT_3D('',#3347,#3348,#3349);
#3347=CARTESIAN_POINT('',(0.884033264,-1.099107573E-16,3.031185031));
#3348=DIRECTION('',(-0.911921505,-1.487982158E-17,0.410364677));
#3349=DIRECTION('',(0.410364677,0.0,0.911921505));
#3350=ADVANCED_FACE('NONE',(#3351),#3369,.F.);
#3351=FACE_BOUND('NONE',#3352,.T.);
#3352=EDGE_LOOP('',(#3353,#3354,#3355,#3363));
#3353=ORIENTED_EDGE('',*,*,#3332,.F.);
#3354=ORIENTED_EDGE('',*,*,#1637,.F.);
#3355=ORIENTED_EDGE('',*,*,#3356,.T.);
#3356=EDGE_CURVE('NONE',#1638,#3357,#3359,.T.);
#3357=VERTEX_POINT('NONE',#3358);
#3358=CARTESIAN_POINT('',(0.59,-1.07,5.4));
#3359=LINE('',#3360,#3361);
#3360=CARTESIAN_POINT('',(0.23,0.2,6.2));
#3361=VECTOR('',#3362,1.0);
#3362=DIRECTION('',(0.233230877,-0.822786706,-0.518290839));
#3363=ORIENTED_EDGE('',*,*,#3364,.T.);
#3364=EDGE_CURVE('NONE',#3357,#3333,#3365,.F.);
#3365=LINE('',#3366,#3367);
#3366=CARTESIAN_POINT('',(0.59,-1.07,5.4));
#3367=VECTOR('',#3368,1.0);
#3368=DIRECTION('',(-1.0,-3.188829919E-16,0.0));
#3369=PLANE('',#3370);
#3370=AXIS2_PLACEMENT_3D('',#3371,#3372,#3373);
#3371=CARTESIAN_POINT('',(7.62,-2.739224999,4.348519686));
#3372=DIRECTION('',(-1.699614336E-16,0.532989962,-0.846121564));
#3373=DIRECTION('',(0.0,0.846121564,0.532989962));
#3374=ADVANCED_FACE('NONE',(#3375),#3393,.F.);
#3375=FACE_BOUND('NONE',#3376,.T.);
#3376=EDGE_LOOP('',(#3377,#3385,#3386,#3387));
#3377=ORIENTED_EDGE('',*,*,#3378,.T.);
#3378=EDGE_CURVE('NONE',#3379,#1656,#3381,.F.);
#3379=VERTEX_POINT('NONE',#3380);
#3380=CARTESIAN_POINT('',(0.59,-2.81,5.4));
#3381=LINE('',#3382,#3383);
#3382=CARTESIAN_POINT('',(0.23,-4.1,6.2));
#3383=VECTOR('',#3384,1.0);
#3384=DIRECTION('',(0.23076449,0.826906088,-0.512809977));
#3385=ORIENTED_EDGE('',*,*,#1655,.F.);
#3386=ORIENTED_EDGE('',*,*,#3323,.F.);
#3387=ORIENTED_EDGE('',*,*,#3388,.T.);
#3388=EDGE_CURVE('NONE',#3324,#3379,#3389,.F.);
#3389=LINE('',#3390,#3391);
#3390=CARTESIAN_POINT('',(0.59,-2.81,5.4));
#3391=VECTOR('',#3392,1.0);
#3392=DIRECTION('',(1.0,3.188829919E-16,0.0));
#3393=PLANE('',#3394);
#3394=AXIS2_PLACEMENT_3D('',#3395,#3396,#3397);
#3395=CARTESIAN_POINT('',(7.62,1.638123345,2.641473894));
#3396=DIRECTION('',(1.680624464E-16,-0.527034839,-0.849843679));
#3397=DIRECTION('',(0.0,0.849843679,-0.527034839));
#3398=ADVANCED_FACE('NONE',(#3399),#3410,.T.);
#3399=FACE_BOUND('NONE',#3400,.T.);
#3400=EDGE_LOOP('',(#3401,#3402,#3403,#3404));
#3401=ORIENTED_EDGE('',*,*,#3356,.F.);
#3402=ORIENTED_EDGE('',*,*,#1663,.F.);
#3403=ORIENTED_EDGE('',*,*,#3378,.F.);
#3404=ORIENTED_EDGE('',*,*,#3405,.T.);
#3405=EDGE_CURVE('NONE',#3379,#3357,#3406,.F.);
#3406=LINE('',#3407,#3408);
#3407=CARTESIAN_POINT('',(0.59,-2.81,5.4));
#3408=VECTOR('',#3409,1.0);
#3409=DIRECTION('',(0.0,-1.0,0.0));
#3410=PLANE('',#3411);
#3411=AXIS2_PLACEMENT_3D('',#3412,#3413,#3414);
#3412=CARTESIAN_POINT('',(3.794636175,-1.248369095E-15,-1.721413721));
#3413=DIRECTION('',(0.911921505,2.975964316E-16,0.410364677));
#3414=DIRECTION('',(0.410364677,0.0,-0.911921505));
#3415=ADVANCED_FACE('NONE',(#3416),#3441,.T.);
#3416=FACE_BOUND('NONE',#3417,.T.);
#3417=EDGE_LOOP('',(#3418,#3426,#3427,#3435));
#3418=ORIENTED_EDGE('',*,*,#3419,.T.);
#3419=EDGE_CURVE('NONE',#3420,#1682,#3422,.F.);
#3420=VERTEX_POINT('NONE',#3421);
#3421=CARTESIAN_POINT('',(4.49,-2.81,5.4));
#3422=LINE('',#3423,#3424);
#3423=CARTESIAN_POINT('',(4.85,-4.1,6.2));
#3424=VECTOR('',#3425,1.0);
#3425=DIRECTION('',(-0.23076449,0.826906088,-0.512809977));
#3426=ORIENTED_EDGE('',*,*,#1681,.F.);
#3427=ORIENTED_EDGE('',*,*,#3428,.T.);
#3428=EDGE_CURVE('NONE',#1674,#3429,#3431,.T.);
#3429=VERTEX_POINT('NONE',#3430);
#3430=CARTESIAN_POINT('',(4.49,-1.07,5.4));
#3431=LINE('',#3432,#3433);
#3432=CARTESIAN_POINT('',(4.85,0.2,6.2));
#3433=VECTOR('',#3434,1.0);
#3434=DIRECTION('',(-0.233230877,-0.822786706,-0.518290839));
#3435=ORIENTED_EDGE('',*,*,#3436,.T.);
#3436=EDGE_CURVE('NONE',#3429,#3420,#3437,.F.);
#3437=LINE('',#3438,#3439);
#3438=CARTESIAN_POINT('',(4.49,-2.81,5.4));
#3439=VECTOR('',#3440,1.0);
#3440=DIRECTION('',(-4.984837575E-16,1.0,0.0));
#3441=PLANE('',#3442);
#3442=AXIS2_PLACEMENT_3D('',#3443,#3444,#3445);
#3443=CARTESIAN_POINT('',(3.424033264,-1.099107573E-16,3.031185031));
#3444=DIRECTION('',(-0.911921505,-1.487982158E-17,0.410364677));
#3445=DIRECTION('',(0.410364677,0.0,0.911921505));
#3446=ADVANCED_FACE('NONE',(#3447),#3465,.F.);
#3447=FACE_BOUND('NONE',#3448,.T.);
#3448=EDGE_LOOP('',(#3449,#3450,#3451,#3459));
#3449=ORIENTED_EDGE('',*,*,#3428,.F.);
#3450=ORIENTED_EDGE('',*,*,#1671,.F.);
#3451=ORIENTED_EDGE('',*,*,#3452,.T.);
#3452=EDGE_CURVE('NONE',#1672,#3453,#3455,.T.);
#3453=VERTEX_POINT('NONE',#3454);
#3454=CARTESIAN_POINT('',(3.13,-1.07,5.4));
#3455=LINE('',#3456,#3457);
#3456=CARTESIAN_POINT('',(2.77,0.2,6.2));
#3457=VECTOR('',#3458,1.0);
#3458=DIRECTION('',(0.233230877,-0.822786706,-0.518290839));
#3459=ORIENTED_EDGE('',*,*,#3460,.T.);
#3460=EDGE_CURVE('NONE',#3453,#3429,#3461,.F.);
#3461=LINE('',#3462,#3463);
#3462=CARTESIAN_POINT('',(3.13,-1.07,5.4));
#3463=VECTOR('',#3464,1.0);
#3464=DIRECTION('',(-1.0,-3.188829919E-16,0.0));
#3465=PLANE('',#3466);
#3466=AXIS2_PLACEMENT_3D('',#3467,#3468,#3469);
#3467=CARTESIAN_POINT('',(10.16,-2.739224999,4.348519686));
#3468=DIRECTION('',(-1.699614336E-16,0.532989962,-0.846121564));
#3469=DIRECTION('',(0.0,0.846121564,0.532989962));
#3470=ADVANCED_FACE('NONE',(#3471),#3489,.F.);
#3471=FACE_BOUND('NONE',#3472,.T.);
#3472=EDGE_LOOP('',(#3473,#3481,#3482,#3483));
#3473=ORIENTED_EDGE('',*,*,#3474,.T.);
#3474=EDGE_CURVE('NONE',#3475,#1690,#3477,.F.);
#3475=VERTEX_POINT('NONE',#3476);
#3476=CARTESIAN_POINT('',(3.13,-2.81,5.4));
#3477=LINE('',#3478,#3479);
#3478=CARTESIAN_POINT('',(2.77,-4.1,6.2));
#3479=VECTOR('',#3480,1.0);
#3480=DIRECTION('',(0.23076449,0.826906088,-0.512809977));
#3481=ORIENTED_EDGE('',*,*,#1689,.F.);
#3482=ORIENTED_EDGE('',*,*,#3419,.F.);
#3483=ORIENTED_EDGE('',*,*,#3484,.T.);
#3484=EDGE_CURVE('NONE',#3420,#3475,#3485,.F.);
#3485=LINE('',#3486,#3487);
#3486=CARTESIAN_POINT('',(3.13,-2.81,5.4));
#3487=VECTOR('',#3488,1.0);
#3488=DIRECTION('',(1.0,3.188829919E-16,0.0));
#3489=PLANE('',#3490);
#3490=AXIS2_PLACEMENT_3D('',#3491,#3492,#3493);
#3491=CARTESIAN_POINT('',(10.16,1.638123345,2.641473894));
#3492=DIRECTION('',(1.680624464E-16,-0.527034839,-0.849843679));
#3493=DIRECTION('',(0.0,0.849843679,-0.527034839));
#3494=ADVANCED_FACE('NONE',(#3495),#3506,.T.);
#3495=FACE_BOUND('NONE',#3496,.T.);
#3496=EDGE_LOOP('',(#3497,#3498,#3499,#3500));
#3497=ORIENTED_EDGE('',*,*,#3452,.F.);
#3498=ORIENTED_EDGE('',*,*,#1697,.F.);
#3499=ORIENTED_EDGE('',*,*,#3474,.F.);
#3500=ORIENTED_EDGE('',*,*,#3501,.T.);
#3501=EDGE_CURVE('NONE',#3475,#3453,#3502,.F.);
#3502=LINE('',#3503,#3504);
#3503=CARTESIAN_POINT('',(3.13,-2.81,5.4));
#3504=VECTOR('',#3505,1.0);
#3505=DIRECTION('',(0.0,-1.0,0.0));
#3506=PLANE('',#3507);
#3507=AXIS2_PLACEMENT_3D('',#3508,#3509,#3510);
#3508=CARTESIAN_POINT('',(6.334636175,-1.248369095E-15,-1.721413721));
#3509=DIRECTION('',(0.911921505,2.975964316E-16,0.410364677));
#3510=DIRECTION('',(0.410364677,0.0,-0.911921505));
#3511=ADVANCED_FACE('NONE',(#3512),#3537,.T.);
#3512=FACE_BOUND('NONE',#3513,.T.);
#3513=EDGE_LOOP('',(#3514,#3522,#3523,#3531));
#3514=ORIENTED_EDGE('',*,*,#3515,.T.);
#3515=EDGE_CURVE('NONE',#3516,#1716,#3518,.F.);
#3516=VERTEX_POINT('NONE',#3517);
#3517=CARTESIAN_POINT('',(7.03,-2.81,5.4));
#3518=LINE('',#3519,#3520);
#3519=CARTESIAN_POINT('',(7.39,-4.1,6.2));
#3520=VECTOR('',#3521,1.0);
#3521=DIRECTION('',(-0.23076449,0.826906088,-0.512809977));
#3522=ORIENTED_EDGE('',*,*,#1715,.F.);
#3523=ORIENTED_EDGE('',*,*,#3524,.T.);
#3524=EDGE_CURVE('NONE',#1708,#3525,#3527,.T.);
#3525=VERTEX_POINT('NONE',#3526);
#3526=CARTESIAN_POINT('',(7.03,-1.07,5.4));
#3527=LINE('',#3528,#3529);
#3528=CARTESIAN_POINT('',(7.39,0.2,6.2));
#3529=VECTOR('',#3530,1.0);
#3530=DIRECTION('',(-0.233230877,-0.822786706,-0.518290839));
#3531=ORIENTED_EDGE('',*,*,#3532,.T.);
#3532=EDGE_CURVE('NONE',#3525,#3516,#3533,.F.);
#3533=LINE('',#3534,#3535);
#3534=CARTESIAN_POINT('',(7.03,-2.81,5.4));
#3535=VECTOR('',#3536,1.0);
#3536=DIRECTION('',(-4.984837575E-16,1.0,0.0));
#3537=PLANE('',#3538);
#3538=AXIS2_PLACEMENT_3D('',#3539,#3540,#3541);
#3539=CARTESIAN_POINT('',(5.964033264,-1.099107573E-16,3.031185031));
#3540=DIRECTION('',(-0.911921505,-1.487982158E-17,0.410364677));
#3541=DIRECTION('',(0.410364677,0.0,0.911921505));
#3542=ADVANCED_FACE('NONE',(#3543),#3561,.F.);
#3543=FACE_BOUND('NONE',#3544,.T.);
#3544=EDGE_LOOP('',(#3545,#3546,#3547,#3555));
#3545=ORIENTED_EDGE('',*,*,#3524,.F.);
#3546=ORIENTED_EDGE('',*,*,#1705,.F.);
#3547=ORIENTED_EDGE('',*,*,#3548,.T.);
#3548=EDGE_CURVE('NONE',#1706,#3549,#3551,.T.);
#3549=VERTEX_POINT('NONE',#3550);
#3550=CARTESIAN_POINT('',(5.67,-1.07,5.4));
#3551=LINE('',#3552,#3553);
#3552=CARTESIAN_POINT('',(5.31,0.2,6.2));
#3553=VECTOR('',#3554,1.0);
#3554=DIRECTION('',(0.233230877,-0.822786706,-0.518290839));
#3555=ORIENTED_EDGE('',*,*,#3556,.T.);
#3556=EDGE_CURVE('NONE',#3549,#3525,#3557,.F.);
#3557=LINE('',#3558,#3559);
#3558=CARTESIAN_POINT('',(5.67,-1.07,5.4));
#3559=VECTOR('',#3560,1.0);
#3560=DIRECTION('',(-1.0,-3.188829919E-16,0.0));
#3561=PLANE('',#3562);
#3562=AXIS2_PLACEMENT_3D('',#3563,#3564,#3565);
#3563=CARTESIAN_POINT('',(12.7,-2.739224999,4.348519686));
#3564=DIRECTION('',(-1.699614336E-16,0.532989962,-0.846121564));
#3565=DIRECTION('',(0.0,0.846121564,0.532989962));
#3566=ADVANCED_FACE('NONE',(#3567),#3585,.F.);
#3567=FACE_BOUND('NONE',#3568,.T.);
#3568=EDGE_LOOP('',(#3569,#3577,#3578,#3579));
#3569=ORIENTED_EDGE('',*,*,#3570,.T.);
#3570=EDGE_CURVE('NONE',#3571,#1724,#3573,.F.);
#3571=VERTEX_POINT('NONE',#3572);
#3572=CARTESIAN_POINT('',(5.67,-2.81,5.4));
#3573=LINE('',#3574,#3575);
#3574=CARTESIAN_POINT('',(5.31,-4.1,6.2));
#3575=VECTOR('',#3576,1.0);
#3576=DIRECTION('',(0.23076449,0.826906088,-0.512809977));
#3577=ORIENTED_EDGE('',*,*,#1723,.F.);
#3578=ORIENTED_EDGE('',*,*,#3515,.F.);
#3579=ORIENTED_EDGE('',*,*,#3580,.T.);
#3580=EDGE_CURVE('NONE',#3516,#3571,#3581,.F.);
#3581=LINE('',#3582,#3583);
#3582=CARTESIAN_POINT('',(5.67,-2.81,5.4));
#3583=VECTOR('',#3584,1.0);
#3584=DIRECTION('',(1.0,3.188829919E-16,0.0));
#3585=PLANE('',#3586);
#3586=AXIS2_PLACEMENT_3D('',#3587,#3588,#3589);
#3587=CARTESIAN_POINT('',(12.7,1.638123345,2.641473894));
#3588=DIRECTION('',(1.680624464E-16,-0.527034839,-0.849843679));
#3589=DIRECTION('',(0.0,0.849843679,-0.527034839));
#3590=ADVANCED_FACE('NONE',(#3591),#3602,.T.);
#3591=FACE_BOUND('NONE',#3592,.T.);
#3592=EDGE_LOOP('',(#3593,#3594,#3595,#3596));
#3593=ORIENTED_EDGE('',*,*,#3548,.F.);
#3594=ORIENTED_EDGE('',*,*,#1731,.F.);
#3595=ORIENTED_EDGE('',*,*,#3570,.F.);
#3596=ORIENTED_EDGE('',*,*,#3597,.T.);
#3597=EDGE_CURVE('NONE',#3571,#3549,#3598,.F.);
#3598=LINE('',#3599,#3600);
#3599=CARTESIAN_POINT('',(5.67,-2.81,5.4));
#3600=VECTOR('',#3601,1.0);
#3601=DIRECTION('',(0.0,-1.0,0.0));
#3602=PLANE('',#3603);
#3603=AXIS2_PLACEMENT_3D('',#3604,#3605,#3606);
#3604=CARTESIAN_POINT('',(8.874636175,-1.248369095E-15,-1.721413721));
#3605=DIRECTION('',(0.911921505,2.975964316E-16,0.410364677));
#3606=DIRECTION('',(0.410364677,0.0,-0.911921505));
#3607=ADVANCED_FACE('NONE',(#3608),#3614,.F.);
#3608=FACE_BOUND('NONE',#3609,.T.);
#3609=EDGE_LOOP('',(#3610,#3611,#3612,#3613));
#3610=ORIENTED_EDGE('',*,*,#1230,.F.);
#3611=ORIENTED_EDGE('',*,*,#1200,.F.);
#3612=ORIENTED_EDGE('',*,*,#1247,.F.);
#3613=ORIENTED_EDGE('',*,*,#1960,.F.);
#3614=CONICAL_SURFACE('',#3615,1.024999906,4.285833775E-04);
#3615=AXIS2_PLACEMENT_3D('',#3616,#3617,#3618);
#3616=CARTESIAN_POINT('',(6.35,4.249560702,3.096357229));
#3617=DIRECTION('',(0.0,0.999999908,-4.285833644E-04));
#3618=DIRECTION('',(0.0,4.285833644E-04,0.999999908));
#3619=ADVANCED_FACE('NONE',(#3620),#3626,.T.);
#3620=FACE_BOUND('NONE',#3621,.T.);
#3621=EDGE_LOOP('',(#3622,#3623,#3624,#3625));
#3622=ORIENTED_EDGE('',*,*,#1192,.F.);
#3623=ORIENTED_EDGE('',*,*,#1162,.F.);
#3624=ORIENTED_EDGE('',*,*,#1209,.F.);
#3625=ORIENTED_EDGE('',*,*,#1223,.F.);
#3626=CONICAL_SURFACE('',#3627,1.024292743,1.570367743);
#3627=AXIS2_PLACEMENT_3D('',#3628,#3629,#3630);
#3628=CARTESIAN_POINT('',(6.35,2.599561005,3.097064392));
#3629=DIRECTION('',(0.0,-0.999999908,4.285833644E-04));
#3630=DIRECTION('',(0.0,-4.285833644E-04,-0.999999908));
#3631=ADVANCED_FACE('NONE',(#3632),#3638,.F.);
#3632=FACE_BOUND('NONE',#3633,.T.);
#3633=EDGE_LOOP('',(#3634,#3635,#3636,#3637));
#3634=ORIENTED_EDGE('',*,*,#1154,.F.);
#3635=ORIENTED_EDGE('',*,*,#1124,.F.);
#3636=ORIENTED_EDGE('',*,*,#1171,.F.);
#3637=ORIENTED_EDGE('',*,*,#1185,.F.);
#3638=CONICAL_SURFACE('',#3639,0.824292762,4.285833775E-04);
#3639=AXIS2_PLACEMENT_3D('',#3640,#3641,#3642);
#3640=CARTESIAN_POINT('',(6.35,2.599646722,3.097064355));
#3641=DIRECTION('',(0.0,0.999999908,-4.285833644E-04));
#3642=DIRECTION('',(0.0,4.285833644E-04,0.999999908));
#3643=ADVANCED_FACE('NONE',(#3644),#3650,.T.);
#3644=FACE_BOUND('NONE',#3645,.T.);
#3645=EDGE_LOOP('',(#3646,#3647,#3648,#3649));
#3646=ORIENTED_EDGE('',*,*,#1116,.F.);
#3647=ORIENTED_EDGE('',*,*,#1086,.F.);
#3648=ORIENTED_EDGE('',*,*,#1133,.F.);
#3649=ORIENTED_EDGE('',*,*,#1147,.F.);
#3650=CONICAL_SURFACE('',#3651,0.824207045,1.570367743);
#3651=AXIS2_PLACEMENT_3D('',#3652,#3653,#3654);
#3652=CARTESIAN_POINT('',(6.35,2.399646759,3.097150072));
#3653=DIRECTION('',(0.0,-0.999999908,4.285833644E-04));
#3654=DIRECTION('',(0.0,-4.285833644E-04,-0.999999908));
#3655=ADVANCED_FACE('NONE',(#3656),#3668,.F.);
#3656=FACE_BOUND('NONE',#3657,.T.);
#3657=EDGE_LOOP('',(#3658,#3659,#3666,#3667));
#3658=ORIENTED_EDGE('',*,*,#1078,.F.);
#3659=ORIENTED_EDGE('',*,*,#3660,.T.);
#3660=EDGE_CURVE('NONE',#1070,#1068,#3661,.T.);
#3661=CIRCLE('',#3662,0.624099918);
#3662=AXIS2_PLACEMENT_3D('',#3663,#3664,#3665);
#3663=CARTESIAN_POINT('',(6.35,2.149732521,3.097257181));
#3664=DIRECTION('',(0.0,-0.999999908,4.285833644E-04));
#3665=DIRECTION('',(0.0,-4.285833644E-04,-0.999999908));
#3666=ORIENTED_EDGE('',*,*,#1095,.F.);
#3667=ORIENTED_EDGE('',*,*,#1109,.F.);
#3668=CONICAL_SURFACE('',#3669,0.624207063,4.285833775E-04);
#3669=AXIS2_PLACEMENT_3D('',#3670,#3671,#3672);
#3670=CARTESIAN_POINT('',(6.35,2.399732475,3.097150035));
#3671=DIRECTION('',(0.0,0.999999908,-4.285833644E-04));
#3672=DIRECTION('',(0.0,4.285833644E-04,0.999999908));
#3673=ADVANCED_FACE('NONE',(#3674),#3745,.F.);
#3674=FACE_BOUND('NONE',#3675,.T.);
#3675=EDGE_LOOP('',(#3676,#3677,#3683,#3684,#3692,#3700,#3708,#3716,#3722,#3723,#3731,#3739));
#3676=ORIENTED_EDGE('',*,*,#2705,.F.);
#3677=ORIENTED_EDGE('',*,*,#3678,.T.);
#3678=EDGE_CURVE('NONE',#2698,#1480,#3679,.F.);
#3679=LINE('',#3680,#3681);
#3680=CARTESIAN_POINT('',(7.39,-3.25,5.4));
#3681=VECTOR('',#3682,1.0);
#3682=DIRECTION('',(1.104919411E-16,-1.0,0.0));
#3683=ORIENTED_EDGE('',*,*,#1479,.F.);
#3684=ORIENTED_EDGE('',*,*,#3685,.T.);
#3685=EDGE_CURVE('NONE',#1472,#3686,#3688,.T.);
#3686=VERTEX_POINT('NONE',#3687);
#3687=CARTESIAN_POINT('',(7.39,2.150396825,4.647257038));
#3688=LINE('',#3689,#3690);
#3689=CARTESIAN_POINT('',(7.39,-6.982484329,4.65117124));
#3690=VECTOR('',#3691,1.0);
#3691=DIRECTION('',(7.281441942E-21,0.999999908,-4.285833644E-04));
#3692=ORIENTED_EDGE('',*,*,#3693,.T.);
#3693=EDGE_CURVE('NONE',#3686,#3694,#3696,.F.);
#3694=VERTEX_POINT('NONE',#3695);
#3695=CARTESIAN_POINT('',(7.39,2.149068217,1.547257323));
#3696=LINE('',#3697,#3698);
#3697=CARTESIAN_POINT('',(7.39,2.150396825,4.647257038));
#3698=VECTOR('',#3699,1.0);
#3699=DIRECTION('',(0.0,4.285833644E-04,0.999999908));
#3700=ORIENTED_EDGE('',*,*,#3701,.T.);
#3701=EDGE_CURVE('NONE',#3694,#3702,#3704,.F.);
#3702=VERTEX_POINT('NONE',#3703);
#3703=CARTESIAN_POINT('',(7.39,-3.25,1.549571274));
#3704=LINE('',#3705,#3706);
#3705=CARTESIAN_POINT('',(7.39,-6.983812938,1.551171524));
#3706=VECTOR('',#3707,1.0);
#3707=DIRECTION('',(7.281441942E-21,0.999999908,-4.285833644E-04));
#3708=ORIENTED_EDGE('',*,*,#3709,.T.);
#3709=EDGE_CURVE('NONE',#3702,#3710,#3712,.F.);
#3710=VERTEX_POINT('NONE',#3711);
#3711=CARTESIAN_POINT('',(7.39,-3.25,0.9));
#3712=LINE('',#3713,#3714);
#3713=CARTESIAN_POINT('',(7.39,-3.25,2.855722927));
#3714=VECTOR('',#3715,1.0);
#3715=DIRECTION('',(0.0,0.0,1.0));
#3716=ORIENTED_EDGE('',*,*,#3717,.T.);
#3717=EDGE_CURVE('NONE',#3710,#2738,#3718,.T.);
#3718=LINE('',#3719,#3720);
#3719=CARTESIAN_POINT('',(7.39,-3.25,0.9));
#3720=VECTOR('',#3721,1.0);
#3721=DIRECTION('',(1.104919411E-16,-1.0,0.0));
#3722=ORIENTED_EDGE('',*,*,#2737,.F.);
#3723=ORIENTED_EDGE('',*,*,#3724,.T.);
#3724=EDGE_CURVE('NONE',#2730,#3725,#3727,.F.);
#3725=VERTEX_POINT('NONE',#3726);
#3726=CARTESIAN_POINT('',(7.39,-3.25,2.855722927));
#3727=LINE('',#3728,#3729);
#3728=CARTESIAN_POINT('',(7.39,-3.25,2.855722927));
#3729=VECTOR('',#3730,1.0);
#3730=DIRECTION('',(1.104919411E-16,-1.0,0.0));
#3731=ORIENTED_EDGE('',*,*,#3732,.T.);
#3732=EDGE_CURVE('NONE',#3725,#3733,#3735,.F.);
#3733=VERTEX_POINT('NONE',#3734);
#3734=CARTESIAN_POINT('',(7.39,-3.25,3.444277073));
#3735=LINE('',#3736,#3737);
#3736=CARTESIAN_POINT('',(7.39,-3.25,4.65117124));
#3737=VECTOR('',#3738,1.0);
#3738=DIRECTION('',(3.120704885E-24,0.0,-1.0));
#3739=ORIENTED_EDGE('',*,*,#3740,.T.);
#3740=EDGE_CURVE('NONE',#3733,#2706,#3741,.T.);
#3741=LINE('',#3742,#3743);
#3742=CARTESIAN_POINT('',(7.39,-3.25,3.444277073));
#3743=VECTOR('',#3744,1.0);
#3744=DIRECTION('',(1.104919411E-16,-1.0,0.0));
#3745=PLANE('',#3746);
#3746=AXIS2_PLACEMENT_3D('',#3747,#3748,#3749);
#3747=CARTESIAN_POINT('',(7.39,-3.25,5.4));
#3748=DIRECTION('',(1.0,1.104919411E-16,0.0));
#3749=DIRECTION('',(-1.104919411E-16,1.0,0.0));
#3750=ADVANCED_FACE('NONE',(#3751),#3769,.F.);
#3751=FACE_BOUND('NONE',#3752,.T.);
#3752=EDGE_LOOP('',(#3753,#3754,#3755,#3763));
#3753=ORIENTED_EDGE('',*,*,#2713,.F.);
#3754=ORIENTED_EDGE('',*,*,#3740,.F.);
#3755=ORIENTED_EDGE('',*,*,#3756,.T.);
#3756=EDGE_CURVE('NONE',#3733,#3757,#3759,.F.);
#3757=VERTEX_POINT('NONE',#3758);
#3758=CARTESIAN_POINT('',(7.022225498,-3.25,3.444277073));
#3759=LINE('',#3760,#3761);
#3760=CARTESIAN_POINT('',(7.39,-3.25,3.444277073));
#3761=VECTOR('',#3762,1.0);
#3762=DIRECTION('',(1.0,0.0,0.0));
#3763=ORIENTED_EDGE('',*,*,#3764,.T.);
#3764=EDGE_CURVE('NONE',#3757,#2714,#3765,.T.);
#3765=LINE('',#3766,#3767);
#3766=CARTESIAN_POINT('',(7.022225498,-3.25,3.444277073));
#3767=VECTOR('',#3768,1.0);
#3768=DIRECTION('',(1.104919411E-16,-1.0,0.0));
#3769=PLANE('',#3770);
#3770=AXIS2_PLACEMENT_3D('',#3771,#3772,#3773);
#3771=CARTESIAN_POINT('',(7.39,-3.25,3.444277073));
#3772=DIRECTION('',(0.0,0.0,-1.0));
#3773=DIRECTION('',(-1.0,0.0,0.0));
#3774=ADVANCED_FACE('NONE',(#3775),#3793,.F.);
#3775=FACE_BOUND('NONE',#3776,.T.);
#3776=EDGE_LOOP('',(#3777,#3778,#3779,#3787));
#3777=ORIENTED_EDGE('',*,*,#2721,.F.);
#3778=ORIENTED_EDGE('',*,*,#3764,.F.);
#3779=ORIENTED_EDGE('',*,*,#3780,.T.);
#3780=EDGE_CURVE('NONE',#3757,#3781,#3783,.F.);
#3781=VERTEX_POINT('NONE',#3782);
#3782=CARTESIAN_POINT('',(7.022225498,-3.25,2.855722927));
#3783=LINE('',#3784,#3785);
#3784=CARTESIAN_POINT('',(7.022225498,-3.25,3.444277073));
#3785=VECTOR('',#3786,1.0);
#3786=DIRECTION('',(0.0,0.0,1.0));
#3787=ORIENTED_EDGE('',*,*,#3788,.T.);
#3788=EDGE_CURVE('NONE',#3781,#2722,#3789,.T.);
#3789=LINE('',#3790,#3791);
#3790=CARTESIAN_POINT('',(7.022225498,-3.25,2.855722927));
#3791=VECTOR('',#3792,1.0);
#3792=DIRECTION('',(1.104919411E-16,-1.0,0.0));
#3793=PLANE('',#3794);
#3794=AXIS2_PLACEMENT_3D('',#3795,#3796,#3797);
#3795=CARTESIAN_POINT('',(7.022225498,-3.25,3.444277073));
#3796=DIRECTION('',(1.0,1.104919411E-16,0.0));
#3797=DIRECTION('',(-1.104919411E-16,1.0,0.0));
#3798=ADVANCED_FACE('NONE',(#3799),#3810,.F.);
#3799=FACE_BOUND('NONE',#3800,.T.);
#3800=EDGE_LOOP('',(#3801,#3802,#3803,#3809));
#3801=ORIENTED_EDGE('',*,*,#2729,.F.);
#3802=ORIENTED_EDGE('',*,*,#3788,.F.);
#3803=ORIENTED_EDGE('',*,*,#3804,.T.);
#3804=EDGE_CURVE('NONE',#3781,#3725,#3805,.F.);
#3805=LINE('',#3806,#3807);
#3806=CARTESIAN_POINT('',(7.39,-3.25,2.855722927));
#3807=VECTOR('',#3808,1.0);
#3808=DIRECTION('',(-1.0,0.0,0.0));
#3809=ORIENTED_EDGE('',*,*,#3724,.F.);
#3810=PLANE('',#3811);
#3811=AXIS2_PLACEMENT_3D('',#3812,#3813,#3814);
#3812=CARTESIAN_POINT('',(7.39,-3.25,2.855722927));
#3813=DIRECTION('',(0.0,0.0,1.0));
#3814=DIRECTION('',(1.0,0.0,0.0));
#3815=ADVANCED_FACE('NONE',(#3816),#3834,.F.);
#3816=FACE_BOUND('NONE',#3817,.T.);
#3817=EDGE_LOOP('',(#3818,#3819,#3820,#3828));
#3818=ORIENTED_EDGE('',*,*,#2745,.F.);
#3819=ORIENTED_EDGE('',*,*,#3717,.F.);
#3820=ORIENTED_EDGE('',*,*,#3821,.T.);
#3821=EDGE_CURVE('NONE',#3710,#3822,#3824,.F.);
#3822=VERTEX_POINT('NONE',#3823);
#3823=CARTESIAN_POINT('',(5.31,-3.25,0.9));
#3824=LINE('',#3825,#3826);
#3825=CARTESIAN_POINT('',(7.39,-3.25,0.9));
#3826=VECTOR('',#3827,1.0);
#3827=DIRECTION('',(1.0,0.0,1.042502089E-16));
#3828=ORIENTED_EDGE('',*,*,#3829,.T.);
#3829=EDGE_CURVE('NONE',#3822,#2746,#3830,.T.);
#3830=LINE('',#3831,#3832);
#3831=CARTESIAN_POINT('',(5.31,-3.25,0.9));
#3832=VECTOR('',#3833,1.0);
#3833=DIRECTION('',(1.104919411E-16,-1.0,0.0));
#3834=PLANE('',#3835);
#3835=AXIS2_PLACEMENT_3D('',#3836,#3837,#3838);
#3836=CARTESIAN_POINT('',(7.39,-3.25,0.9));
#3837=DIRECTION('',(1.042502089E-16,1.151880795E-32,-1.0));
#3838=DIRECTION('',(-1.0,0.0,-1.042502089E-16));
#3839=ADVANCED_FACE('NONE',(#3840),#3904,.F.);
#3840=FACE_BOUND('NONE',#3841,.T.);
#3841=EDGE_LOOP('',(#3842,#3843,#3844,#3852,#3860,#3868,#3874,#3875,#3881,#3882,#3890,#3898));
#3842=ORIENTED_EDGE('',*,*,#2753,.F.);
#3843=ORIENTED_EDGE('',*,*,#3829,.F.);
#3844=ORIENTED_EDGE('',*,*,#3845,.T.);
#3845=EDGE_CURVE('NONE',#3822,#3846,#3848,.F.);
#3846=VERTEX_POINT('NONE',#3847);
#3847=CARTESIAN_POINT('',(5.31,-3.25,1.549571274));
#3848=LINE('',#3849,#3850);
#3849=CARTESIAN_POINT('',(5.31,-3.25,2.855722927));
#3850=VECTOR('',#3851,1.0);
#3851=DIRECTION('',(-1.330497883E-15,0.0,-1.0));
#3852=ORIENTED_EDGE('',*,*,#3853,.T.);
#3853=EDGE_CURVE('NONE',#3846,#3854,#3856,.T.);
#3854=VERTEX_POINT('NONE',#3855);
#3855=CARTESIAN_POINT('',(5.31,2.149068217,1.547257323));
#3856=LINE('',#3857,#3858);
#3857=CARTESIAN_POINT('',(5.31,-6.983812938,1.551171524));
#3858=VECTOR('',#3859,1.0);
#3859=DIRECTION('',(7.281441942E-21,0.999999908,-4.285833644E-04));
#3860=ORIENTED_EDGE('',*,*,#3861,.T.);
#3861=EDGE_CURVE('NONE',#3854,#3862,#3864,.F.);
#3862=VERTEX_POINT('NONE',#3863);
#3863=CARTESIAN_POINT('',(5.31,2.150396825,4.647257038));
#3864=LINE('',#3865,#3866);
#3865=CARTESIAN_POINT('',(5.31,2.150396825,4.647257038));
#3866=VECTOR('',#3867,1.0);
#3867=DIRECTION('',(0.0,-4.285833644E-04,-0.999999908));
#3868=ORIENTED_EDGE('',*,*,#3869,.T.);
#3869=EDGE_CURVE('NONE',#3862,#1464,#3870,.F.);
#3870=LINE('',#3871,#3872);
#3871=CARTESIAN_POINT('',(5.31,-6.982484329,4.65117124));
#3872=VECTOR('',#3873,1.0);
#3873=DIRECTION('',(7.281441942E-21,0.999999908,-4.285833644E-04));
#3874=ORIENTED_EDGE('',*,*,#1461,.F.);
#3875=ORIENTED_EDGE('',*,*,#3876,.T.);
#3876=EDGE_CURVE('NONE',#1462,#2696,#3877,.T.);
#3877=LINE('',#3878,#3879);
#3878=CARTESIAN_POINT('',(5.31,-3.25,5.4));
#3879=VECTOR('',#3880,1.0);
#3880=DIRECTION('',(1.104919411E-16,-1.0,0.0));
#3881=ORIENTED_EDGE('',*,*,#2785,.F.);
#3882=ORIENTED_EDGE('',*,*,#3883,.T.);
#3883=EDGE_CURVE('NONE',#2778,#3884,#3886,.F.);
#3884=VERTEX_POINT('NONE',#3885);
#3885=CARTESIAN_POINT('',(5.31,-3.25,3.444277073));
#3886=LINE('',#3887,#3888);
#3887=CARTESIAN_POINT('',(5.31,-3.25,3.444277073));
#3888=VECTOR('',#3889,1.0);
#3889=DIRECTION('',(1.104919411E-16,-1.0,0.0));
#3890=ORIENTED_EDGE('',*,*,#3891,.T.);
#3891=EDGE_CURVE('NONE',#3884,#3892,#3894,.F.);
#3892=VERTEX_POINT('NONE',#3893);
#3893=CARTESIAN_POINT('',(5.31,-3.25,2.855722927));
#3894=LINE('',#3895,#3896);
#3895=CARTESIAN_POINT('',(5.31,-3.25,4.65117124));
#3896=VECTOR('',#3897,1.0);
#3897=DIRECTION('',(-3.120704885E-24,0.0,1.0));
#3898=ORIENTED_EDGE('',*,*,#3899,.T.);
#3899=EDGE_CURVE('NONE',#3892,#2754,#3900,.T.);
#3900=LINE('',#3901,#3902);
#3901=CARTESIAN_POINT('',(5.31,-3.25,2.855722927));
#3902=VECTOR('',#3903,1.0);
#3903=DIRECTION('',(1.104919411E-16,-1.0,0.0));
#3904=PLANE('',#3905);
#3905=AXIS2_PLACEMENT_3D('',#3906,#3907,#3908);
#3906=CARTESIAN_POINT('',(5.31,-3.25,2.855722927));
#3907=DIRECTION('',(-1.0,-1.104919411E-16,1.330497883E-15));
#3908=DIRECTION('',(1.330497883E-15,0.0,1.0));
#3909=ADVANCED_FACE('NONE',(#3910),#3928,.F.);
#3910=FACE_BOUND('NONE',#3911,.T.);
#3911=EDGE_LOOP('',(#3912,#3913,#3914,#3922));
#3912=ORIENTED_EDGE('',*,*,#2761,.F.);
#3913=ORIENTED_EDGE('',*,*,#3899,.F.);
#3914=ORIENTED_EDGE('',*,*,#3915,.T.);
#3915=EDGE_CURVE('NONE',#3892,#3916,#3918,.F.);
#3916=VERTEX_POINT('NONE',#3917);
#3917=CARTESIAN_POINT('',(5.677774502,-3.25,2.855722927));
#3918=LINE('',#3919,#3920);
#3919=CARTESIAN_POINT('',(5.31,-3.25,2.855722927));
#3920=VECTOR('',#3921,1.0);
#3921=DIRECTION('',(-1.0,0.0,0.0));
#3922=ORIENTED_EDGE('',*,*,#3923,.T.);
#3923=EDGE_CURVE('NONE',#3916,#2762,#3924,.T.);
#3924=LINE('',#3925,#3926);
#3925=CARTESIAN_POINT('',(5.677774502,-3.25,2.855722927));
#3926=VECTOR('',#3927,1.0);
#3927=DIRECTION('',(1.104919411E-16,-1.0,0.0));
#3928=PLANE('',#3929);
#3929=AXIS2_PLACEMENT_3D('',#3930,#3931,#3932);
#3930=CARTESIAN_POINT('',(5.31,-3.25,2.855722927));
#3931=DIRECTION('',(0.0,0.0,1.0));
#3932=DIRECTION('',(1.0,0.0,0.0));
#3933=ADVANCED_FACE('NONE',(#3934),#3952,.F.);
#3934=FACE_BOUND('NONE',#3935,.T.);
#3935=EDGE_LOOP('',(#3936,#3937,#3938,#3946));
#3936=ORIENTED_EDGE('',*,*,#2769,.F.);
#3937=ORIENTED_EDGE('',*,*,#3923,.F.);
#3938=ORIENTED_EDGE('',*,*,#3939,.T.);
#3939=EDGE_CURVE('NONE',#3916,#3940,#3942,.F.);
#3940=VERTEX_POINT('NONE',#3941);
#3941=CARTESIAN_POINT('',(5.677774502,-3.25,3.444277073));
#3942=LINE('',#3943,#3944);
#3943=CARTESIAN_POINT('',(5.677774502,-3.25,3.444277073));
#3944=VECTOR('',#3945,1.0);
#3945=DIRECTION('',(2.947432257E-15,0.0,-1.0));
#3946=ORIENTED_EDGE('',*,*,#3947,.T.);
#3947=EDGE_CURVE('NONE',#3940,#2770,#3948,.T.);
#3948=LINE('',#3949,#3950);
#3949=CARTESIAN_POINT('',(5.677774502,-3.25,3.444277073));
#3950=VECTOR('',#3951,1.0);
#3951=DIRECTION('',(1.104919411E-16,-1.0,0.0));
#3952=PLANE('',#3953);
#3953=AXIS2_PLACEMENT_3D('',#3954,#3955,#3956);
#3954=CARTESIAN_POINT('',(5.677774502,-3.25,3.444277073));
#3955=DIRECTION('',(-1.0,-1.104919411E-16,-2.947432257E-15));
#3956=DIRECTION('',(-2.947432257E-15,0.0,1.0));
#3957=ADVANCED_FACE('NONE',(#3958),#3969,.F.);
#3958=FACE_BOUND('NONE',#3959,.T.);
#3959=EDGE_LOOP('',(#3960,#3961,#3962,#3968));
#3960=ORIENTED_EDGE('',*,*,#2777,.F.);
#3961=ORIENTED_EDGE('',*,*,#3947,.F.);
#3962=ORIENTED_EDGE('',*,*,#3963,.T.);
#3963=EDGE_CURVE('NONE',#3940,#3884,#3964,.F.);
#3964=LINE('',#3965,#3966);
#3965=CARTESIAN_POINT('',(5.31,-3.25,3.444277073));
#3966=VECTOR('',#3967,1.0);
#3967=DIRECTION('',(1.0,0.0,0.0));
#3968=ORIENTED_EDGE('',*,*,#3883,.F.);
#3969=PLANE('',#3970);
#3970=AXIS2_PLACEMENT_3D('',#3971,#3972,#3973);
#3971=CARTESIAN_POINT('',(5.31,-3.25,3.444277073));
#3972=DIRECTION('',(0.0,0.0,-1.0));
#3973=DIRECTION('',(-1.0,0.0,0.0));
#3974=ADVANCED_FACE('NONE',(#3975),#3981,.F.);
#3975=FACE_BOUND('NONE',#3976,.T.);
#3976=EDGE_LOOP('',(#3977,#3978,#3979,#3980));
#3977=ORIENTED_EDGE('',*,*,#2695,.F.);
#3978=ORIENTED_EDGE('',*,*,#3876,.F.);
#3979=ORIENTED_EDGE('',*,*,#1487,.F.);
#3980=ORIENTED_EDGE('',*,*,#3678,.F.);
#3981=PLANE('',#3982);
#3982=AXIS2_PLACEMENT_3D('',#3983,#3984,#3985);
#3983=CARTESIAN_POINT('',(7.39,-3.25,5.4));
#3984=DIRECTION('',(0.0,0.0,1.0));
#3985=DIRECTION('',(1.0,0.0,0.0));
#3986=ADVANCED_FACE('NONE',(#3987),#3998,.F.);
#3987=FACE_BOUND('NONE',#3988,.T.);
#3988=EDGE_LOOP('',(#3989,#3990,#3996,#3997));
#3989=ORIENTED_EDGE('',*,*,#3709,.F.);
#3990=ORIENTED_EDGE('',*,*,#3991,.T.);
#3991=EDGE_CURVE('NONE',#3702,#3846,#3992,.T.);
#3992=LINE('',#3993,#3994);
#3993=CARTESIAN_POINT('',(5.31,-3.25,1.549571274));
#3994=VECTOR('',#3995,1.0);
#3995=DIRECTION('',(-1.0,0.0,0.0));
#3996=ORIENTED_EDGE('',*,*,#3845,.F.);
#3997=ORIENTED_EDGE('',*,*,#3821,.F.);
#3998=PLANE('',#3999);
#3999=AXIS2_PLACEMENT_3D('',#4000,#4001,#4002);
#4000=CARTESIAN_POINT('',(-1.104919411E-16,-3.25,0.0));
#4001=DIRECTION('',(0.0,1.0,0.0));
#4002=DIRECTION('',(0.0,0.0,1.0));
#4003=ADVANCED_FACE('NONE',(#4004),#4075,.F.);
#4004=FACE_BOUND('NONE',#4005,.T.);
#4005=EDGE_LOOP('',(#4006,#4007,#4013,#4014,#4022,#4030,#4038,#4046,#4052,#4053,#4061,#4069));
#4006=ORIENTED_EDGE('',*,*,#2607,.F.);
#4007=ORIENTED_EDGE('',*,*,#4008,.T.);
#4008=EDGE_CURVE('NONE',#2600,#1280,#4009,.F.);
#4009=LINE('',#4010,#4011);
#4010=CARTESIAN_POINT('',(-5.31,-3.25,5.4));
#4011=VECTOR('',#4012,1.0);
#4012=DIRECTION('',(1.104919411E-16,-1.0,0.0));
#4013=ORIENTED_EDGE('',*,*,#1279,.F.);
#4014=ORIENTED_EDGE('',*,*,#4015,.T.);
#4015=EDGE_CURVE('NONE',#1272,#4016,#4018,.T.);
#4016=VERTEX_POINT('NONE',#4017);
#4017=CARTESIAN_POINT('',(-5.31,2.150396825,4.647257038));
#4018=LINE('',#4019,#4020);
#4019=CARTESIAN_POINT('',(-5.31,-6.982484329,4.65117124));
#4020=VECTOR('',#4021,1.0);
#4021=DIRECTION('',(7.281441942E-21,0.999999908,-4.285833644E-04));
#4022=ORIENTED_EDGE('',*,*,#4023,.T.);
#4023=EDGE_CURVE('NONE',#4016,#4024,#4026,.F.);
#4024=VERTEX_POINT('NONE',#4025);
#4025=CARTESIAN_POINT('',(-5.31,2.149068217,1.547257323));
#4026=LINE('',#4027,#4028);
#4027=CARTESIAN_POINT('',(-5.31,2.150396825,4.647257038));
#4028=VECTOR('',#4029,1.0);
#4029=DIRECTION('',(0.0,4.285833644E-04,0.999999908));
#4030=ORIENTED_EDGE('',*,*,#4031,.T.);
#4031=EDGE_CURVE('NONE',#4024,#4032,#4034,.F.);
#4032=VERTEX_POINT('NONE',#4033);
#4033=CARTESIAN_POINT('',(-5.31,-3.25,1.549571274));
#4034=LINE('',#4035,#4036);
#4035=CARTESIAN_POINT('',(-5.31,-6.983812938,1.551171524));
#4036=VECTOR('',#4037,1.0);
#4037=DIRECTION('',(7.281441942E-21,0.999999908,-4.285833644E-04));
#4038=ORIENTED_EDGE('',*,*,#4039,.T.);
#4039=EDGE_CURVE('NONE',#4032,#4040,#4042,.F.);
#4040=VERTEX_POINT('NONE',#4041);
#4041=CARTESIAN_POINT('',(-5.31,-3.25,0.9));
#4042=LINE('',#4043,#4044);
#4043=CARTESIAN_POINT('',(-5.31,-3.25,2.855722927));
#4044=VECTOR('',#4045,1.0);
#4045=DIRECTION('',(0.0,0.0,1.0));
#4046=ORIENTED_EDGE('',*,*,#4047,.T.);
#4047=EDGE_CURVE('NONE',#4040,#2640,#4048,.T.);
#4048=LINE('',#4049,#4050);
#4049=CARTESIAN_POINT('',(-5.31,-3.25,0.9));
#4050=VECTOR('',#4051,1.0);
#4051=DIRECTION('',(1.104919411E-16,-1.0,0.0));
#4052=ORIENTED_EDGE('',*,*,#2639,.F.);
#4053=ORIENTED_EDGE('',*,*,#4054,.T.);
#4054=EDGE_CURVE('NONE',#2632,#4055,#4057,.F.);
#4055=VERTEX_POINT('NONE',#4056);
#4056=CARTESIAN_POINT('',(-5.31,-3.25,2.855722927));
#4057=LINE('',#4058,#4059);
#4058=CARTESIAN_POINT('',(-5.31,-3.25,2.855722927));
#4059=VECTOR('',#4060,1.0);
#4060=DIRECTION('',(1.104919411E-16,-1.0,0.0));
#4061=ORIENTED_EDGE('',*,*,#4062,.T.);
#4062=EDGE_CURVE('NONE',#4055,#4063,#4065,.F.);
#4063=VERTEX_POINT('NONE',#4064);
#4064=CARTESIAN_POINT('',(-5.31,-3.25,3.444277073));
#4065=LINE('',#4066,#4067);
#4066=CARTESIAN_POINT('',(-5.31,-3.25,4.65117124));
#4067=VECTOR('',#4068,1.0);
#4068=DIRECTION('',(3.120704885E-24,0.0,-1.0));
#4069=ORIENTED_EDGE('',*,*,#4070,.T.);
#4070=EDGE_CURVE('NONE',#4063,#2608,#4071,.T.);
#4071=LINE('',#4072,#4073);
#4072=CARTESIAN_POINT('',(-5.31,-3.25,3.444277073));
#4073=VECTOR('',#4074,1.0);
#4074=DIRECTION('',(1.104919411E-16,-1.0,0.0));
#4075=PLANE('',#4076);
#4076=AXIS2_PLACEMENT_3D('',#4077,#4078,#4079);
#4077=CARTESIAN_POINT('',(-5.31,-3.25,5.4));
#4078=DIRECTION('',(1.0,1.104919411E-16,0.0));
#4079=DIRECTION('',(-1.104919411E-16,1.0,0.0));
#4080=ADVANCED_FACE('NONE',(#4081),#4099,.F.);
#4081=FACE_BOUND('NONE',#4082,.T.);
#4082=EDGE_LOOP('',(#4083,#4084,#4085,#4093));
#4083=ORIENTED_EDGE('',*,*,#2615,.F.);
#4084=ORIENTED_EDGE('',*,*,#4070,.F.);
#4085=ORIENTED_EDGE('',*,*,#4086,.T.);
#4086=EDGE_CURVE('NONE',#4063,#4087,#4089,.F.);
#4087=VERTEX_POINT('NONE',#4088);
#4088=CARTESIAN_POINT('',(-5.677774502,-3.25,3.444277073));
#4089=LINE('',#4090,#4091);
#4090=CARTESIAN_POINT('',(-5.31,-3.25,3.444277073));
#4091=VECTOR('',#4092,1.0);
#4092=DIRECTION('',(1.0,0.0,0.0));
#4093=ORIENTED_EDGE('',*,*,#4094,.T.);
#4094=EDGE_CURVE('NONE',#4087,#2616,#4095,.T.);
#4095=LINE('',#4096,#4097);
#4096=CARTESIAN_POINT('',(-5.677774502,-3.25,3.444277073));
#4097=VECTOR('',#4098,1.0);
#4098=DIRECTION('',(1.104919411E-16,-1.0,0.0));
#4099=PLANE('',#4100);
#4100=AXIS2_PLACEMENT_3D('',#4101,#4102,#4103);
#4101=CARTESIAN_POINT('',(-5.31,-3.25,3.444277073));
#4102=DIRECTION('',(0.0,0.0,-1.0));
#4103=DIRECTION('',(-1.0,0.0,0.0));
#4104=ADVANCED_FACE('NONE',(#4105),#4123,.F.);
#4105=FACE_BOUND('NONE',#4106,.T.);
#4106=EDGE_LOOP('',(#4107,#4108,#4109,#4117));
#4107=ORIENTED_EDGE('',*,*,#2623,.F.);
#4108=ORIENTED_EDGE('',*,*,#4094,.F.);
#4109=ORIENTED_EDGE('',*,*,#4110,.T.);
#4110=EDGE_CURVE('NONE',#4087,#4111,#4113,.F.);
#4111=VERTEX_POINT('NONE',#4112);
#4112=CARTESIAN_POINT('',(-5.677774502,-3.25,2.855722927));
#4113=LINE('',#4114,#4115);
#4114=CARTESIAN_POINT('',(-5.677774502,-3.25,3.444277073));
#4115=VECTOR('',#4116,1.0);
#4116=DIRECTION('',(0.0,0.0,1.0));
#4117=ORIENTED_EDGE('',*,*,#4118,.T.);
#4118=EDGE_CURVE('NONE',#4111,#2624,#4119,.T.);
#4119=LINE('',#4120,#4121);
#4120=CARTESIAN_POINT('',(-5.677774502,-3.25,2.855722927));
#4121=VECTOR('',#4122,1.0);
#4122=DIRECTION('',(1.104919411E-16,-1.0,0.0));
#4123=PLANE('',#4124);
#4124=AXIS2_PLACEMENT_3D('',#4125,#4126,#4127);
#4125=CARTESIAN_POINT('',(-5.677774502,-3.25,3.444277073));
#4126=DIRECTION('',(1.0,1.104919411E-16,0.0));
#4127=DIRECTION('',(-1.104919411E-16,1.0,0.0));
#4128=ADVANCED_FACE('NONE',(#4129),#4140,.F.);
#4129=FACE_BOUND('NONE',#4130,.T.);
#4130=EDGE_LOOP('',(#4131,#4132,#4133,#4139));
#4131=ORIENTED_EDGE('',*,*,#2631,.F.);
#4132=ORIENTED_EDGE('',*,*,#4118,.F.);
#4133=ORIENTED_EDGE('',*,*,#4134,.T.);
#4134=EDGE_CURVE('NONE',#4111,#4055,#4135,.F.);
#4135=LINE('',#4136,#4137);
#4136=CARTESIAN_POINT('',(-5.31,-3.25,2.855722927));
#4137=VECTOR('',#4138,1.0);
#4138=DIRECTION('',(-1.0,0.0,0.0));
#4139=ORIENTED_EDGE('',*,*,#4054,.F.);
#4140=PLANE('',#4141);
#4141=AXIS2_PLACEMENT_3D('',#4142,#4143,#4144);
#4142=CARTESIAN_POINT('',(-5.31,-3.25,2.855722927));
#4143=DIRECTION('',(0.0,0.0,1.0));
#4144=DIRECTION('',(1.0,0.0,0.0));
#4145=ADVANCED_FACE('NONE',(#4146),#4164,.F.);
#4146=FACE_BOUND('NONE',#4147,.T.);
#4147=EDGE_LOOP('',(#4148,#4149,#4150,#4158));
#4148=ORIENTED_EDGE('',*,*,#2647,.F.);
#4149=ORIENTED_EDGE('',*,*,#4047,.F.);
#4150=ORIENTED_EDGE('',*,*,#4151,.T.);
#4151=EDGE_CURVE('NONE',#4040,#4152,#4154,.F.);
#4152=VERTEX_POINT('NONE',#4153);
#4153=CARTESIAN_POINT('',(-7.39,-3.25,0.9));
#4154=LINE('',#4155,#4156);
#4155=CARTESIAN_POINT('',(-5.31,-3.25,0.9));
#4156=VECTOR('',#4157,1.0);
#4157=DIRECTION('',(1.0,0.0,1.042502089E-16));
#4158=ORIENTED_EDGE('',*,*,#4159,.T.);
#4159=EDGE_CURVE('NONE',#4152,#2648,#4160,.T.);
#4160=LINE('',#4161,#4162);
#4161=CARTESIAN_POINT('',(-7.39,-3.25,0.9));
#4162=VECTOR('',#4163,1.0);
#4163=DIRECTION('',(1.104919411E-16,-1.0,0.0));
#4164=PLANE('',#4165);
#4165=AXIS2_PLACEMENT_3D('',#4166,#4167,#4168);
#4166=CARTESIAN_POINT('',(-5.31,-3.25,0.9));
#4167=DIRECTION('',(1.042502089E-16,1.151880795E-32,-1.0));
#4168=DIRECTION('',(-1.0,0.0,-1.042502089E-16));
#4169=ADVANCED_FACE('NONE',(#4170),#4234,.F.);
#4170=FACE_BOUND('NONE',#4171,.T.);
#4171=EDGE_LOOP('',(#4172,#4173,#4174,#4182,#4190,#4198,#4204,#4205,#4211,#4212,#4220,#4228));
#4172=ORIENTED_EDGE('',*,*,#2655,.F.);
#4173=ORIENTED_EDGE('',*,*,#4159,.F.);
#4174=ORIENTED_EDGE('',*,*,#4175,.T.);
#4175=EDGE_CURVE('NONE',#4152,#4176,#4178,.F.);
#4176=VERTEX_POINT('NONE',#4177);
#4177=CARTESIAN_POINT('',(-7.39,-3.25,1.549571274));
#4178=LINE('',#4179,#4180);
#4179=CARTESIAN_POINT('',(-7.39,-3.25,2.855722927));
#4180=VECTOR('',#4181,1.0);
#4181=DIRECTION('',(-1.330497883E-15,0.0,-1.0));
#4182=ORIENTED_EDGE('',*,*,#4183,.T.);
#4183=EDGE_CURVE('NONE',#4176,#4184,#4186,.T.);
#4184=VERTEX_POINT('NONE',#4185);
#4185=CARTESIAN_POINT('',(-7.39,2.149068217,1.547257323));
#4186=LINE('',#4187,#4188);
#4187=CARTESIAN_POINT('',(-7.39,-6.983812938,1.551171524));
#4188=VECTOR('',#4189,1.0);
#4189=DIRECTION('',(7.281441942E-21,0.999999908,-4.285833644E-04));
#4190=ORIENTED_EDGE('',*,*,#4191,.T.);
#4191=EDGE_CURVE('NONE',#4184,#4192,#4194,.F.);
#4192=VERTEX_POINT('NONE',#4193);
#4193=CARTESIAN_POINT('',(-7.39,2.150396825,4.647257038));
#4194=LINE('',#4195,#4196);
#4195=CARTESIAN_POINT('',(-7.39,2.150396825,4.647257038));
#4196=VECTOR('',#4197,1.0);
#4197=DIRECTION('',(0.0,-4.285833644E-04,-0.999999908));
#4198=ORIENTED_EDGE('',*,*,#4199,.T.);
#4199=EDGE_CURVE('NONE',#4192,#1264,#4200,.F.);
#4200=LINE('',#4201,#4202);
#4201=CARTESIAN_POINT('',(-7.39,-6.982484329,4.65117124));
#4202=VECTOR('',#4203,1.0);
#4203=DIRECTION('',(7.281441942E-21,0.999999908,-4.285833644E-04));
#4204=ORIENTED_EDGE('',*,*,#1261,.F.);
#4205=ORIENTED_EDGE('',*,*,#4206,.T.);
#4206=EDGE_CURVE('NONE',#1262,#2598,#4207,.T.);
#4207=LINE('',#4208,#4209);
#4208=CARTESIAN_POINT('',(-7.39,-3.25,5.4));
#4209=VECTOR('',#4210,1.0);
#4210=DIRECTION('',(1.104919411E-16,-1.0,0.0));
#4211=ORIENTED_EDGE('',*,*,#2687,.F.);
#4212=ORIENTED_EDGE('',*,*,#4213,.T.);
#4213=EDGE_CURVE('NONE',#2680,#4214,#4216,.F.);
#4214=VERTEX_POINT('NONE',#4215);
#4215=CARTESIAN_POINT('',(-7.39,-3.25,3.444277073));
#4216=LINE('',#4217,#4218);
#4217=CARTESIAN_POINT('',(-7.39,-3.25,3.444277073));
#4218=VECTOR('',#4219,1.0);
#4219=DIRECTION('',(1.104919411E-16,-1.0,0.0));
#4220=ORIENTED_EDGE('',*,*,#4221,.T.);
#4221=EDGE_CURVE('NONE',#4214,#4222,#4224,.F.);
#4222=VERTEX_POINT('NONE',#4223);
#4223=CARTESIAN_POINT('',(-7.39,-3.25,2.855722927));
#4224=LINE('',#4225,#4226);
#4225=CARTESIAN_POINT('',(-7.39,-3.25,4.65117124));
#4226=VECTOR('',#4227,1.0);
#4227=DIRECTION('',(-3.120704885E-24,0.0,1.0));
#4228=ORIENTED_EDGE('',*,*,#4229,.T.);
#4229=EDGE_CURVE('NONE',#4222,#2656,#4230,.T.);
#4230=LINE('',#4231,#4232);
#4231=CARTESIAN_POINT('',(-7.39,-3.25,2.855722927));
#4232=VECTOR('',#4233,1.0);
#4233=DIRECTION('',(1.104919411E-16,-1.0,0.0));
#4234=PLANE('',#4235);
#4235=AXIS2_PLACEMENT_3D('',#4236,#4237,#4238);
#4236=CARTESIAN_POINT('',(-7.39,-3.25,2.855722927));
#4237=DIRECTION('',(-1.0,-1.104919411E-16,1.330497883E-15));
#4238=DIRECTION('',(1.330497883E-15,0.0,1.0));
#4239=ADVANCED_FACE('NONE',(#4240),#4258,.F.);
#4240=FACE_BOUND('NONE',#4241,.T.);
#4241=EDGE_LOOP('',(#4242,#4243,#4244,#4252));
#4242=ORIENTED_EDGE('',*,*,#2663,.F.);
#4243=ORIENTED_EDGE('',*,*,#4229,.F.);
#4244=ORIENTED_EDGE('',*,*,#4245,.T.);
#4245=EDGE_CURVE('NONE',#4222,#4246,#4248,.F.);
#4246=VERTEX_POINT('NONE',#4247);
#4247=CARTESIAN_POINT('',(-7.022225498,-3.25,2.855722927));
#4248=LINE('',#4249,#4250);
#4249=CARTESIAN_POINT('',(-7.39,-3.25,2.855722927));
#4250=VECTOR('',#4251,1.0);
#4251=DIRECTION('',(-1.0,0.0,0.0));
#4252=ORIENTED_EDGE('',*,*,#4253,.T.);
#4253=EDGE_CURVE('NONE',#4246,#2664,#4254,.T.);
#4254=LINE('',#4255,#4256);
#4255=CARTESIAN_POINT('',(-7.022225498,-3.25,2.855722927));
#4256=VECTOR('',#4257,1.0);
#4257=DIRECTION('',(1.104919411E-16,-1.0,0.0));
#4258=PLANE('',#4259);
#4259=AXIS2_PLACEMENT_3D('',#4260,#4261,#4262);
#4260=CARTESIAN_POINT('',(-7.39,-3.25,2.855722927));
#4261=DIRECTION('',(0.0,0.0,1.0));
#4262=DIRECTION('',(1.0,0.0,0.0));
#4263=ADVANCED_FACE('NONE',(#4264),#4282,.F.);
#4264=FACE_BOUND('NONE',#4265,.T.);
#4265=EDGE_LOOP('',(#4266,#4267,#4268,#4276));
#4266=ORIENTED_EDGE('',*,*,#2671,.F.);
#4267=ORIENTED_EDGE('',*,*,#4253,.F.);
#4268=ORIENTED_EDGE('',*,*,#4269,.T.);
#4269=EDGE_CURVE('NONE',#4246,#4270,#4272,.F.);
#4270=VERTEX_POINT('NONE',#4271);
#4271=CARTESIAN_POINT('',(-7.022225498,-3.25,3.444277073));
#4272=LINE('',#4273,#4274);
#4273=CARTESIAN_POINT('',(-7.022225498,-3.25,3.444277073));
#4274=VECTOR('',#4275,1.0);
#4275=DIRECTION('',(2.947432257E-15,0.0,-1.0));
#4276=ORIENTED_EDGE('',*,*,#4277,.T.);
#4277=EDGE_CURVE('NONE',#4270,#2672,#4278,.T.);
#4278=LINE('',#4279,#4280);
#4279=CARTESIAN_POINT('',(-7.022225498,-3.25,3.444277073));
#4280=VECTOR('',#4281,1.0);
#4281=DIRECTION('',(1.104919411E-16,-1.0,0.0));
#4282=PLANE('',#4283);
#4283=AXIS2_PLACEMENT_3D('',#4284,#4285,#4286);
#4284=CARTESIAN_POINT('',(-7.022225498,-3.25,3.444277073));
#4285=DIRECTION('',(-1.0,-1.104919411E-16,-2.947432257E-15));
#4286=DIRECTION('',(-2.947432257E-15,0.0,1.0));
#4287=ADVANCED_FACE('NONE',(#4288),#4299,.F.);
#4288=FACE_BOUND('NONE',#4289,.T.);
#4289=EDGE_LOOP('',(#4290,#4291,#4292,#4298));
#4290=ORIENTED_EDGE('',*,*,#2679,.F.);
#4291=ORIENTED_EDGE('',*,*,#4277,.F.);
#4292=ORIENTED_EDGE('',*,*,#4293,.T.);
#4293=EDGE_CURVE('NONE',#4270,#4214,#4294,.F.);
#4294=LINE('',#4295,#4296);
#4295=CARTESIAN_POINT('',(-7.39,-3.25,3.444277073));
#4296=VECTOR('',#4297,1.0);
#4297=DIRECTION('',(1.0,0.0,0.0));
#4298=ORIENTED_EDGE('',*,*,#4213,.F.);
#4299=PLANE('',#4300);
#4300=AXIS2_PLACEMENT_3D('',#4301,#4302,#4303);
#4301=CARTESIAN_POINT('',(-7.39,-3.25,3.444277073));
#4302=DIRECTION('',(0.0,0.0,-1.0));
#4303=DIRECTION('',(-1.0,0.0,0.0));
#4304=ADVANCED_FACE('NONE',(#4305),#4311,.F.);
#4305=FACE_BOUND('NONE',#4306,.T.);
#4306=EDGE_LOOP('',(#4307,#4308,#4309,#4310));
#4307=ORIENTED_EDGE('',*,*,#2597,.F.);
#4308=ORIENTED_EDGE('',*,*,#4206,.F.);
#4309=ORIENTED_EDGE('',*,*,#1287,.F.);
#4310=ORIENTED_EDGE('',*,*,#4008,.F.);
#4311=PLANE('',#4312);
#4312=AXIS2_PLACEMENT_3D('',#4313,#4314,#4315);
#4313=CARTESIAN_POINT('',(-5.31,-3.25,5.4));
#4314=DIRECTION('',(0.0,0.0,1.0));
#4315=DIRECTION('',(1.0,0.0,0.0));
#4316=ADVANCED_FACE('NONE',(#4317),#4328,.F.);
#4317=FACE_BOUND('NONE',#4318,.T.);
#4318=EDGE_LOOP('',(#4319,#4320,#4326,#4327));
#4319=ORIENTED_EDGE('',*,*,#4039,.F.);
#4320=ORIENTED_EDGE('',*,*,#4321,.T.);
#4321=EDGE_CURVE('NONE',#4032,#4176,#4322,.T.);
#4322=LINE('',#4323,#4324);
#4323=CARTESIAN_POINT('',(-7.39,-3.25,1.549571274));
#4324=VECTOR('',#4325,1.0);
#4325=DIRECTION('',(-1.0,0.0,0.0));
#4326=ORIENTED_EDGE('',*,*,#4175,.F.);
#4327=ORIENTED_EDGE('',*,*,#4151,.F.);
#4328=PLANE('',#4329);
#4329=AXIS2_PLACEMENT_3D('',#4330,#4331,#4332);
#4330=CARTESIAN_POINT('',(-12.7,-3.25,0.0));
#4331=DIRECTION('',(0.0,1.0,0.0));
#4332=DIRECTION('',(0.0,0.0,1.0));
#4333=ADVANCED_FACE('NONE',(#4334),#4405,.F.);
#4334=FACE_BOUND('NONE',#4335,.T.);
#4335=EDGE_LOOP('',(#4336,#4337,#4343,#4344,#4352,#4360,#4368,#4376,#4382,#4383,#4391,#4399));
#4336=ORIENTED_EDGE('',*,*,#2509,.F.);
#4337=ORIENTED_EDGE('',*,*,#4338,.T.);
#4338=EDGE_CURVE('NONE',#2502,#1320,#4339,.F.);
#4339=LINE('',#4340,#4341);
#4340=CARTESIAN_POINT('',(-2.77,-3.25,5.4));
#4341=VECTOR('',#4342,1.0);
#4342=DIRECTION('',(1.104919411E-16,-1.0,0.0));
#4343=ORIENTED_EDGE('',*,*,#1319,.F.);
#4344=ORIENTED_EDGE('',*,*,#4345,.T.);
#4345=EDGE_CURVE('NONE',#1312,#4346,#4348,.T.);
#4346=VERTEX_POINT('NONE',#4347);
#4347=CARTESIAN_POINT('',(-2.77,2.150396825,4.647257038));
#4348=LINE('',#4349,#4350);
#4349=CARTESIAN_POINT('',(-2.77,-6.982484329,4.65117124));
#4350=VECTOR('',#4351,1.0);
#4351=DIRECTION('',(7.281441942E-21,0.999999908,-4.285833644E-04));
#4352=ORIENTED_EDGE('',*,*,#4353,.T.);
#4353=EDGE_CURVE('NONE',#4346,#4354,#4356,.F.);
#4354=VERTEX_POINT('NONE',#4355);
#4355=CARTESIAN_POINT('',(-2.77,2.149068217,1.547257323));
#4356=LINE('',#4357,#4358);
#4357=CARTESIAN_POINT('',(-2.77,2.150396825,4.647257038));
#4358=VECTOR('',#4359,1.0);
#4359=DIRECTION('',(0.0,4.285833644E-04,0.999999908));
#4360=ORIENTED_EDGE('',*,*,#4361,.T.);
#4361=EDGE_CURVE('NONE',#4354,#4362,#4364,.F.);
#4362=VERTEX_POINT('NONE',#4363);
#4363=CARTESIAN_POINT('',(-2.77,-3.25,1.549571274));
#4364=LINE('',#4365,#4366);
#4365=CARTESIAN_POINT('',(-2.77,-6.983812938,1.551171524));
#4366=VECTOR('',#4367,1.0);
#4367=DIRECTION('',(7.281441942E-21,0.999999908,-4.285833644E-04));
#4368=ORIENTED_EDGE('',*,*,#4369,.T.);
#4369=EDGE_CURVE('NONE',#4362,#4370,#4372,.F.);
#4370=VERTEX_POINT('NONE',#4371);
#4371=CARTESIAN_POINT('',(-2.77,-3.25,0.9));
#4372=LINE('',#4373,#4374);
#4373=CARTESIAN_POINT('',(-2.77,-3.25,2.855722927));
#4374=VECTOR('',#4375,1.0);
#4375=DIRECTION('',(0.0,0.0,1.0));
#4376=ORIENTED_EDGE('',*,*,#4377,.T.);
#4377=EDGE_CURVE('NONE',#4370,#2542,#4378,.T.);
#4378=LINE('',#4379,#4380);
#4379=CARTESIAN_POINT('',(-2.77,-3.25,0.9));
#4380=VECTOR('',#4381,1.0);
#4381=DIRECTION('',(1.104919411E-16,-1.0,0.0));
#4382=ORIENTED_EDGE('',*,*,#2541,.F.);
#4383=ORIENTED_EDGE('',*,*,#4384,.T.);
#4384=EDGE_CURVE('NONE',#2534,#4385,#4387,.F.);
#4385=VERTEX_POINT('NONE',#4386);
#4386=CARTESIAN_POINT('',(-2.77,-3.25,2.855722927));
#4387=LINE('',#4388,#4389);
#4388=CARTESIAN_POINT('',(-2.77,-3.25,2.855722927));
#4389=VECTOR('',#4390,1.0);
#4390=DIRECTION('',(1.104919411E-16,-1.0,0.0));
#4391=ORIENTED_EDGE('',*,*,#4392,.T.);
#4392=EDGE_CURVE('NONE',#4385,#4393,#4395,.F.);
#4393=VERTEX_POINT('NONE',#4394);
#4394=CARTESIAN_POINT('',(-2.77,-3.25,3.444277073));
#4395=LINE('',#4396,#4397);
#4396=CARTESIAN_POINT('',(-2.77,-3.25,4.65117124));
#4397=VECTOR('',#4398,1.0);
#4398=DIRECTION('',(3.120704885E-24,0.0,-1.0));
#4399=ORIENTED_EDGE('',*,*,#4400,.T.);
#4400=EDGE_CURVE('NONE',#4393,#2510,#4401,.T.);
#4401=LINE('',#4402,#4403);
#4402=CARTESIAN_POINT('',(-2.77,-3.25,3.444277073));
#4403=VECTOR('',#4404,1.0);
#4404=DIRECTION('',(1.104919411E-16,-1.0,0.0));
#4405=PLANE('',#4406);
#4406=AXIS2_PLACEMENT_3D('',#4407,#4408,#4409);
#4407=CARTESIAN_POINT('',(-2.77,-3.25,5.4));
#4408=DIRECTION('',(1.0,1.104919411E-16,0.0));
#4409=DIRECTION('',(-1.104919411E-16,1.0,0.0));
#4410=ADVANCED_FACE('NONE',(#4411),#4429,.F.);
#4411=FACE_BOUND('NONE',#4412,.T.);
#4412=EDGE_LOOP('',(#4413,#4414,#4415,#4423));
#4413=ORIENTED_EDGE('',*,*,#2517,.F.);
#4414=ORIENTED_EDGE('',*,*,#4400,.F.);
#4415=ORIENTED_EDGE('',*,*,#4416,.T.);
#4416=EDGE_CURVE('NONE',#4393,#4417,#4419,.F.);
#4417=VERTEX_POINT('NONE',#4418);
#4418=CARTESIAN_POINT('',(-3.137774502,-3.25,3.444277073));
#4419=LINE('',#4420,#4421);
#4420=CARTESIAN_POINT('',(-2.77,-3.25,3.444277073));
#4421=VECTOR('',#4422,1.0);
#4422=DIRECTION('',(1.0,0.0,0.0));
#4423=ORIENTED_EDGE('',*,*,#4424,.T.);
#4424=EDGE_CURVE('NONE',#4417,#2518,#4425,.T.);
#4425=LINE('',#4426,#4427);
#4426=CARTESIAN_POINT('',(-3.137774502,-3.25,3.444277073));
#4427=VECTOR('',#4428,1.0);
#4428=DIRECTION('',(1.104919411E-16,-1.0,0.0));
#4429=PLANE('',#4430);
#4430=AXIS2_PLACEMENT_3D('',#4431,#4432,#4433);
#4431=CARTESIAN_POINT('',(-2.77,-3.25,3.444277073));
#4432=DIRECTION('',(0.0,0.0,-1.0));
#4433=DIRECTION('',(-1.0,0.0,0.0));
#4434=ADVANCED_FACE('NONE',(#4435),#4453,.F.);
#4435=FACE_BOUND('NONE',#4436,.T.);
#4436=EDGE_LOOP('',(#4437,#4438,#4439,#4447));
#4437=ORIENTED_EDGE('',*,*,#2525,.F.);
#4438=ORIENTED_EDGE('',*,*,#4424,.F.);
#4439=ORIENTED_EDGE('',*,*,#4440,.T.);
#4440=EDGE_CURVE('NONE',#4417,#4441,#4443,.F.);
#4441=VERTEX_POINT('NONE',#4442);
#4442=CARTESIAN_POINT('',(-3.137774502,-3.25,2.855722927));
#4443=LINE('',#4444,#4445);
#4444=CARTESIAN_POINT('',(-3.137774502,-3.25,3.444277073));
#4445=VECTOR('',#4446,1.0);
#4446=DIRECTION('',(0.0,0.0,1.0));
#4447=ORIENTED_EDGE('',*,*,#4448,.T.);
#4448=EDGE_CURVE('NONE',#4441,#2526,#4449,.T.);
#4449=LINE('',#4450,#4451);
#4450=CARTESIAN_POINT('',(-3.137774502,-3.25,2.855722927));
#4451=VECTOR('',#4452,1.0);
#4452=DIRECTION('',(1.104919411E-16,-1.0,0.0));
#4453=PLANE('',#4454);
#4454=AXIS2_PLACEMENT_3D('',#4455,#4456,#4457);
#4455=CARTESIAN_POINT('',(-3.137774502,-3.25,3.444277073));
#4456=DIRECTION('',(1.0,1.104919411E-16,0.0));
#4457=DIRECTION('',(-1.104919411E-16,1.0,0.0));
#4458=ADVANCED_FACE('NONE',(#4459),#4470,.F.);
#4459=FACE_BOUND('NONE',#4460,.T.);
#4460=EDGE_LOOP('',(#4461,#4462,#4463,#4469));
#4461=ORIENTED_EDGE('',*,*,#2533,.F.);
#4462=ORIENTED_EDGE('',*,*,#4448,.F.);
#4463=ORIENTED_EDGE('',*,*,#4464,.T.);
#4464=EDGE_CURVE('NONE',#4441,#4385,#4465,.F.);
#4465=LINE('',#4466,#4467);
#4466=CARTESIAN_POINT('',(-2.77,-3.25,2.855722927));
#4467=VECTOR('',#4468,1.0);
#4468=DIRECTION('',(-1.0,0.0,0.0));
#4469=ORIENTED_EDGE('',*,*,#4384,.F.);
#4470=PLANE('',#4471);
#4471=AXIS2_PLACEMENT_3D('',#4472,#4473,#4474);
#4472=CARTESIAN_POINT('',(-2.77,-3.25,2.855722927));
#4473=DIRECTION('',(0.0,0.0,1.0));
#4474=DIRECTION('',(1.0,0.0,0.0));
#4475=ADVANCED_FACE('NONE',(#4476),#4494,.F.);
#4476=FACE_BOUND('NONE',#4477,.T.);
#4477=EDGE_LOOP('',(#4478,#4479,#4480,#4488));
#4478=ORIENTED_EDGE('',*,*,#2549,.F.);
#4479=ORIENTED_EDGE('',*,*,#4377,.F.);
#4480=ORIENTED_EDGE('',*,*,#4481,.T.);
#4481=EDGE_CURVE('NONE',#4370,#4482,#4484,.F.);
#4482=VERTEX_POINT('NONE',#4483);
#4483=CARTESIAN_POINT('',(-4.85,-3.25,0.9));
#4484=LINE('',#4485,#4486);
#4485=CARTESIAN_POINT('',(-2.77,-3.25,0.9));
#4486=VECTOR('',#4487,1.0);
#4487=DIRECTION('',(1.0,0.0,1.042502089E-16));
#4488=ORIENTED_EDGE('',*,*,#4489,.T.);
#4489=EDGE_CURVE('NONE',#4482,#2550,#4490,.T.);
#4490=LINE('',#4491,#4492);
#4491=CARTESIAN_POINT('',(-4.85,-3.25,0.9));
#4492=VECTOR('',#4493,1.0);
#4493=DIRECTION('',(1.104919411E-16,-1.0,0.0));
#4494=PLANE('',#4495);
#4495=AXIS2_PLACEMENT_3D('',#4496,#4497,#4498);
#4496=CARTESIAN_POINT('',(-2.77,-3.25,0.9));
#4497=DIRECTION('',(1.042502089E-16,1.151880795E-32,-1.0));
#4498=DIRECTION('',(-1.0,0.0,-1.042502089E-16));
#4499=ADVANCED_FACE('NONE',(#4500),#4564,.F.);
#4500=FACE_BOUND('NONE',#4501,.T.);
#4501=EDGE_LOOP('',(#4502,#4503,#4504,#4512,#4520,#4528,#4534,#4535,#4541,#4542,#4550,#4558));
#4502=ORIENTED_EDGE('',*,*,#2557,.F.);
#4503=ORIENTED_EDGE('',*,*,#4489,.F.);
#4504=ORIENTED_EDGE('',*,*,#4505,.T.);
#4505=EDGE_CURVE('NONE',#4482,#4506,#4508,.F.);
#4506=VERTEX_POINT('NONE',#4507);
#4507=CARTESIAN_POINT('',(-4.85,-3.25,1.549571274));
#4508=LINE('',#4509,#4510);
#4509=CARTESIAN_POINT('',(-4.85,-3.25,2.855722927));
#4510=VECTOR('',#4511,1.0);
#4511=DIRECTION('',(-1.330497883E-15,0.0,-1.0));
#4512=ORIENTED_EDGE('',*,*,#4513,.T.);
#4513=EDGE_CURVE('NONE',#4506,#4514,#4516,.T.);
#4514=VERTEX_POINT('NONE',#4515);
#4515=CARTESIAN_POINT('',(-4.85,2.149068217,1.547257323));
#4516=LINE('',#4517,#4518);
#4517=CARTESIAN_POINT('',(-4.85,-6.983812938,1.551171524));
#4518=VECTOR('',#4519,1.0);
#4519=DIRECTION('',(7.281441942E-21,0.999999908,-4.285833644E-04));
#4520=ORIENTED_EDGE('',*,*,#4521,.T.);
#4521=EDGE_CURVE('NONE',#4514,#4522,#4524,.F.);
#4522=VERTEX_POINT('NONE',#4523);
#4523=CARTESIAN_POINT('',(-4.85,2.150396825,4.647257038));
#4524=LINE('',#4525,#4526);
#4525=CARTESIAN_POINT('',(-4.85,2.150396825,4.647257038));
#4526=VECTOR('',#4527,1.0);
#4527=DIRECTION('',(0.0,-4.285833644E-04,-0.999999908));
#4528=ORIENTED_EDGE('',*,*,#4529,.T.);
#4529=EDGE_CURVE('NONE',#4522,#1304,#4530,.F.);
#4530=LINE('',#4531,#4532);
#4531=CARTESIAN_POINT('',(-4.85,-6.982484329,4.65117124));
#4532=VECTOR('',#4533,1.0);
#4533=DIRECTION('',(7.281441942E-21,0.999999908,-4.285833644E-04));
#4534=ORIENTED_EDGE('',*,*,#1301,.F.);
#4535=ORIENTED_EDGE('',*,*,#4536,.T.);
#4536=EDGE_CURVE('NONE',#1302,#2500,#4537,.T.);
#4537=LINE('',#4538,#4539);
#4538=CARTESIAN_POINT('',(-4.85,-3.25,5.4));
#4539=VECTOR('',#4540,1.0);
#4540=DIRECTION('',(1.104919411E-16,-1.0,0.0));
#4541=ORIENTED_EDGE('',*,*,#2589,.F.);
#4542=ORIENTED_EDGE('',*,*,#4543,.T.);
#4543=EDGE_CURVE('NONE',#2582,#4544,#4546,.F.);
#4544=VERTEX_POINT('NONE',#4545);
#4545=CARTESIAN_POINT('',(-4.85,-3.25,3.444277073));
#4546=LINE('',#4547,#4548);
#4547=CARTESIAN_POINT('',(-4.85,-3.25,3.444277073));
#4548=VECTOR('',#4549,1.0);
#4549=DIRECTION('',(1.104919411E-16,-1.0,0.0));
#4550=ORIENTED_EDGE('',*,*,#4551,.T.);
#4551=EDGE_CURVE('NONE',#4544,#4552,#4554,.F.);
#4552=VERTEX_POINT('NONE',#4553);
#4553=CARTESIAN_POINT('',(-4.85,-3.25,2.855722927));
#4554=LINE('',#4555,#4556);
#4555=CARTESIAN_POINT('',(-4.85,-3.25,4.65117124));
#4556=VECTOR('',#4557,1.0);
#4557=DIRECTION('',(-3.120704885E-24,0.0,1.0));
#4558=ORIENTED_EDGE('',*,*,#4559,.T.);
#4559=EDGE_CURVE('NONE',#4552,#2558,#4560,.T.);
#4560=LINE('',#4561,#4562);
#4561=CARTESIAN_POINT('',(-4.85,-3.25,2.855722927));
#4562=VECTOR('',#4563,1.0);
#4563=DIRECTION('',(1.104919411E-16,-1.0,0.0));
#4564=PLANE('',#4565);
#4565=AXIS2_PLACEMENT_3D('',#4566,#4567,#4568);
#4566=CARTESIAN_POINT('',(-4.85,-3.25,2.855722927));
#4567=DIRECTION('',(-1.0,-1.104919411E-16,1.330497883E-15));
#4568=DIRECTION('',(1.330497883E-15,0.0,1.0));
#4569=ADVANCED_FACE('NONE',(#4570),#4588,.F.);
#4570=FACE_BOUND('NONE',#4571,.T.);
#4571=EDGE_LOOP('',(#4572,#4573,#4574,#4582));
#4572=ORIENTED_EDGE('',*,*,#2565,.F.);
#4573=ORIENTED_EDGE('',*,*,#4559,.F.);
#4574=ORIENTED_EDGE('',*,*,#4575,.T.);
#4575=EDGE_CURVE('NONE',#4552,#4576,#4578,.F.);
#4576=VERTEX_POINT('NONE',#4577);
#4577=CARTESIAN_POINT('',(-4.482225498,-3.25,2.855722927));
#4578=LINE('',#4579,#4580);
#4579=CARTESIAN_POINT('',(-4.85,-3.25,2.855722927));
#4580=VECTOR('',#4581,1.0);
#4581=DIRECTION('',(-1.0,0.0,0.0));
#4582=ORIENTED_EDGE('',*,*,#4583,.T.);
#4583=EDGE_CURVE('NONE',#4576,#2566,#4584,.T.);
#4584=LINE('',#4585,#4586);
#4585=CARTESIAN_POINT('',(-4.482225498,-3.25,2.855722927));
#4586=VECTOR('',#4587,1.0);
#4587=DIRECTION('',(1.104919411E-16,-1.0,0.0));
#4588=PLANE('',#4589);
#4589=AXIS2_PLACEMENT_3D('',#4590,#4591,#4592);
#4590=CARTESIAN_POINT('',(-4.85,-3.25,2.855722927));
#4591=DIRECTION('',(0.0,0.0,1.0));
#4592=DIRECTION('',(1.0,0.0,0.0));
#4593=ADVANCED_FACE('NONE',(#4594),#4612,.F.);
#4594=FACE_BOUND('NONE',#4595,.T.);
#4595=EDGE_LOOP('',(#4596,#4597,#4598,#4606));
#4596=ORIENTED_EDGE('',*,*,#2573,.F.);
#4597=ORIENTED_EDGE('',*,*,#4583,.F.);
#4598=ORIENTED_EDGE('',*,*,#4599,.T.);
#4599=EDGE_CURVE('NONE',#4576,#4600,#4602,.F.);
#4600=VERTEX_POINT('NONE',#4601);
#4601=CARTESIAN_POINT('',(-4.482225498,-3.25,3.444277073));
#4602=LINE('',#4603,#4604);
#4603=CARTESIAN_POINT('',(-4.482225498,-3.25,3.444277073));
#4604=VECTOR('',#4605,1.0);
#4605=DIRECTION('',(2.947432257E-15,0.0,-1.0));
#4606=ORIENTED_EDGE('',*,*,#4607,.T.);
#4607=EDGE_CURVE('NONE',#4600,#2574,#4608,.T.);
#4608=LINE('',#4609,#4610);
#4609=CARTESIAN_POINT('',(-4.482225498,-3.25,3.444277073));
#4610=VECTOR('',#4611,1.0);
#4611=DIRECTION('',(1.104919411E-16,-1.0,0.0));
#4612=PLANE('',#4613);
#4613=AXIS2_PLACEMENT_3D('',#4614,#4615,#4616);
#4614=CARTESIAN_POINT('',(-4.482225498,-3.25,3.444277073));
#4615=DIRECTION('',(-1.0,-1.104919411E-16,-2.947432257E-15));
#4616=DIRECTION('',(-2.947432257E-15,0.0,1.0));
#4617=ADVANCED_FACE('NONE',(#4618),#4629,.F.);
#4618=FACE_BOUND('NONE',#4619,.T.);
#4619=EDGE_LOOP('',(#4620,#4621,#4622,#4628));
#4620=ORIENTED_EDGE('',*,*,#2581,.F.);
#4621=ORIENTED_EDGE('',*,*,#4607,.F.);
#4622=ORIENTED_EDGE('',*,*,#4623,.T.);
#4623=EDGE_CURVE('NONE',#4600,#4544,#4624,.F.);
#4624=LINE('',#4625,#4626);
#4625=CARTESIAN_POINT('',(-4.85,-3.25,3.444277073));
#4626=VECTOR('',#4627,1.0);
#4627=DIRECTION('',(1.0,0.0,0.0));
#4628=ORIENTED_EDGE('',*,*,#4543,.F.);
#4629=PLANE('',#4630);
#4630=AXIS2_PLACEMENT_3D('',#4631,#4632,#4633);
#4631=CARTESIAN_POINT('',(-4.85,-3.25,3.444277073));
#4632=DIRECTION('',(0.0,0.0,-1.0));
#4633=DIRECTION('',(-1.0,0.0,0.0));
#4634=ADVANCED_FACE('NONE',(#4635),#4641,.F.);
#4635=FACE_BOUND('NONE',#4636,.T.);
#4636=EDGE_LOOP('',(#4637,#4638,#4639,#4640));
#4637=ORIENTED_EDGE('',*,*,#2499,.F.);
#4638=ORIENTED_EDGE('',*,*,#4536,.F.);
#4639=ORIENTED_EDGE('',*,*,#1327,.F.);
#4640=ORIENTED_EDGE('',*,*,#4338,.F.);
#4641=PLANE('',#4642);
#4642=AXIS2_PLACEMENT_3D('',#4643,#4644,#4645);
#4643=CARTESIAN_POINT('',(-2.77,-3.25,5.4));
#4644=DIRECTION('',(0.0,0.0,1.0));
#4645=DIRECTION('',(1.0,0.0,0.0));
#4646=ADVANCED_FACE('NONE',(#4647),#4658,.F.);
#4647=FACE_BOUND('NONE',#4648,.T.);
#4648=EDGE_LOOP('',(#4649,#4650,#4656,#4657));
#4649=ORIENTED_EDGE('',*,*,#4369,.F.);
#4650=ORIENTED_EDGE('',*,*,#4651,.T.);
#4651=EDGE_CURVE('NONE',#4362,#4506,#4652,.T.);
#4652=LINE('',#4653,#4654);
#4653=CARTESIAN_POINT('',(-4.85,-3.25,1.549571274));
#4654=VECTOR('',#4655,1.0);
#4655=DIRECTION('',(-1.0,0.0,0.0));
#4656=ORIENTED_EDGE('',*,*,#4505,.F.);
#4657=ORIENTED_EDGE('',*,*,#4481,.F.);
#4658=PLANE('',#4659);
#4659=AXIS2_PLACEMENT_3D('',#4660,#4661,#4662);
#4660=CARTESIAN_POINT('',(-10.16,-3.25,0.0));
#4661=DIRECTION('',(0.0,1.0,0.0));
#4662=DIRECTION('',(0.0,0.0,1.0));
#4663=ADVANCED_FACE('NONE',(#4664),#4735,.F.);
#4664=FACE_BOUND('NONE',#4665,.T.);
#4665=EDGE_LOOP('',(#4666,#4667,#4673,#4674,#4682,#4690,#4698,#4706,#4712,#4713,#4721,#4729));
#4666=ORIENTED_EDGE('',*,*,#2411,.F.);
#4667=ORIENTED_EDGE('',*,*,#4668,.T.);
#4668=EDGE_CURVE('NONE',#2404,#1360,#4669,.F.);
#4669=LINE('',#4670,#4671);
#4670=CARTESIAN_POINT('',(-0.23,-3.25,5.4));
#4671=VECTOR('',#4672,1.0);
#4672=DIRECTION('',(1.104919411E-16,-1.0,0.0));
#4673=ORIENTED_EDGE('',*,*,#1359,.F.);
#4674=ORIENTED_EDGE('',*,*,#4675,.T.);
#4675=EDGE_CURVE('NONE',#1352,#4676,#4678,.T.);
#4676=VERTEX_POINT('NONE',#4677);
#4677=CARTESIAN_POINT('',(-0.23,2.150396825,4.647257038));
#4678=LINE('',#4679,#4680);
#4679=CARTESIAN_POINT('',(-0.23,-6.982484329,4.65117124));
#4680=VECTOR('',#4681,1.0);
#4681=DIRECTION('',(7.281441942E-21,0.999999908,-4.285833644E-04));
#4682=ORIENTED_EDGE('',*,*,#4683,.T.);
#4683=EDGE_CURVE('NONE',#4676,#4684,#4686,.F.);
#4684=VERTEX_POINT('NONE',#4685);
#4685=CARTESIAN_POINT('',(-0.23,2.149068217,1.547257323));
#4686=LINE('',#4687,#4688);
#4687=CARTESIAN_POINT('',(-0.23,2.150396825,4.647257038));
#4688=VECTOR('',#4689,1.0);
#4689=DIRECTION('',(0.0,4.285833644E-04,0.999999908));
#4690=ORIENTED_EDGE('',*,*,#4691,.T.);
#4691=EDGE_CURVE('NONE',#4684,#4692,#4694,.F.);
#4692=VERTEX_POINT('NONE',#4693);
#4693=CARTESIAN_POINT('',(-0.23,-3.25,1.549571274));
#4694=LINE('',#4695,#4696);
#4695=CARTESIAN_POINT('',(-0.23,-6.983812938,1.551171524));
#4696=VECTOR('',#4697,1.0);
#4697=DIRECTION('',(7.281441942E-21,0.999999908,-4.285833644E-04));
#4698=ORIENTED_EDGE('',*,*,#4699,.T.);
#4699=EDGE_CURVE('NONE',#4692,#4700,#4702,.F.);
#4700=VERTEX_POINT('NONE',#4701);
#4701=CARTESIAN_POINT('',(-0.23,-3.25,0.9));
#4702=LINE('',#4703,#4704);
#4703=CARTESIAN_POINT('',(-0.23,-3.25,2.855722927));
#4704=VECTOR('',#4705,1.0);
#4705=DIRECTION('',(0.0,0.0,1.0));
#4706=ORIENTED_EDGE('',*,*,#4707,.T.);
#4707=EDGE_CURVE('NONE',#4700,#2444,#4708,.T.);
#4708=LINE('',#4709,#4710);
#4709=CARTESIAN_POINT('',(-0.23,-3.25,0.9));
#4710=VECTOR('',#4711,1.0);
#4711=DIRECTION('',(1.104919411E-16,-1.0,0.0));
#4712=ORIENTED_EDGE('',*,*,#2443,.F.);
#4713=ORIENTED_EDGE('',*,*,#4714,.T.);
#4714=EDGE_CURVE('NONE',#2436,#4715,#4717,.F.);
#4715=VERTEX_POINT('NONE',#4716);
#4716=CARTESIAN_POINT('',(-0.23,-3.25,2.855722927));
#4717=LINE('',#4718,#4719);
#4718=CARTESIAN_POINT('',(-0.23,-3.25,2.855722927));
#4719=VECTOR('',#4720,1.0);
#4720=DIRECTION('',(1.104919411E-16,-1.0,0.0));
#4721=ORIENTED_EDGE('',*,*,#4722,.T.);
#4722=EDGE_CURVE('NONE',#4715,#4723,#4725,.F.);
#4723=VERTEX_POINT('NONE',#4724);
#4724=CARTESIAN_POINT('',(-0.23,-3.25,3.444277073));
#4725=LINE('',#4726,#4727);
#4726=CARTESIAN_POINT('',(-0.23,-3.25,4.65117124));
#4727=VECTOR('',#4728,1.0);
#4728=DIRECTION('',(3.120704885E-24,0.0,-1.0));
#4729=ORIENTED_EDGE('',*,*,#4730,.T.);
#4730=EDGE_CURVE('NONE',#4723,#2412,#4731,.T.);
#4731=LINE('',#4732,#4733);
#4732=CARTESIAN_POINT('',(-0.23,-3.25,3.444277073));
#4733=VECTOR('',#4734,1.0);
#4734=DIRECTION('',(1.104919411E-16,-1.0,0.0));
#4735=PLANE('',#4736);
#4736=AXIS2_PLACEMENT_3D('',#4737,#4738,#4739);
#4737=CARTESIAN_POINT('',(-0.23,-3.25,5.4));
#4738=DIRECTION('',(1.0,1.104919411E-16,0.0));
#4739=DIRECTION('',(-1.104919411E-16,1.0,0.0));
#4740=ADVANCED_FACE('NONE',(#4741),#4759,.F.);
#4741=FACE_BOUND('NONE',#4742,.T.);
#4742=EDGE_LOOP('',(#4743,#4744,#4745,#4753));
#4743=ORIENTED_EDGE('',*,*,#2419,.F.);
#4744=ORIENTED_EDGE('',*,*,#4730,.F.);
#4745=ORIENTED_EDGE('',*,*,#4746,.T.);
#4746=EDGE_CURVE('NONE',#4723,#4747,#4749,.F.);
#4747=VERTEX_POINT('NONE',#4748);
#4748=CARTESIAN_POINT('',(-0.597774502,-3.25,3.444277073));
#4749=LINE('',#4750,#4751);
#4750=CARTESIAN_POINT('',(-0.23,-3.25,3.444277073));
#4751=VECTOR('',#4752,1.0);
#4752=DIRECTION('',(1.0,0.0,0.0));
#4753=ORIENTED_EDGE('',*,*,#4754,.T.);
#4754=EDGE_CURVE('NONE',#4747,#2420,#4755,.T.);
#4755=LINE('',#4756,#4757);
#4756=CARTESIAN_POINT('',(-0.597774502,-3.25,3.444277073));
#4757=VECTOR('',#4758,1.0);
#4758=DIRECTION('',(1.104919411E-16,-1.0,0.0));
#4759=PLANE('',#4760);
#4760=AXIS2_PLACEMENT_3D('',#4761,#4762,#4763);
#4761=CARTESIAN_POINT('',(-0.23,-3.25,3.444277073));
#4762=DIRECTION('',(0.0,0.0,-1.0));
#4763=DIRECTION('',(-1.0,0.0,0.0));
#4764=ADVANCED_FACE('NONE',(#4765),#4783,.F.);
#4765=FACE_BOUND('NONE',#4766,.T.);
#4766=EDGE_LOOP('',(#4767,#4768,#4769,#4777));
#4767=ORIENTED_EDGE('',*,*,#2427,.F.);
#4768=ORIENTED_EDGE('',*,*,#4754,.F.);
#4769=ORIENTED_EDGE('',*,*,#4770,.T.);
#4770=EDGE_CURVE('NONE',#4747,#4771,#4773,.F.);
#4771=VERTEX_POINT('NONE',#4772);
#4772=CARTESIAN_POINT('',(-0.597774502,-3.25,2.855722927));
#4773=LINE('',#4774,#4775);
#4774=CARTESIAN_POINT('',(-0.597774502,-3.25,3.444277073));
#4775=VECTOR('',#4776,1.0);
#4776=DIRECTION('',(0.0,0.0,1.0));
#4777=ORIENTED_EDGE('',*,*,#4778,.T.);
#4778=EDGE_CURVE('NONE',#4771,#2428,#4779,.T.);
#4779=LINE('',#4780,#4781);
#4780=CARTESIAN_POINT('',(-0.597774502,-3.25,2.855722927));
#4781=VECTOR('',#4782,1.0);
#4782=DIRECTION('',(1.104919411E-16,-1.0,0.0));
#4783=PLANE('',#4784);
#4784=AXIS2_PLACEMENT_3D('',#4785,#4786,#4787);
#4785=CARTESIAN_POINT('',(-0.597774502,-3.25,3.444277073));
#4786=DIRECTION('',(1.0,1.104919411E-16,0.0));
#4787=DIRECTION('',(-1.104919411E-16,1.0,0.0));
#4788=ADVANCED_FACE('NONE',(#4789),#4800,.F.);
#4789=FACE_BOUND('NONE',#4790,.T.);
#4790=EDGE_LOOP('',(#4791,#4792,#4793,#4799));
#4791=ORIENTED_EDGE('',*,*,#2435,.F.);
#4792=ORIENTED_EDGE('',*,*,#4778,.F.);
#4793=ORIENTED_EDGE('',*,*,#4794,.T.);
#4794=EDGE_CURVE('NONE',#4771,#4715,#4795,.F.);
#4795=LINE('',#4796,#4797);
#4796=CARTESIAN_POINT('',(-0.23,-3.25,2.855722927));
#4797=VECTOR('',#4798,1.0);
#4798=DIRECTION('',(-1.0,0.0,0.0));
#4799=ORIENTED_EDGE('',*,*,#4714,.F.);
#4800=PLANE('',#4801);
#4801=AXIS2_PLACEMENT_3D('',#4802,#4803,#4804);
#4802=CARTESIAN_POINT('',(-0.23,-3.25,2.855722927));
#4803=DIRECTION('',(0.0,0.0,1.0));
#4804=DIRECTION('',(1.0,0.0,0.0));
#4805=ADVANCED_FACE('NONE',(#4806),#4824,.F.);
#4806=FACE_BOUND('NONE',#4807,.T.);
#4807=EDGE_LOOP('',(#4808,#4809,#4810,#4818));
#4808=ORIENTED_EDGE('',*,*,#2451,.F.);
#4809=ORIENTED_EDGE('',*,*,#4707,.F.);
#4810=ORIENTED_EDGE('',*,*,#4811,.T.);
#4811=EDGE_CURVE('NONE',#4700,#4812,#4814,.F.);
#4812=VERTEX_POINT('NONE',#4813);
#4813=CARTESIAN_POINT('',(-2.31,-3.25,0.9));
#4814=LINE('',#4815,#4816);
#4815=CARTESIAN_POINT('',(-0.23,-3.25,0.9));
#4816=VECTOR('',#4817,1.0);
#4817=DIRECTION('',(1.0,0.0,1.042502089E-16));
#4818=ORIENTED_EDGE('',*,*,#4819,.T.);
#4819=EDGE_CURVE('NONE',#4812,#2452,#4820,.T.);
#4820=LINE('',#4821,#4822);
#4821=CARTESIAN_POINT('',(-2.31,-3.25,0.9));
#4822=VECTOR('',#4823,1.0);
#4823=DIRECTION('',(1.104919411E-16,-1.0,0.0));
#4824=PLANE('',#4825);
#4825=AXIS2_PLACEMENT_3D('',#4826,#4827,#4828);
#4826=CARTESIAN_POINT('',(-0.23,-3.25,0.9));
#4827=DIRECTION('',(1.042502089E-16,1.151880795E-32,-1.0));
#4828=DIRECTION('',(-1.0,0.0,-1.042502089E-16));
#4829=ADVANCED_FACE('NONE',(#4830),#4894,.F.);
#4830=FACE_BOUND('NONE',#4831,.T.);
#4831=EDGE_LOOP('',(#4832,#4833,#4834,#4842,#4850,#4858,#4864,#4865,#4871,#4872,#4880,#4888));
#4832=ORIENTED_EDGE('',*,*,#2459,.F.);
#4833=ORIENTED_EDGE('',*,*,#4819,.F.);
#4834=ORIENTED_EDGE('',*,*,#4835,.T.);
#4835=EDGE_CURVE('NONE',#4812,#4836,#4838,.F.);
#4836=VERTEX_POINT('NONE',#4837);
#4837=CARTESIAN_POINT('',(-2.31,-3.25,1.549571274));
#4838=LINE('',#4839,#4840);
#4839=CARTESIAN_POINT('',(-2.31,-3.25,2.855722927));
#4840=VECTOR('',#4841,1.0);
#4841=DIRECTION('',(-1.330497883E-15,0.0,-1.0));
#4842=ORIENTED_EDGE('',*,*,#4843,.T.);
#4843=EDGE_CURVE('NONE',#4836,#4844,#4846,.T.);
#4844=VERTEX_POINT('NONE',#4845);
#4845=CARTESIAN_POINT('',(-2.31,2.149068217,1.547257323));
#4846=LINE('',#4847,#4848);
#4847=CARTESIAN_POINT('',(-2.31,-6.983812938,1.551171524));
#4848=VECTOR('',#4849,1.0);
#4849=DIRECTION('',(7.281441942E-21,0.999999908,-4.285833644E-04));
#4850=ORIENTED_EDGE('',*,*,#4851,.T.);
#4851=EDGE_CURVE('NONE',#4844,#4852,#4854,.F.);
#4852=VERTEX_POINT('NONE',#4853);
#4853=CARTESIAN_POINT('',(-2.31,2.150396825,4.647257038));
#4854=LINE('',#4855,#4856);
#4855=CARTESIAN_POINT('',(-2.31,2.150396825,4.647257038));
#4856=VECTOR('',#4857,1.0);
#4857=DIRECTION('',(0.0,-4.285833644E-04,-0.999999908));
#4858=ORIENTED_EDGE('',*,*,#4859,.T.);
#4859=EDGE_CURVE('NONE',#4852,#1344,#4860,.F.);
#4860=LINE('',#4861,#4862);
#4861=CARTESIAN_POINT('',(-2.31,-6.982484329,4.65117124));
#4862=VECTOR('',#4863,1.0);
#4863=DIRECTION('',(7.281441942E-21,0.999999908,-4.285833644E-04));
#4864=ORIENTED_EDGE('',*,*,#1341,.F.);
#4865=ORIENTED_EDGE('',*,*,#4866,.T.);
#4866=EDGE_CURVE('NONE',#1342,#2402,#4867,.T.);
#4867=LINE('',#4868,#4869);
#4868=CARTESIAN_POINT('',(-2.31,-3.25,5.4));
#4869=VECTOR('',#4870,1.0);
#4870=DIRECTION('',(1.104919411E-16,-1.0,0.0));
#4871=ORIENTED_EDGE('',*,*,#2491,.F.);
#4872=ORIENTED_EDGE('',*,*,#4873,.T.);
#4873=EDGE_CURVE('NONE',#2484,#4874,#4876,.F.);
#4874=VERTEX_POINT('NONE',#4875);
#4875=CARTESIAN_POINT('',(-2.31,-3.25,3.444277073));
#4876=LINE('',#4877,#4878);
#4877=CARTESIAN_POINT('',(-2.31,-3.25,3.444277073));
#4878=VECTOR('',#4879,1.0);
#4879=DIRECTION('',(1.104919411E-16,-1.0,0.0));
#4880=ORIENTED_EDGE('',*,*,#4881,.T.);
#4881=EDGE_CURVE('NONE',#4874,#4882,#4884,.F.);
#4882=VERTEX_POINT('NONE',#4883);
#4883=CARTESIAN_POINT('',(-2.31,-3.25,2.855722927));
#4884=LINE('',#4885,#4886);
#4885=CARTESIAN_POINT('',(-2.31,-3.25,4.65117124));
#4886=VECTOR('',#4887,1.0);
#4887=DIRECTION('',(-3.120704885E-24,0.0,1.0));
#4888=ORIENTED_EDGE('',*,*,#4889,.T.);
#4889=EDGE_CURVE('NONE',#4882,#2460,#4890,.T.);
#4890=LINE('',#4891,#4892);
#4891=CARTESIAN_POINT('',(-2.31,-3.25,2.855722927));
#4892=VECTOR('',#4893,1.0);
#4893=DIRECTION('',(1.104919411E-16,-1.0,0.0));
#4894=PLANE('',#4895);
#4895=AXIS2_PLACEMENT_3D('',#4896,#4897,#4898);
#4896=CARTESIAN_POINT('',(-2.31,-3.25,2.855722927));
#4897=DIRECTION('',(-1.0,-1.104919411E-16,1.330497883E-15));
#4898=DIRECTION('',(1.330497883E-15,0.0,1.0));
#4899=ADVANCED_FACE('NONE',(#4900),#4918,.F.);
#4900=FACE_BOUND('NONE',#4901,.T.);
#4901=EDGE_LOOP('',(#4902,#4903,#4904,#4912));
#4902=ORIENTED_EDGE('',*,*,#2467,.F.);
#4903=ORIENTED_EDGE('',*,*,#4889,.F.);
#4904=ORIENTED_EDGE('',*,*,#4905,.T.);
#4905=EDGE_CURVE('NONE',#4882,#4906,#4908,.F.);
#4906=VERTEX_POINT('NONE',#4907);
#4907=CARTESIAN_POINT('',(-1.942225498,-3.25,2.855722927));
#4908=LINE('',#4909,#4910);
#4909=CARTESIAN_POINT('',(-2.31,-3.25,2.855722927));
#4910=VECTOR('',#4911,1.0);
#4911=DIRECTION('',(-1.0,0.0,0.0));
#4912=ORIENTED_EDGE('',*,*,#4913,.T.);
#4913=EDGE_CURVE('NONE',#4906,#2468,#4914,.T.);
#4914=LINE('',#4915,#4916);
#4915=CARTESIAN_POINT('',(-1.942225498,-3.25,2.855722927));
#4916=VECTOR('',#4917,1.0);
#4917=DIRECTION('',(1.104919411E-16,-1.0,0.0));
#4918=PLANE('',#4919);
#4919=AXIS2_PLACEMENT_3D('',#4920,#4921,#4922);
#4920=CARTESIAN_POINT('',(-2.31,-3.25,2.855722927));
#4921=DIRECTION('',(0.0,0.0,1.0));
#4922=DIRECTION('',(1.0,0.0,0.0));
#4923=ADVANCED_FACE('NONE',(#4924),#4942,.F.);
#4924=FACE_BOUND('NONE',#4925,.T.);
#4925=EDGE_LOOP('',(#4926,#4927,#4928,#4936));
#4926=ORIENTED_EDGE('',*,*,#2475,.F.);
#4927=ORIENTED_EDGE('',*,*,#4913,.F.);
#4928=ORIENTED_EDGE('',*,*,#4929,.T.);
#4929=EDGE_CURVE('NONE',#4906,#4930,#4932,.F.);
#4930=VERTEX_POINT('NONE',#4931);
#4931=CARTESIAN_POINT('',(-1.942225498,-3.25,3.444277073));
#4932=LINE('',#4933,#4934);
#4933=CARTESIAN_POINT('',(-1.942225498,-3.25,3.444277073));
#4934=VECTOR('',#4935,1.0);
#4935=DIRECTION('',(2.947432257E-15,0.0,-1.0));
#4936=ORIENTED_EDGE('',*,*,#4937,.T.);
#4937=EDGE_CURVE('NONE',#4930,#2476,#4938,.T.);
#4938=LINE('',#4939,#4940);
#4939=CARTESIAN_POINT('',(-1.942225498,-3.25,3.444277073));
#4940=VECTOR('',#4941,1.0);
#4941=DIRECTION('',(1.104919411E-16,-1.0,0.0));
#4942=PLANE('',#4943);
#4943=AXIS2_PLACEMENT_3D('',#4944,#4945,#4946);
#4944=CARTESIAN_POINT('',(-1.942225498,-3.25,3.444277073));
#4945=DIRECTION('',(-1.0,-1.104919411E-16,-2.947432257E-15));
#4946=DIRECTION('',(-2.947432257E-15,0.0,1.0));
#4947=ADVANCED_FACE('NONE',(#4948),#4959,.F.);
#4948=FACE_BOUND('NONE',#4949,.T.);
#4949=EDGE_LOOP('',(#4950,#4951,#4952,#4958));
#4950=ORIENTED_EDGE('',*,*,#2483,.F.);
#4951=ORIENTED_EDGE('',*,*,#4937,.F.);
#4952=ORIENTED_EDGE('',*,*,#4953,.T.);
#4953=EDGE_CURVE('NONE',#4930,#4874,#4954,.F.);
#4954=LINE('',#4955,#4956);
#4955=CARTESIAN_POINT('',(-2.31,-3.25,3.444277073));
#4956=VECTOR('',#4957,1.0);
#4957=DIRECTION('',(1.0,0.0,0.0));
#4958=ORIENTED_EDGE('',*,*,#4873,.F.);
#4959=PLANE('',#4960);
#4960=AXIS2_PLACEMENT_3D('',#4961,#4962,#4963);
#4961=CARTESIAN_POINT('',(-2.31,-3.25,3.444277073));
#4962=DIRECTION('',(0.0,0.0,-1.0));
#4963=DIRECTION('',(-1.0,0.0,0.0));
#4964=ADVANCED_FACE('NONE',(#4965),#4971,.F.);
#4965=FACE_BOUND('NONE',#4966,.T.);
#4966=EDGE_LOOP('',(#4967,#4968,#4969,#4970));
#4967=ORIENTED_EDGE('',*,*,#2401,.F.);
#4968=ORIENTED_EDGE('',*,*,#4866,.F.);
#4969=ORIENTED_EDGE('',*,*,#1367,.F.);
#4970=ORIENTED_EDGE('',*,*,#4668,.F.);
#4971=PLANE('',#4972);
#4972=AXIS2_PLACEMENT_3D('',#4973,#4974,#4975);
#4973=CARTESIAN_POINT('',(-0.23,-3.25,5.4));
#4974=DIRECTION('',(0.0,0.0,1.0));
#4975=DIRECTION('',(1.0,0.0,0.0));
#4976=ADVANCED_FACE('NONE',(#4977),#4988,.F.);
#4977=FACE_BOUND('NONE',#4978,.T.);
#4978=EDGE_LOOP('',(#4979,#4980,#4986,#4987));
#4979=ORIENTED_EDGE('',*,*,#4699,.F.);
#4980=ORIENTED_EDGE('',*,*,#4981,.T.);
#4981=EDGE_CURVE('NONE',#4692,#4836,#4982,.T.);
#4982=LINE('',#4983,#4984);
#4983=CARTESIAN_POINT('',(-2.31,-3.25,1.549571274));
#4984=VECTOR('',#4985,1.0);
#4985=DIRECTION('',(-1.0,0.0,0.0));
#4986=ORIENTED_EDGE('',*,*,#4835,.F.);
#4987=ORIENTED_EDGE('',*,*,#4811,.F.);
#4988=PLANE('',#4989);
#4989=AXIS2_PLACEMENT_3D('',#4990,#4991,#4992);
#4990=CARTESIAN_POINT('',(-7.62,-3.25,0.0));
#4991=DIRECTION('',(0.0,1.0,0.0));
#4992=DIRECTION('',(0.0,0.0,1.0));
#4993=ADVANCED_FACE('NONE',(#4994),#5065,.F.);
#4994=FACE_BOUND('NONE',#4995,.T.);
#4995=EDGE_LOOP('',(#4996,#4997,#5003,#5004,#5012,#5020,#5028,#5036,#5042,#5043,#5051,#5059));
#4996=ORIENTED_EDGE('',*,*,#2313,.F.);
#4997=ORIENTED_EDGE('',*,*,#4998,.T.);
#4998=EDGE_CURVE('NONE',#2306,#1400,#4999,.F.);
#4999=LINE('',#5000,#5001);
#5000=CARTESIAN_POINT('',(2.31,-3.25,5.4));
#5001=VECTOR('',#5002,1.0);
#5002=DIRECTION('',(1.104919411E-16,-1.0,0.0));
#5003=ORIENTED_EDGE('',*,*,#1399,.F.);
#5004=ORIENTED_EDGE('',*,*,#5005,.T.);
#5005=EDGE_CURVE('NONE',#1392,#5006,#5008,.T.);
#5006=VERTEX_POINT('NONE',#5007);
#5007=CARTESIAN_POINT('',(2.31,2.150396825,4.647257038));
#5008=LINE('',#5009,#5010);
#5009=CARTESIAN_POINT('',(2.31,-6.982484329,4.65117124));
#5010=VECTOR('',#5011,1.0);
#5011=DIRECTION('',(7.281441942E-21,0.999999908,-4.285833644E-04));
#5012=ORIENTED_EDGE('',*,*,#5013,.T.);
#5013=EDGE_CURVE('NONE',#5006,#5014,#5016,.F.);
#5014=VERTEX_POINT('NONE',#5015);
#5015=CARTESIAN_POINT('',(2.31,2.149068217,1.547257323));
#5016=LINE('',#5017,#5018);
#5017=CARTESIAN_POINT('',(2.31,2.150396825,4.647257038));
#5018=VECTOR('',#5019,1.0);
#5019=DIRECTION('',(0.0,4.285833644E-04,0.999999908));
#5020=ORIENTED_EDGE('',*,*,#5021,.T.);
#5021=EDGE_CURVE('NONE',#5014,#5022,#5024,.F.);
#5022=VERTEX_POINT('NONE',#5023);
#5023=CARTESIAN_POINT('',(2.31,-3.25,1.549571274));
#5024=LINE('',#5025,#5026);
#5025=CARTESIAN_POINT('',(2.31,-6.983812938,1.551171524));
#5026=VECTOR('',#5027,1.0);
#5027=DIRECTION('',(7.281441942E-21,0.999999908,-4.285833644E-04));
#5028=ORIENTED_EDGE('',*,*,#5029,.T.);
#5029=EDGE_CURVE('NONE',#5022,#5030,#5032,.F.);
#5030=VERTEX_POINT('NONE',#5031);
#5031=CARTESIAN_POINT('',(2.31,-3.25,0.9));
#5032=LINE('',#5033,#5034);
#5033=CARTESIAN_POINT('',(2.31,-3.25,2.855722927));
#5034=VECTOR('',#5035,1.0);
#5035=DIRECTION('',(0.0,0.0,1.0));
#5036=ORIENTED_EDGE('',*,*,#5037,.T.);
#5037=EDGE_CURVE('NONE',#5030,#2346,#5038,.T.);
#5038=LINE('',#5039,#5040);
#5039=CARTESIAN_POINT('',(2.31,-3.25,0.9));
#5040=VECTOR('',#5041,1.0);
#5041=DIRECTION('',(1.104919411E-16,-1.0,0.0));
#5042=ORIENTED_EDGE('',*,*,#2345,.F.);
#5043=ORIENTED_EDGE('',*,*,#5044,.T.);
#5044=EDGE_CURVE('NONE',#2338,#5045,#5047,.F.);
#5045=VERTEX_POINT('NONE',#5046);
#5046=CARTESIAN_POINT('',(2.31,-3.25,2.855722927));
#5047=LINE('',#5048,#5049);
#5048=CARTESIAN_POINT('',(2.31,-3.25,2.855722927));
#5049=VECTOR('',#5050,1.0);
#5050=DIRECTION('',(1.104919411E-16,-1.0,0.0));
#5051=ORIENTED_EDGE('',*,*,#5052,.T.);
#5052=EDGE_CURVE('NONE',#5045,#5053,#5055,.F.);
#5053=VERTEX_POINT('NONE',#5054);
#5054=CARTESIAN_POINT('',(2.31,-3.25,3.444277073));
#5055=LINE('',#5056,#5057);
#5056=CARTESIAN_POINT('',(2.31,-3.25,4.65117124));
#5057=VECTOR('',#5058,1.0);
#5058=DIRECTION('',(3.120704885E-24,0.0,-1.0));
#5059=ORIENTED_EDGE('',*,*,#5060,.T.);
#5060=EDGE_CURVE('NONE',#5053,#2314,#5061,.T.);
#5061=LINE('',#5062,#5063);
#5062=CARTESIAN_POINT('',(2.31,-3.25,3.444277073));
#5063=VECTOR('',#5064,1.0);
#5064=DIRECTION('',(1.104919411E-16,-1.0,0.0));
#5065=PLANE('',#5066);
#5066=AXIS2_PLACEMENT_3D('',#5067,#5068,#5069);
#5067=CARTESIAN_POINT('',(2.31,-3.25,5.4));
#5068=DIRECTION('',(1.0,1.104919411E-16,0.0));
#5069=DIRECTION('',(-1.104919411E-16,1.0,0.0));
#5070=ADVANCED_FACE('NONE',(#5071),#5089,.F.);
#5071=FACE_BOUND('NONE',#5072,.T.);
#5072=EDGE_LOOP('',(#5073,#5074,#5075,#5083));
#5073=ORIENTED_EDGE('',*,*,#2321,.F.);
#5074=ORIENTED_EDGE('',*,*,#5060,.F.);
#5075=ORIENTED_EDGE('',*,*,#5076,.T.);
#5076=EDGE_CURVE('NONE',#5053,#5077,#5079,.F.);
#5077=VERTEX_POINT('NONE',#5078);
#5078=CARTESIAN_POINT('',(1.942225498,-3.25,3.444277073));
#5079=LINE('',#5080,#5081);
#5080=CARTESIAN_POINT('',(2.31,-3.25,3.444277073));
#5081=VECTOR('',#5082,1.0);
#5082=DIRECTION('',(1.0,0.0,0.0));
#5083=ORIENTED_EDGE('',*,*,#5084,.T.);
#5084=EDGE_CURVE('NONE',#5077,#2322,#5085,.T.);
#5085=LINE('',#5086,#5087);
#5086=CARTESIAN_POINT('',(1.942225498,-3.25,3.444277073));
#5087=VECTOR('',#5088,1.0);
#5088=DIRECTION('',(1.104919411E-16,-1.0,0.0));
#5089=PLANE('',#5090);
#5090=AXIS2_PLACEMENT_3D('',#5091,#5092,#5093);
#5091=CARTESIAN_POINT('',(2.31,-3.25,3.444277073));
#5092=DIRECTION('',(0.0,0.0,-1.0));
#5093=DIRECTION('',(-1.0,0.0,0.0));
#5094=ADVANCED_FACE('NONE',(#5095),#5113,.F.);
#5095=FACE_BOUND('NONE',#5096,.T.);
#5096=EDGE_LOOP('',(#5097,#5098,#5099,#5107));
#5097=ORIENTED_EDGE('',*,*,#2329,.F.);
#5098=ORIENTED_EDGE('',*,*,#5084,.F.);
#5099=ORIENTED_EDGE('',*,*,#5100,.T.);
#5100=EDGE_CURVE('NONE',#5077,#5101,#5103,.F.);
#5101=VERTEX_POINT('NONE',#5102);
#5102=CARTESIAN_POINT('',(1.942225498,-3.25,2.855722927));
#5103=LINE('',#5104,#5105);
#5104=CARTESIAN_POINT('',(1.942225498,-3.25,3.444277073));
#5105=VECTOR('',#5106,1.0);
#5106=DIRECTION('',(0.0,0.0,1.0));
#5107=ORIENTED_EDGE('',*,*,#5108,.T.);
#5108=EDGE_CURVE('NONE',#5101,#2330,#5109,.T.);
#5109=LINE('',#5110,#5111);
#5110=CARTESIAN_POINT('',(1.942225498,-3.25,2.855722927));
#5111=VECTOR('',#5112,1.0);
#5112=DIRECTION('',(1.104919411E-16,-1.0,0.0));
#5113=PLANE('',#5114);
#5114=AXIS2_PLACEMENT_3D('',#5115,#5116,#5117);
#5115=CARTESIAN_POINT('',(1.942225498,-3.25,3.444277073));
#5116=DIRECTION('',(1.0,1.104919411E-16,0.0));
#5117=DIRECTION('',(-1.104919411E-16,1.0,0.0));
#5118=ADVANCED_FACE('NONE',(#5119),#5130,.F.);
#5119=FACE_BOUND('NONE',#5120,.T.);
#5120=EDGE_LOOP('',(#5121,#5122,#5123,#5129));
#5121=ORIENTED_EDGE('',*,*,#2337,.F.);
#5122=ORIENTED_EDGE('',*,*,#5108,.F.);
#5123=ORIENTED_EDGE('',*,*,#5124,.T.);
#5124=EDGE_CURVE('NONE',#5101,#5045,#5125,.F.);
#5125=LINE('',#5126,#5127);
#5126=CARTESIAN_POINT('',(2.31,-3.25,2.855722927));
#5127=VECTOR('',#5128,1.0);
#5128=DIRECTION('',(-1.0,0.0,0.0));
#5129=ORIENTED_EDGE('',*,*,#5044,.F.);
#5130=PLANE('',#5131);
#5131=AXIS2_PLACEMENT_3D('',#5132,#5133,#5134);
#5132=CARTESIAN_POINT('',(2.31,-3.25,2.855722927));
#5133=DIRECTION('',(0.0,0.0,1.0));
#5134=DIRECTION('',(1.0,0.0,0.0));
#5135=ADVANCED_FACE('NONE',(#5136),#5154,.F.);
#5136=FACE_BOUND('NONE',#5137,.T.);
#5137=EDGE_LOOP('',(#5138,#5139,#5140,#5148));
#5138=ORIENTED_EDGE('',*,*,#2353,.F.);
#5139=ORIENTED_EDGE('',*,*,#5037,.F.);
#5140=ORIENTED_EDGE('',*,*,#5141,.T.);
#5141=EDGE_CURVE('NONE',#5030,#5142,#5144,.F.);
#5142=VERTEX_POINT('NONE',#5143);
#5143=CARTESIAN_POINT('',(0.23,-3.25,0.9));
#5144=LINE('',#5145,#5146);
#5145=CARTESIAN_POINT('',(2.31,-3.25,0.9));
#5146=VECTOR('',#5147,1.0);
#5147=DIRECTION('',(1.0,0.0,1.042502089E-16));
#5148=ORIENTED_EDGE('',*,*,#5149,.T.);
#5149=EDGE_CURVE('NONE',#5142,#2354,#5150,.T.);
#5150=LINE('',#5151,#5152);
#5151=CARTESIAN_POINT('',(0.23,-3.25,0.9));
#5152=VECTOR('',#5153,1.0);
#5153=DIRECTION('',(1.104919411E-16,-1.0,0.0));
#5154=PLANE('',#5155);
#5155=AXIS2_PLACEMENT_3D('',#5156,#5157,#5158);
#5156=CARTESIAN_POINT('',(2.31,-3.25,0.9));
#5157=DIRECTION('',(1.042502089E-16,1.151880795E-32,-1.0));
#5158=DIRECTION('',(-1.0,0.0,-1.042502089E-16));
#5159=ADVANCED_FACE('NONE',(#5160),#5224,.F.);
#5160=FACE_BOUND('NONE',#5161,.T.);
#5161=EDGE_LOOP('',(#5162,#5163,#5164,#5172,#5180,#5188,#5194,#5195,#5201,#5202,#5210,#5218));
#5162=ORIENTED_EDGE('',*,*,#2361,.F.);
#5163=ORIENTED_EDGE('',*,*,#5149,.F.);
#5164=ORIENTED_EDGE('',*,*,#5165,.T.);
#5165=EDGE_CURVE('NONE',#5142,#5166,#5168,.F.);
#5166=VERTEX_POINT('NONE',#5167);
#5167=CARTESIAN_POINT('',(0.23,-3.25,1.549571274));
#5168=LINE('',#5169,#5170);
#5169=CARTESIAN_POINT('',(0.23,-3.25,2.855722927));
#5170=VECTOR('',#5171,1.0);
#5171=DIRECTION('',(-1.330497883E-15,0.0,-1.0));
#5172=ORIENTED_EDGE('',*,*,#5173,.T.);
#5173=EDGE_CURVE('NONE',#5166,#5174,#5176,.T.);
#5174=VERTEX_POINT('NONE',#5175);
#5175=CARTESIAN_POINT('',(0.23,2.149068217,1.547257323));
#5176=LINE('',#5177,#5178);
#5177=CARTESIAN_POINT('',(0.23,-6.983812938,1.551171524));
#5178=VECTOR('',#5179,1.0);
#5179=DIRECTION('',(7.281441942E-21,0.999999908,-4.285833644E-04));
#5180=ORIENTED_EDGE('',*,*,#5181,.T.);
#5181=EDGE_CURVE('NONE',#5174,#5182,#5184,.F.);
#5182=VERTEX_POINT('NONE',#5183);
#5183=CARTESIAN_POINT('',(0.23,2.150396825,4.647257038));
#5184=LINE('',#5185,#5186);
#5185=CARTESIAN_POINT('',(0.23,2.150396825,4.647257038));
#5186=VECTOR('',#5187,1.0);
#5187=DIRECTION('',(0.0,-4.285833644E-04,-0.999999908));
#5188=ORIENTED_EDGE('',*,*,#5189,.T.);
#5189=EDGE_CURVE('NONE',#5182,#1384,#5190,.F.);
#5190=LINE('',#5191,#5192);
#5191=CARTESIAN_POINT('',(0.23,-6.982484329,4.65117124));
#5192=VECTOR('',#5193,1.0);
#5193=DIRECTION('',(7.281441942E-21,0.999999908,-4.285833644E-04));
#5194=ORIENTED_EDGE('',*,*,#1381,.F.);
#5195=ORIENTED_EDGE('',*,*,#5196,.T.);
#5196=EDGE_CURVE('NONE',#1382,#2304,#5197,.T.);
#5197=LINE('',#5198,#5199);
#5198=CARTESIAN_POINT('',(0.23,-3.25,5.4));
#5199=VECTOR('',#5200,1.0);
#5200=DIRECTION('',(1.104919411E-16,-1.0,0.0));
#5201=ORIENTED_EDGE('',*,*,#2393,.F.);
#5202=ORIENTED_EDGE('',*,*,#5203,.T.);
#5203=EDGE_CURVE('NONE',#2386,#5204,#5206,.F.);
#5204=VERTEX_POINT('NONE',#5205);
#5205=CARTESIAN_POINT('',(0.23,-3.25,3.444277073));
#5206=LINE('',#5207,#5208);
#5207=CARTESIAN_POINT('',(0.23,-3.25,3.444277073));
#5208=VECTOR('',#5209,1.0);
#5209=DIRECTION('',(1.104919411E-16,-1.0,0.0));
#5210=ORIENTED_EDGE('',*,*,#5211,.T.);
#5211=EDGE_CURVE('NONE',#5204,#5212,#5214,.F.);
#5212=VERTEX_POINT('NONE',#5213);
#5213=CARTESIAN_POINT('',(0.23,-3.25,2.855722927));
#5214=LINE('',#5215,#5216);
#5215=CARTESIAN_POINT('',(0.23,-3.25,4.65117124));
#5216=VECTOR('',#5217,1.0);
#5217=DIRECTION('',(-3.120704885E-24,0.0,1.0));
#5218=ORIENTED_EDGE('',*,*,#5219,.T.);
#5219=EDGE_CURVE('NONE',#5212,#2362,#5220,.T.);
#5220=LINE('',#5221,#5222);
#5221=CARTESIAN_POINT('',(0.23,-3.25,2.855722927));
#5222=VECTOR('',#5223,1.0);
#5223=DIRECTION('',(1.104919411E-16,-1.0,0.0));
#5224=PLANE('',#5225);
#5225=AXIS2_PLACEMENT_3D('',#5226,#5227,#5228);
#5226=CARTESIAN_POINT('',(0.23,-3.25,2.855722927));
#5227=DIRECTION('',(-1.0,-1.104919411E-16,1.330497883E-15));
#5228=DIRECTION('',(1.330497883E-15,0.0,1.0));
#5229=ADVANCED_FACE('NONE',(#5230),#5248,.F.);
#5230=FACE_BOUND('NONE',#5231,.T.);
#5231=EDGE_LOOP('',(#5232,#5233,#5234,#5242));
#5232=ORIENTED_EDGE('',*,*,#2369,.F.);
#5233=ORIENTED_EDGE('',*,*,#5219,.F.);
#5234=ORIENTED_EDGE('',*,*,#5235,.T.);
#5235=EDGE_CURVE('NONE',#5212,#5236,#5238,.F.);
#5236=VERTEX_POINT('NONE',#5237);
#5237=CARTESIAN_POINT('',(0.597774502,-3.25,2.855722927));
#5238=LINE('',#5239,#5240);
#5239=CARTESIAN_POINT('',(0.23,-3.25,2.855722927));
#5240=VECTOR('',#5241,1.0);
#5241=DIRECTION('',(-1.0,0.0,0.0));
#5242=ORIENTED_EDGE('',*,*,#5243,.T.);
#5243=EDGE_CURVE('NONE',#5236,#2370,#5244,.T.);
#5244=LINE('',#5245,#5246);
#5245=CARTESIAN_POINT('',(0.597774502,-3.25,2.855722927));
#5246=VECTOR('',#5247,1.0);
#5247=DIRECTION('',(1.104919411E-16,-1.0,0.0));
#5248=PLANE('',#5249);
#5249=AXIS2_PLACEMENT_3D('',#5250,#5251,#5252);
#5250=CARTESIAN_POINT('',(0.23,-3.25,2.855722927));
#5251=DIRECTION('',(0.0,0.0,1.0));
#5252=DIRECTION('',(1.0,0.0,0.0));
#5253=ADVANCED_FACE('NONE',(#5254),#5272,.F.);
#5254=FACE_BOUND('NONE',#5255,.T.);
#5255=EDGE_LOOP('',(#5256,#5257,#5258,#5266));
#5256=ORIENTED_EDGE('',*,*,#2377,.F.);
#5257=ORIENTED_EDGE('',*,*,#5243,.F.);
#5258=ORIENTED_EDGE('',*,*,#5259,.T.);
#5259=EDGE_CURVE('NONE',#5236,#5260,#5262,.F.);
#5260=VERTEX_POINT('NONE',#5261);
#5261=CARTESIAN_POINT('',(0.597774502,-3.25,3.444277073));
#5262=LINE('',#5263,#5264);
#5263=CARTESIAN_POINT('',(0.597774502,-3.25,3.444277073));
#5264=VECTOR('',#5265,1.0);
#5265=DIRECTION('',(2.947432257E-15,0.0,-1.0));
#5266=ORIENTED_EDGE('',*,*,#5267,.T.);
#5267=EDGE_CURVE('NONE',#5260,#2378,#5268,.T.);
#5268=LINE('',#5269,#5270);
#5269=CARTESIAN_POINT('',(0.597774502,-3.25,3.444277073));
#5270=VECTOR('',#5271,1.0);
#5271=DIRECTION('',(1.104919411E-16,-1.0,0.0));
#5272=PLANE('',#5273);
#5273=AXIS2_PLACEMENT_3D('',#5274,#5275,#5276);
#5274=CARTESIAN_POINT('',(0.597774502,-3.25,3.444277073));
#5275=DIRECTION('',(-1.0,-1.104919411E-16,-2.947432257E-15));
#5276=DIRECTION('',(-2.947432257E-15,0.0,1.0));
#5277=ADVANCED_FACE('NONE',(#5278),#5289,.F.);
#5278=FACE_BOUND('NONE',#5279,.T.);
#5279=EDGE_LOOP('',(#5280,#5281,#5282,#5288));
#5280=ORIENTED_EDGE('',*,*,#2385,.F.);
#5281=ORIENTED_EDGE('',*,*,#5267,.F.);
#5282=ORIENTED_EDGE('',*,*,#5283,.T.);
#5283=EDGE_CURVE('NONE',#5260,#5204,#5284,.F.);
#5284=LINE('',#5285,#5286);
#5285=CARTESIAN_POINT('',(0.23,-3.25,3.444277073));
#5286=VECTOR('',#5287,1.0);
#5287=DIRECTION('',(1.0,0.0,0.0));
#5288=ORIENTED_EDGE('',*,*,#5203,.F.);
#5289=PLANE('',#5290);
#5290=AXIS2_PLACEMENT_3D('',#5291,#5292,#5293);
#5291=CARTESIAN_POINT('',(0.23,-3.25,3.444277073));
#5292=DIRECTION('',(0.0,0.0,-1.0));
#5293=DIRECTION('',(-1.0,0.0,0.0));
#5294=ADVANCED_FACE('NONE',(#5295),#5301,.F.);
#5295=FACE_BOUND('NONE',#5296,.T.);
#5296=EDGE_LOOP('',(#5297,#5298,#5299,#5300));
#5297=ORIENTED_EDGE('',*,*,#2303,.F.);
#5298=ORIENTED_EDGE('',*,*,#5196,.F.);
#5299=ORIENTED_EDGE('',*,*,#1407,.F.);
#5300=ORIENTED_EDGE('',*,*,#4998,.F.);
#5301=PLANE('',#5302);
#5302=AXIS2_PLACEMENT_3D('',#5303,#5304,#5305);
#5303=CARTESIAN_POINT('',(2.31,-3.25,5.4));
#5304=DIRECTION('',(0.0,0.0,1.0));
#5305=DIRECTION('',(1.0,0.0,0.0));
#5306=ADVANCED_FACE('NONE',(#5307),#5318,.F.);
#5307=FACE_BOUND('NONE',#5308,.T.);
#5308=EDGE_LOOP('',(#5309,#5310,#5316,#5317));
#5309=ORIENTED_EDGE('',*,*,#5029,.F.);
#5310=ORIENTED_EDGE('',*,*,#5311,.T.);
#5311=EDGE_CURVE('NONE',#5022,#5166,#5312,.T.);
#5312=LINE('',#5313,#5314);
#5313=CARTESIAN_POINT('',(0.23,-3.25,1.549571274));
#5314=VECTOR('',#5315,1.0);
#5315=DIRECTION('',(-1.0,0.0,0.0));
#5316=ORIENTED_EDGE('',*,*,#5165,.F.);
#5317=ORIENTED_EDGE('',*,*,#5141,.F.);
#5318=PLANE('',#5319);
#5319=AXIS2_PLACEMENT_3D('',#5320,#5321,#5322);
#5320=CARTESIAN_POINT('',(-5.08,-3.25,0.0));
#5321=DIRECTION('',(0.0,1.0,0.0));
#5322=DIRECTION('',(0.0,0.0,1.0));
#5323=ADVANCED_FACE('NONE',(#5324),#5395,.F.);
#5324=FACE_BOUND('NONE',#5325,.T.);
#5325=EDGE_LOOP('',(#5326,#5327,#5333,#5334,#5342,#5350,#5358,#5366,#5372,#5373,#5381,#5389));
#5326=ORIENTED_EDGE('',*,*,#2215,.F.);
#5327=ORIENTED_EDGE('',*,*,#5328,.T.);
#5328=EDGE_CURVE('NONE',#2208,#1440,#5329,.F.);
#5329=LINE('',#5330,#5331);
#5330=CARTESIAN_POINT('',(4.85,-3.25,5.4));
#5331=VECTOR('',#5332,1.0);
#5332=DIRECTION('',(1.104919411E-16,-1.0,0.0));
#5333=ORIENTED_EDGE('',*,*,#1439,.F.);
#5334=ORIENTED_EDGE('',*,*,#5335,.T.);
#5335=EDGE_CURVE('NONE',#1432,#5336,#5338,.T.);
#5336=VERTEX_POINT('NONE',#5337);
#5337=CARTESIAN_POINT('',(4.85,2.150396825,4.647257038));
#5338=LINE('',#5339,#5340);
#5339=CARTESIAN_POINT('',(4.85,-6.982484329,4.65117124));
#5340=VECTOR('',#5341,1.0);
#5341=DIRECTION('',(7.281441942E-21,0.999999908,-4.285833644E-04));
#5342=ORIENTED_EDGE('',*,*,#5343,.T.);
#5343=EDGE_CURVE('NONE',#5336,#5344,#5346,.F.);
#5344=VERTEX_POINT('NONE',#5345);
#5345=CARTESIAN_POINT('',(4.85,2.149068217,1.547257323));
#5346=LINE('',#5347,#5348);
#5347=CARTESIAN_POINT('',(4.85,2.150396825,4.647257038));
#5348=VECTOR('',#5349,1.0);
#5349=DIRECTION('',(0.0,4.285833644E-04,0.999999908));
#5350=ORIENTED_EDGE('',*,*,#5351,.T.);
#5351=EDGE_CURVE('NONE',#5344,#5352,#5354,.F.);
#5352=VERTEX_POINT('NONE',#5353);
#5353=CARTESIAN_POINT('',(4.85,-3.25,1.549571274));
#5354=LINE('',#5355,#5356);
#5355=CARTESIAN_POINT('',(4.85,-6.983812938,1.551171524));
#5356=VECTOR('',#5357,1.0);
#5357=DIRECTION('',(7.281441942E-21,0.999999908,-4.285833644E-04));
#5358=ORIENTED_EDGE('',*,*,#5359,.T.);
#5359=EDGE_CURVE('NONE',#5352,#5360,#5362,.F.);
#5360=VERTEX_POINT('NONE',#5361);
#5361=CARTESIAN_POINT('',(4.85,-3.25,0.9));
#5362=LINE('',#5363,#5364);
#5363=CARTESIAN_POINT('',(4.85,-3.25,2.855722927));
#5364=VECTOR('',#5365,1.0);
#5365=DIRECTION('',(0.0,0.0,1.0));
#5366=ORIENTED_EDGE('',*,*,#5367,.T.);
#5367=EDGE_CURVE('NONE',#5360,#2248,#5368,.T.);
#5368=LINE('',#5369,#5370);
#5369=CARTESIAN_POINT('',(4.85,-3.25,0.9));
#5370=VECTOR('',#5371,1.0);
#5371=DIRECTION('',(1.104919411E-16,-1.0,0.0));
#5372=ORIENTED_EDGE('',*,*,#2247,.F.);
#5373=ORIENTED_EDGE('',*,*,#5374,.T.);
#5374=EDGE_CURVE('NONE',#2240,#5375,#5377,.F.);
#5375=VERTEX_POINT('NONE',#5376);
#5376=CARTESIAN_POINT('',(4.85,-3.25,2.855722927));
#5377=LINE('',#5378,#5379);
#5378=CARTESIAN_POINT('',(4.85,-3.25,2.855722927));
#5379=VECTOR('',#5380,1.0);
#5380=DIRECTION('',(1.104919411E-16,-1.0,0.0));
#5381=ORIENTED_EDGE('',*,*,#5382,.T.);
#5382=EDGE_CURVE('NONE',#5375,#5383,#5385,.F.);
#5383=VERTEX_POINT('NONE',#5384);
#5384=CARTESIAN_POINT('',(4.85,-3.25,3.444277073));
#5385=LINE('',#5386,#5387);
#5386=CARTESIAN_POINT('',(4.85,-3.25,4.65117124));
#5387=VECTOR('',#5388,1.0);
#5388=DIRECTION('',(3.120704885E-24,0.0,-1.0));
#5389=ORIENTED_EDGE('',*,*,#5390,.T.);
#5390=EDGE_CURVE('NONE',#5383,#2216,#5391,.T.);
#5391=LINE('',#5392,#5393);
#5392=CARTESIAN_POINT('',(4.85,-3.25,3.444277073));
#5393=VECTOR('',#5394,1.0);
#5394=DIRECTION('',(1.104919411E-16,-1.0,0.0));
#5395=PLANE('',#5396);
#5396=AXIS2_PLACEMENT_3D('',#5397,#5398,#5399);
#5397=CARTESIAN_POINT('',(4.85,-3.25,5.4));
#5398=DIRECTION('',(1.0,1.104919411E-16,0.0));
#5399=DIRECTION('',(-1.104919411E-16,1.0,0.0));
#5400=ADVANCED_FACE('NONE',(#5401),#5419,.F.);
#5401=FACE_BOUND('NONE',#5402,.T.);
#5402=EDGE_LOOP('',(#5403,#5404,#5405,#5413));
#5403=ORIENTED_EDGE('',*,*,#2223,.F.);
#5404=ORIENTED_EDGE('',*,*,#5390,.F.);
#5405=ORIENTED_EDGE('',*,*,#5406,.T.);
#5406=EDGE_CURVE('NONE',#5383,#5407,#5409,.F.);
#5407=VERTEX_POINT('NONE',#5408);
#5408=CARTESIAN_POINT('',(4.482225498,-3.25,3.444277073));
#5409=LINE('',#5410,#5411);
#5410=CARTESIAN_POINT('',(4.85,-3.25,3.444277073));
#5411=VECTOR('',#5412,1.0);
#5412=DIRECTION('',(1.0,0.0,0.0));
#5413=ORIENTED_EDGE('',*,*,#5414,.T.);
#5414=EDGE_CURVE('NONE',#5407,#2224,#5415,.T.);
#5415=LINE('',#5416,#5417);
#5416=CARTESIAN_POINT('',(4.482225498,-3.25,3.444277073));
#5417=VECTOR('',#5418,1.0);
#5418=DIRECTION('',(1.104919411E-16,-1.0,0.0));
#5419=PLANE('',#5420);
#5420=AXIS2_PLACEMENT_3D('',#5421,#5422,#5423);
#5421=CARTESIAN_POINT('',(4.85,-3.25,3.444277073));
#5422=DIRECTION('',(0.0,0.0,-1.0));
#5423=DIRECTION('',(-1.0,0.0,0.0));
#5424=ADVANCED_FACE('NONE',(#5425),#5443,.F.);
#5425=FACE_BOUND('NONE',#5426,.T.);
#5426=EDGE_LOOP('',(#5427,#5428,#5429,#5437));
#5427=ORIENTED_EDGE('',*,*,#2231,.F.);
#5428=ORIENTED_EDGE('',*,*,#5414,.F.);
#5429=ORIENTED_EDGE('',*,*,#5430,.T.);
#5430=EDGE_CURVE('NONE',#5407,#5431,#5433,.F.);
#5431=VERTEX_POINT('NONE',#5432);
#5432=CARTESIAN_POINT('',(4.482225498,-3.25,2.855722927));
#5433=LINE('',#5434,#5435);
#5434=CARTESIAN_POINT('',(4.482225498,-3.25,3.444277073));
#5435=VECTOR('',#5436,1.0);
#5436=DIRECTION('',(0.0,0.0,1.0));
#5437=ORIENTED_EDGE('',*,*,#5438,.T.);
#5438=EDGE_CURVE('NONE',#5431,#2232,#5439,.T.);
#5439=LINE('',#5440,#5441);
#5440=CARTESIAN_POINT('',(4.482225498,-3.25,2.855722927));
#5441=VECTOR('',#5442,1.0);
#5442=DIRECTION('',(1.104919411E-16,-1.0,0.0));
#5443=PLANE('',#5444);
#5444=AXIS2_PLACEMENT_3D('',#5445,#5446,#5447);
#5445=CARTESIAN_POINT('',(4.482225498,-3.25,3.444277073));
#5446=DIRECTION('',(1.0,1.104919411E-16,0.0));
#5447=DIRECTION('',(-1.104919411E-16,1.0,0.0));
#5448=ADVANCED_FACE('NONE',(#5449),#5460,.F.);
#5449=FACE_BOUND('NONE',#5450,.T.);
#5450=EDGE_LOOP('',(#5451,#5452,#5453,#5459));
#5451=ORIENTED_EDGE('',*,*,#2239,.F.);
#5452=ORIENTED_EDGE('',*,*,#5438,.F.);
#5453=ORIENTED_EDGE('',*,*,#5454,.T.);
#5454=EDGE_CURVE('NONE',#5431,#5375,#5455,.F.);
#5455=LINE('',#5456,#5457);
#5456=CARTESIAN_POINT('',(4.85,-3.25,2.855722927));
#5457=VECTOR('',#5458,1.0);
#5458=DIRECTION('',(-1.0,0.0,0.0));
#5459=ORIENTED_EDGE('',*,*,#5374,.F.);
#5460=PLANE('',#5461);
#5461=AXIS2_PLACEMENT_3D('',#5462,#5463,#5464);
#5462=CARTESIAN_POINT('',(4.85,-3.25,2.855722927));
#5463=DIRECTION('',(0.0,0.0,1.0));
#5464=DIRECTION('',(1.0,0.0,0.0));
#5465=ADVANCED_FACE('NONE',(#5466),#5484,.F.);
#5466=FACE_BOUND('NONE',#5467,.T.);
#5467=EDGE_LOOP('',(#5468,#5469,#5470,#5478));
#5468=ORIENTED_EDGE('',*,*,#2255,.F.);
#5469=ORIENTED_EDGE('',*,*,#5367,.F.);
#5470=ORIENTED_EDGE('',*,*,#5471,.T.);
#5471=EDGE_CURVE('NONE',#5360,#5472,#5474,.F.);
#5472=VERTEX_POINT('NONE',#5473);
#5473=CARTESIAN_POINT('',(2.77,-3.25,0.9));
#5474=LINE('',#5475,#5476);
#5475=CARTESIAN_POINT('',(4.85,-3.25,0.9));
#5476=VECTOR('',#5477,1.0);
#5477=DIRECTION('',(1.0,0.0,1.042502089E-16));
#5478=ORIENTED_EDGE('',*,*,#5479,.T.);
#5479=EDGE_CURVE('NONE',#5472,#2256,#5480,.T.);
#5480=LINE('',#5481,#5482);
#5481=CARTESIAN_POINT('',(2.77,-3.25,0.9));
#5482=VECTOR('',#5483,1.0);
#5483=DIRECTION('',(1.104919411E-16,-1.0,0.0));
#5484=PLANE('',#5485);
#5485=AXIS2_PLACEMENT_3D('',#5486,#5487,#5488);
#5486=CARTESIAN_POINT('',(4.85,-3.25,0.9));
#5487=DIRECTION('',(1.042502089E-16,1.151880795E-32,-1.0));
#5488=DIRECTION('',(-1.0,0.0,-1.042502089E-16));
#5489=ADVANCED_FACE('NONE',(#5490),#5554,.F.);
#5490=FACE_BOUND('NONE',#5491,.T.);
#5491=EDGE_LOOP('',(#5492,#5493,#5494,#5502,#5510,#5518,#5524,#5525,#5531,#5532,#5540,#5548));
#5492=ORIENTED_EDGE('',*,*,#2263,.F.);
#5493=ORIENTED_EDGE('',*,*,#5479,.F.);
#5494=ORIENTED_EDGE('',*,*,#5495,.T.);
#5495=EDGE_CURVE('NONE',#5472,#5496,#5498,.F.);
#5496=VERTEX_POINT('NONE',#5497);
#5497=CARTESIAN_POINT('',(2.77,-3.25,1.549571274));
#5498=LINE('',#5499,#5500);
#5499=CARTESIAN_POINT('',(2.77,-3.25,2.855722927));
#5500=VECTOR('',#5501,1.0);
#5501=DIRECTION('',(-1.330497883E-15,0.0,-1.0));
#5502=ORIENTED_EDGE('',*,*,#5503,.T.);
#5503=EDGE_CURVE('NONE',#5496,#5504,#5506,.T.);
#5504=VERTEX_POINT('NONE',#5505);
#5505=CARTESIAN_POINT('',(2.77,2.149068217,1.547257323));
#5506=LINE('',#5507,#5508);
#5507=CARTESIAN_POINT('',(2.77,-6.983812938,1.551171524));
#5508=VECTOR('',#5509,1.0);
#5509=DIRECTION('',(7.281441942E-21,0.999999908,-4.285833644E-04));
#5510=ORIENTED_EDGE('',*,*,#5511,.T.);
#5511=EDGE_CURVE('NONE',#5504,#5512,#5514,.F.);
#5512=VERTEX_POINT('NONE',#5513);
#5513=CARTESIAN_POINT('',(2.77,2.150396825,4.647257038));
#5514=LINE('',#5515,#5516);
#5515=CARTESIAN_POINT('',(2.77,2.150396825,4.647257038));
#5516=VECTOR('',#5517,1.0);
#5517=DIRECTION('',(0.0,-4.285833644E-04,-0.999999908));
#5518=ORIENTED_EDGE('',*,*,#5519,.T.);
#5519=EDGE_CURVE('NONE',#5512,#1424,#5520,.F.);
#5520=LINE('',#5521,#5522);
#5521=CARTESIAN_POINT('',(2.77,-6.982484329,4.65117124));
#5522=VECTOR('',#5523,1.0);
#5523=DIRECTION('',(7.281441942E-21,0.999999908,-4.285833644E-04));
#5524=ORIENTED_EDGE('',*,*,#1421,.F.);
#5525=ORIENTED_EDGE('',*,*,#5526,.T.);
#5526=EDGE_CURVE('NONE',#1422,#2206,#5527,.T.);
#5527=LINE('',#5528,#5529);
#5528=CARTESIAN_POINT('',(2.77,-3.25,5.4));
#5529=VECTOR('',#5530,1.0);
#5530=DIRECTION('',(1.104919411E-16,-1.0,0.0));
#5531=ORIENTED_EDGE('',*,*,#2295,.F.);
#5532=ORIENTED_EDGE('',*,*,#5533,.T.);
#5533=EDGE_CURVE('NONE',#2288,#5534,#5536,.F.);
#5534=VERTEX_POINT('NONE',#5535);
#5535=CARTESIAN_POINT('',(2.77,-3.25,3.444277073));
#5536=LINE('',#5537,#5538);
#5537=CARTESIAN_POINT('',(2.77,-3.25,3.444277073));
#5538=VECTOR('',#5539,1.0);
#5539=DIRECTION('',(1.104919411E-16,-1.0,0.0));
#5540=ORIENTED_EDGE('',*,*,#5541,.T.);
#5541=EDGE_CURVE('NONE',#5534,#5542,#5544,.F.);
#5542=VERTEX_POINT('NONE',#5543);
#5543=CARTESIAN_POINT('',(2.77,-3.25,2.855722927));
#5544=LINE('',#5545,#5546);
#5545=CARTESIAN_POINT('',(2.77,-3.25,4.65117124));
#5546=VECTOR('',#5547,1.0);
#5547=DIRECTION('',(-3.120704885E-24,0.0,1.0));
#5548=ORIENTED_EDGE('',*,*,#5549,.T.);
#5549=EDGE_CURVE('NONE',#5542,#2264,#5550,.T.);
#5550=LINE('',#5551,#5552);
#5551=CARTESIAN_POINT('',(2.77,-3.25,2.855722927));
#5552=VECTOR('',#5553,1.0);
#5553=DIRECTION('',(1.104919411E-16,-1.0,0.0));
#5554=PLANE('',#5555);
#5555=AXIS2_PLACEMENT_3D('',#5556,#5557,#5558);
#5556=CARTESIAN_POINT('',(2.77,-3.25,2.855722927));
#5557=DIRECTION('',(-1.0,-1.104919411E-16,1.330497883E-15));
#5558=DIRECTION('',(1.330497883E-15,0.0,1.0));
#5559=ADVANCED_FACE('NONE',(#5560),#5578,.F.);
#5560=FACE_BOUND('NONE',#5561,.T.);
#5561=EDGE_LOOP('',(#5562,#5563,#5564,#5572));
#5562=ORIENTED_EDGE('',*,*,#2271,.F.);
#5563=ORIENTED_EDGE('',*,*,#5549,.F.);
#5564=ORIENTED_EDGE('',*,*,#5565,.T.);
#5565=EDGE_CURVE('NONE',#5542,#5566,#5568,.F.);
#5566=VERTEX_POINT('NONE',#5567);
#5567=CARTESIAN_POINT('',(3.137774502,-3.25,2.855722927));
#5568=LINE('',#5569,#5570);
#5569=CARTESIAN_POINT('',(2.77,-3.25,2.855722927));
#5570=VECTOR('',#5571,1.0);
#5571=DIRECTION('',(-1.0,0.0,0.0));
#5572=ORIENTED_EDGE('',*,*,#5573,.T.);
#5573=EDGE_CURVE('NONE',#5566,#2272,#5574,.T.);
#5574=LINE('',#5575,#5576);
#5575=CARTESIAN_POINT('',(3.137774502,-3.25,2.855722927));
#5576=VECTOR('',#5577,1.0);
#5577=DIRECTION('',(1.104919411E-16,-1.0,0.0));
#5578=PLANE('',#5579);
#5579=AXIS2_PLACEMENT_3D('',#5580,#5581,#5582);
#5580=CARTESIAN_POINT('',(2.77,-3.25,2.855722927));
#5581=DIRECTION('',(0.0,0.0,1.0));
#5582=DIRECTION('',(1.0,0.0,0.0));
#5583=ADVANCED_FACE('NONE',(#5584),#5602,.F.);
#5584=FACE_BOUND('NONE',#5585,.T.);
#5585=EDGE_LOOP('',(#5586,#5587,#5588,#5596));
#5586=ORIENTED_EDGE('',*,*,#2279,.F.);
#5587=ORIENTED_EDGE('',*,*,#5573,.F.);
#5588=ORIENTED_EDGE('',*,*,#5589,.T.);
#5589=EDGE_CURVE('NONE',#5566,#5590,#5592,.F.);
#5590=VERTEX_POINT('NONE',#5591);
#5591=CARTESIAN_POINT('',(3.137774502,-3.25,3.444277073));
#5592=LINE('',#5593,#5594);
#5593=CARTESIAN_POINT('',(3.137774502,-3.25,3.444277073));
#5594=VECTOR('',#5595,1.0);
#5595=DIRECTION('',(2.947432257E-15,0.0,-1.0));
#5596=ORIENTED_EDGE('',*,*,#5597,.T.);
#5597=EDGE_CURVE('NONE',#5590,#2280,#5598,.T.);
#5598=LINE('',#5599,#5600);
#5599=CARTESIAN_POINT('',(3.137774502,-3.25,3.444277073));
#5600=VECTOR('',#5601,1.0);
#5601=DIRECTION('',(1.104919411E-16,-1.0,0.0));
#5602=PLANE('',#5603);
#5603=AXIS2_PLACEMENT_3D('',#5604,#5605,#5606);
#5604=CARTESIAN_POINT('',(3.137774502,-3.25,3.444277073));
#5605=DIRECTION('',(-1.0,-1.104919411E-16,-2.947432257E-15));
#5606=DIRECTION('',(-2.947432257E-15,0.0,1.0));
#5607=ADVANCED_FACE('NONE',(#5608),#5619,.F.);
#5608=FACE_BOUND('NONE',#5609,.T.);
#5609=EDGE_LOOP('',(#5610,#5611,#5612,#5618));
#5610=ORIENTED_EDGE('',*,*,#2287,.F.);
#5611=ORIENTED_EDGE('',*,*,#5597,.F.);
#5612=ORIENTED_EDGE('',*,*,#5613,.T.);
#5613=EDGE_CURVE('NONE',#5590,#5534,#5614,.F.);
#5614=LINE('',#5615,#5616);
#5615=CARTESIAN_POINT('',(2.77,-3.25,3.444277073));
#5616=VECTOR('',#5617,1.0);
#5617=DIRECTION('',(1.0,0.0,0.0));
#5618=ORIENTED_EDGE('',*,*,#5533,.F.);
#5619=PLANE('',#5620);
#5620=AXIS2_PLACEMENT_3D('',#5621,#5622,#5623);
#5621=CARTESIAN_POINT('',(2.77,-3.25,3.444277073));
#5622=DIRECTION('',(0.0,0.0,-1.0));
#5623=DIRECTION('',(-1.0,0.0,0.0));
#5624=ADVANCED_FACE('NONE',(#5625),#5631,.F.);
#5625=FACE_BOUND('NONE',#5626,.T.);
#5626=EDGE_LOOP('',(#5627,#5628,#5629,#5630));
#5627=ORIENTED_EDGE('',*,*,#2205,.F.);
#5628=ORIENTED_EDGE('',*,*,#5526,.F.);
#5629=ORIENTED_EDGE('',*,*,#1447,.F.);
#5630=ORIENTED_EDGE('',*,*,#5328,.F.);
#5631=PLANE('',#5632);
#5632=AXIS2_PLACEMENT_3D('',#5633,#5634,#5635);
#5633=CARTESIAN_POINT('',(4.85,-3.25,5.4));
#5634=DIRECTION('',(0.0,0.0,1.0));
#5635=DIRECTION('',(1.0,0.0,0.0));
#5636=ADVANCED_FACE('NONE',(#5637),#5648,.F.);
#5637=FACE_BOUND('NONE',#5638,.T.);
#5638=EDGE_LOOP('',(#5639,#5640,#5646,#5647));
#5639=ORIENTED_EDGE('',*,*,#5359,.F.);
#5640=ORIENTED_EDGE('',*,*,#5641,.T.);
#5641=EDGE_CURVE('NONE',#5352,#5496,#5642,.T.);
#5642=LINE('',#5643,#5644);
#5643=CARTESIAN_POINT('',(2.77,-3.25,1.549571274));
#5644=VECTOR('',#5645,1.0);
#5645=DIRECTION('',(-1.0,0.0,0.0));
#5646=ORIENTED_EDGE('',*,*,#5495,.F.);
#5647=ORIENTED_EDGE('',*,*,#5471,.F.);
#5648=PLANE('',#5649);
#5649=AXIS2_PLACEMENT_3D('',#5650,#5651,#5652);
#5650=CARTESIAN_POINT('',(-2.54,-3.25,0.0));
#5651=DIRECTION('',(0.0,1.0,0.0));
#5652=DIRECTION('',(0.0,0.0,1.0));
#5653=ADVANCED_FACE('NONE',(#5654),#5660,.F.);
#5654=FACE_BOUND('NONE',#5655,.T.);
#5655=EDGE_LOOP('',(#5656,#5657,#5658,#5659));
#5656=ORIENTED_EDGE('',*,*,#1036,.F.);
#5657=ORIENTED_EDGE('',*,*,#1006,.F.);
#5658=ORIENTED_EDGE('',*,*,#1053,.F.);
#5659=ORIENTED_EDGE('',*,*,#1950,.F.);
#5660=CONICAL_SURFACE('',#5661,1.024999906,4.285833775E-04);
#5661=AXIS2_PLACEMENT_3D('',#5662,#5663,#5664);
#5662=CARTESIAN_POINT('',(3.81,4.249560702,3.096357229));
#5663=DIRECTION('',(0.0,0.999999908,-4.285833644E-04));
#5664=DIRECTION('',(0.0,4.285833644E-04,0.999999908));
#5665=ADVANCED_FACE('NONE',(#5666),#5672,.T.);
#5666=FACE_BOUND('NONE',#5667,.T.);
#5667=EDGE_LOOP('',(#5668,#5669,#5670,#5671));
#5668=ORIENTED_EDGE('',*,*,#998,.F.);
#5669=ORIENTED_EDGE('',*,*,#968,.F.);
#5670=ORIENTED_EDGE('',*,*,#1015,.F.);
#5671=ORIENTED_EDGE('',*,*,#1029,.F.);
#5672=CONICAL_SURFACE('',#5673,1.024292743,1.570367743);
#5673=AXIS2_PLACEMENT_3D('',#5674,#5675,#5676);
#5674=CARTESIAN_POINT('',(3.81,2.599561005,3.097064392));
#5675=DIRECTION('',(0.0,-0.999999908,4.285833644E-04));
#5676=DIRECTION('',(0.0,-4.285833644E-04,-0.999999908));
#5677=ADVANCED_FACE('NONE',(#5678),#5684,.F.);
#5678=FACE_BOUND('NONE',#5679,.T.);
#5679=EDGE_LOOP('',(#5680,#5681,#5682,#5683));
#5680=ORIENTED_EDGE('',*,*,#960,.F.);
#5681=ORIENTED_EDGE('',*,*,#930,.F.);
#5682=ORIENTED_EDGE('',*,*,#977,.F.);
#5683=ORIENTED_EDGE('',*,*,#991,.F.);
#5684=CONICAL_SURFACE('',#5685,0.824292762,4.285833775E-04);
#5685=AXIS2_PLACEMENT_3D('',#5686,#5687,#5688);
#5686=CARTESIAN_POINT('',(3.81,2.599646722,3.097064355));
#5687=DIRECTION('',(0.0,0.999999908,-4.285833644E-04));
#5688=DIRECTION('',(0.0,4.285833644E-04,0.999999908));
#5689=ADVANCED_FACE('NONE',(#5690),#5696,.T.);
#5690=FACE_BOUND('NONE',#5691,.T.);
#5691=EDGE_LOOP('',(#5692,#5693,#5694,#5695));
#5692=ORIENTED_EDGE('',*,*,#922,.F.);
#5693=ORIENTED_EDGE('',*,*,#892,.F.);
#5694=ORIENTED_EDGE('',*,*,#939,.F.);
#5695=ORIENTED_EDGE('',*,*,#953,.F.);
#5696=CONICAL_SURFACE('',#5697,0.824207045,1.570367743);
#5697=AXIS2_PLACEMENT_3D('',#5698,#5699,#5700);
#5698=CARTESIAN_POINT('',(3.81,2.399646759,3.097150072));
#5699=DIRECTION('',(0.0,-0.999999908,4.285833644E-04));
#5700=DIRECTION('',(0.0,-4.285833644E-04,-0.999999908));
#5701=ADVANCED_FACE('NONE',(#5702),#5714,.F.);
#5702=FACE_BOUND('NONE',#5703,.T.);
#5703=EDGE_LOOP('',(#5704,#5705,#5712,#5713));
#5704=ORIENTED_EDGE('',*,*,#884,.F.);
#5705=ORIENTED_EDGE('',*,*,#5706,.T.);
#5706=EDGE_CURVE('NONE',#876,#874,#5707,.T.);
#5707=CIRCLE('',#5708,0.624099918);
#5708=AXIS2_PLACEMENT_3D('',#5709,#5710,#5711);
#5709=CARTESIAN_POINT('',(3.81,2.149732521,3.097257181));
#5710=DIRECTION('',(0.0,-0.999999908,4.285833644E-04));
#5711=DIRECTION('',(0.0,-4.285833644E-04,-0.999999908));
#5712=ORIENTED_EDGE('',*,*,#901,.F.);
#5713=ORIENTED_EDGE('',*,*,#915,.F.);
#5714=CONICAL_SURFACE('',#5715,0.624207063,4.285833775E-04);
#5715=AXIS2_PLACEMENT_3D('',#5716,#5717,#5718);
#5716=CARTESIAN_POINT('',(3.81,2.399732475,3.097150035));
#5717=DIRECTION('',(0.0,0.999999908,-4.285833644E-04));
#5718=DIRECTION('',(0.0,4.285833644E-04,0.999999908));
#5719=ADVANCED_FACE('NONE',(#5720),#5726,.F.);
#5720=FACE_BOUND('NONE',#5721,.T.);
#5721=EDGE_LOOP('',(#5722,#5723,#5724,#5725));
#5722=ORIENTED_EDGE('',*,*,#842,.F.);
#5723=ORIENTED_EDGE('',*,*,#812,.F.);
#5724=ORIENTED_EDGE('',*,*,#859,.F.);
#5725=ORIENTED_EDGE('',*,*,#1940,.F.);
#5726=CONICAL_SURFACE('',#5727,1.024999906,4.285833775E-04);
#5727=AXIS2_PLACEMENT_3D('',#5728,#5729,#5730);
#5728=CARTESIAN_POINT('',(1.27,4.249560702,3.096357229));
#5729=DIRECTION('',(0.0,0.999999908,-4.285833644E-04));
#5730=DIRECTION('',(0.0,4.285833644E-04,0.999999908));
#5731=ADVANCED_FACE('NONE',(#5732),#5738,.T.);
#5732=FACE_BOUND('NONE',#5733,.T.);
#5733=EDGE_LOOP('',(#5734,#5735,#5736,#5737));
#5734=ORIENTED_EDGE('',*,*,#804,.F.);
#5735=ORIENTED_EDGE('',*,*,#774,.F.);
#5736=ORIENTED_EDGE('',*,*,#821,.F.);
#5737=ORIENTED_EDGE('',*,*,#835,.F.);
#5738=CONICAL_SURFACE('',#5739,1.024292743,1.570367743);
#5739=AXIS2_PLACEMENT_3D('',#5740,#5741,#5742);
#5740=CARTESIAN_POINT('',(1.27,2.599561005,3.097064392));
#5741=DIRECTION('',(0.0,-0.999999908,4.285833644E-04));
#5742=DIRECTION('',(0.0,-4.285833644E-04,-0.999999908));
#5743=ADVANCED_FACE('NONE',(#5744),#5750,.F.);
#5744=FACE_BOUND('NONE',#5745,.T.);
#5745=EDGE_LOOP('',(#5746,#5747,#5748,#5749));
#5746=ORIENTED_EDGE('',*,*,#766,.F.);
#5747=ORIENTED_EDGE('',*,*,#736,.F.);
#5748=ORIENTED_EDGE('',*,*,#783,.F.);
#5749=ORIENTED_EDGE('',*,*,#797,.F.);
#5750=CONICAL_SURFACE('',#5751,0.824292762,4.285833775E-04);
#5751=AXIS2_PLACEMENT_3D('',#5752,#5753,#5754);
#5752=CARTESIAN_POINT('',(1.27,2.599646722,3.097064355));
#5753=DIRECTION('',(0.0,0.999999908,-4.285833644E-04));
#5754=DIRECTION('',(0.0,4.285833644E-04,0.999999908));
#5755=ADVANCED_FACE('NONE',(#5756),#5762,.T.);
#5756=FACE_BOUND('NONE',#5757,.T.);
#5757=EDGE_LOOP('',(#5758,#5759,#5760,#5761));
#5758=ORIENTED_EDGE('',*,*,#728,.F.);
#5759=ORIENTED_EDGE('',*,*,#698,.F.);
#5760=ORIENTED_EDGE('',*,*,#745,.F.);
#5761=ORIENTED_EDGE('',*,*,#759,.F.);
#5762=CONICAL_SURFACE('',#5763,0.824207045,1.570367743);
#5763=AXIS2_PLACEMENT_3D('',#5764,#5765,#5766);
#5764=CARTESIAN_POINT('',(1.27,2.399646759,3.097150072));
#5765=DIRECTION('',(0.0,-0.999999908,4.285833644E-04));
#5766=DIRECTION('',(0.0,-4.285833644E-04,-0.999999908));
#5767=ADVANCED_FACE('NONE',(#5768),#5780,.F.);
#5768=FACE_BOUND('NONE',#5769,.T.);
#5769=EDGE_LOOP('',(#5770,#5771,#5778,#5779));
#5770=ORIENTED_EDGE('',*,*,#690,.F.);
#5771=ORIENTED_EDGE('',*,*,#5772,.T.);
#5772=EDGE_CURVE('NONE',#682,#680,#5773,.T.);
#5773=CIRCLE('',#5774,0.624099918);
#5774=AXIS2_PLACEMENT_3D('',#5775,#5776,#5777);
#5775=CARTESIAN_POINT('',(1.27,2.149732521,3.097257181));
#5776=DIRECTION('',(0.0,-0.999999908,4.285833644E-04));
#5777=DIRECTION('',(0.0,-4.285833644E-04,-0.999999908));
#5778=ORIENTED_EDGE('',*,*,#707,.F.);
#5779=ORIENTED_EDGE('',*,*,#721,.F.);
#5780=CONICAL_SURFACE('',#5781,0.624207063,4.285833775E-04);
#5781=AXIS2_PLACEMENT_3D('',#5782,#5783,#5784);
#5782=CARTESIAN_POINT('',(1.27,2.399732475,3.097150035));
#5783=DIRECTION('',(0.0,0.999999908,-4.285833644E-04));
#5784=DIRECTION('',(0.0,4.285833644E-04,0.999999908));
#5785=ADVANCED_FACE('NONE',(#5786),#5792,.F.);
#5786=FACE_BOUND('NONE',#5787,.T.);
#5787=EDGE_LOOP('',(#5788,#5789,#5790,#5791));
#5788=ORIENTED_EDGE('',*,*,#648,.F.);
#5789=ORIENTED_EDGE('',*,*,#618,.F.);
#5790=ORIENTED_EDGE('',*,*,#665,.F.);
#5791=ORIENTED_EDGE('',*,*,#1930,.F.);
#5792=CONICAL_SURFACE('',#5793,1.024999906,4.285833775E-04);
#5793=AXIS2_PLACEMENT_3D('',#5794,#5795,#5796);
#5794=CARTESIAN_POINT('',(-1.27,4.249560702,3.096357229));
#5795=DIRECTION('',(0.0,0.999999908,-4.285833644E-04));
#5796=DIRECTION('',(0.0,4.285833644E-04,0.999999908));
#5797=ADVANCED_FACE('NONE',(#5798),#5804,.T.);
#5798=FACE_BOUND('NONE',#5799,.T.);
#5799=EDGE_LOOP('',(#5800,#5801,#5802,#5803));
#5800=ORIENTED_EDGE('',*,*,#610,.F.);
#5801=ORIENTED_EDGE('',*,*,#580,.F.);
#5802=ORIENTED_EDGE('',*,*,#627,.F.);
#5803=ORIENTED_EDGE('',*,*,#641,.F.);
#5804=CONICAL_SURFACE('',#5805,1.024292743,1.570367743);
#5805=AXIS2_PLACEMENT_3D('',#5806,#5807,#5808);
#5806=CARTESIAN_POINT('',(-1.27,2.599561005,3.097064392));
#5807=DIRECTION('',(0.0,-0.999999908,4.285833644E-04));
#5808=DIRECTION('',(0.0,-4.285833644E-04,-0.999999908));
#5809=ADVANCED_FACE('NONE',(#5810),#5816,.F.);
#5810=FACE_BOUND('NONE',#5811,.T.);
#5811=EDGE_LOOP('',(#5812,#5813,#5814,#5815));
#5812=ORIENTED_EDGE('',*,*,#572,.F.);
#5813=ORIENTED_EDGE('',*,*,#542,.F.);
#5814=ORIENTED_EDGE('',*,*,#589,.F.);
#5815=ORIENTED_EDGE('',*,*,#603,.F.);
#5816=CONICAL_SURFACE('',#5817,0.824292762,4.285833775E-04);
#5817=AXIS2_PLACEMENT_3D('',#5818,#5819,#5820);
#5818=CARTESIAN_POINT('',(-1.27,2.599646722,3.097064355));
#5819=DIRECTION('',(0.0,0.999999908,-4.285833644E-04));
#5820=DIRECTION('',(0.0,4.285833644E-04,0.999999908));
#5821=ADVANCED_FACE('NONE',(#5822),#5828,.T.);
#5822=FACE_BOUND('NONE',#5823,.T.);
#5823=EDGE_LOOP('',(#5824,#5825,#5826,#5827));
#5824=ORIENTED_EDGE('',*,*,#534,.F.);
#5825=ORIENTED_EDGE('',*,*,#504,.F.);
#5826=ORIENTED_EDGE('',*,*,#551,.F.);
#5827=ORIENTED_EDGE('',*,*,#565,.F.);
#5828=CONICAL_SURFACE('',#5829,0.824207045,1.570367743);
#5829=AXIS2_PLACEMENT_3D('',#5830,#5831,#5832);
#5830=CARTESIAN_POINT('',(-1.27,2.399646759,3.097150072));
#5831=DIRECTION('',(0.0,-0.999999908,4.285833644E-04));
#5832=DIRECTION('',(0.0,-4.285833644E-04,-0.999999908));
#5833=ADVANCED_FACE('NONE',(#5834),#5846,.F.);
#5834=FACE_BOUND('NONE',#5835,.T.);
#5835=EDGE_LOOP('',(#5836,#5837,#5844,#5845));
#5836=ORIENTED_EDGE('',*,*,#496,.F.);
#5837=ORIENTED_EDGE('',*,*,#5838,.T.);
#5838=EDGE_CURVE('NONE',#488,#486,#5839,.T.);
#5839=CIRCLE('',#5840,0.624099918);
#5840=AXIS2_PLACEMENT_3D('',#5841,#5842,#5843);
#5841=CARTESIAN_POINT('',(-1.27,2.149732521,3.097257181));
#5842=DIRECTION('',(0.0,-0.999999908,4.285833644E-04));
#5843=DIRECTION('',(0.0,-4.285833644E-04,-0.999999908));
#5844=ORIENTED_EDGE('',*,*,#513,.F.);
#5845=ORIENTED_EDGE('',*,*,#527,.F.);
#5846=CONICAL_SURFACE('',#5847,0.624207063,4.285833775E-04);
#5847=AXIS2_PLACEMENT_3D('',#5848,#5849,#5850);
#5848=CARTESIAN_POINT('',(-1.27,2.399732475,3.097150035));
#5849=DIRECTION('',(0.0,0.999999908,-4.285833644E-04));
#5850=DIRECTION('',(0.0,4.285833644E-04,0.999999908));
#5851=ADVANCED_FACE('NONE',(#5852),#5858,.F.);
#5852=FACE_BOUND('NONE',#5853,.T.);
#5853=EDGE_LOOP('',(#5854,#5855,#5856,#5857));
#5854=ORIENTED_EDGE('',*,*,#454,.F.);
#5855=ORIENTED_EDGE('',*,*,#424,.F.);
#5856=ORIENTED_EDGE('',*,*,#471,.F.);
#5857=ORIENTED_EDGE('',*,*,#1920,.F.);
#5858=CONICAL_SURFACE('',#5859,1.024999906,4.285833775E-04);
#5859=AXIS2_PLACEMENT_3D('',#5860,#5861,#5862);
#5860=CARTESIAN_POINT('',(-3.81,4.249560702,3.096357229));
#5861=DIRECTION('',(0.0,0.999999908,-4.285833644E-04));
#5862=DIRECTION('',(0.0,4.285833644E-04,0.999999908));
#5863=ADVANCED_FACE('NONE',(#5864),#5870,.T.);
#5864=FACE_BOUND('NONE',#5865,.T.);
#5865=EDGE_LOOP('',(#5866,#5867,#5868,#5869));
#5866=ORIENTED_EDGE('',*,*,#416,.F.);
#5867=ORIENTED_EDGE('',*,*,#386,.F.);
#5868=ORIENTED_EDGE('',*,*,#433,.F.);
#5869=ORIENTED_EDGE('',*,*,#447,.F.);
#5870=CONICAL_SURFACE('',#5871,1.024292743,1.570367743);
#5871=AXIS2_PLACEMENT_3D('',#5872,#5873,#5874);
#5872=CARTESIAN_POINT('',(-3.81,2.599561005,3.097064392));
#5873=DIRECTION('',(0.0,-0.999999908,4.285833644E-04));
#5874=DIRECTION('',(0.0,-4.285833644E-04,-0.999999908));
#5875=ADVANCED_FACE('NONE',(#5876),#5882,.F.);
#5876=FACE_BOUND('NONE',#5877,.T.);
#5877=EDGE_LOOP('',(#5878,#5879,#5880,#5881));
#5878=ORIENTED_EDGE('',*,*,#378,.F.);
#5879=ORIENTED_EDGE('',*,*,#348,.F.);
#5880=ORIENTED_EDGE('',*,*,#395,.F.);
#5881=ORIENTED_EDGE('',*,*,#409,.F.);
#5882=CONICAL_SURFACE('',#5883,0.824292762,4.285833775E-04);
#5883=AXIS2_PLACEMENT_3D('',#5884,#5885,#5886);
#5884=CARTESIAN_POINT('',(-3.81,2.599646722,3.097064355));
#5885=DIRECTION('',(0.0,0.999999908,-4.285833644E-04));
#5886=DIRECTION('',(0.0,4.285833644E-04,0.999999908));
#5887=ADVANCED_FACE('NONE',(#5888),#5894,.T.);
#5888=FACE_BOUND('NONE',#5889,.T.);
#5889=EDGE_LOOP('',(#5890,#5891,#5892,#5893));
#5890=ORIENTED_EDGE('',*,*,#340,.F.);
#5891=ORIENTED_EDGE('',*,*,#310,.F.);
#5892=ORIENTED_EDGE('',*,*,#357,.F.);
#5893=ORIENTED_EDGE('',*,*,#371,.F.);
#5894=CONICAL_SURFACE('',#5895,0.824207045,1.570367743);
#5895=AXIS2_PLACEMENT_3D('',#5896,#5897,#5898);
#5896=CARTESIAN_POINT('',(-3.81,2.399646759,3.097150072));
#5897=DIRECTION('',(0.0,-0.999999908,4.285833644E-04));
#5898=DIRECTION('',(0.0,-4.285833644E-04,-0.999999908));
#5899=ADVANCED_FACE('NONE',(#5900),#5912,.F.);
#5900=FACE_BOUND('NONE',#5901,.T.);
#5901=EDGE_LOOP('',(#5902,#5903,#5910,#5911));
#5902=ORIENTED_EDGE('',*,*,#302,.F.);
#5903=ORIENTED_EDGE('',*,*,#5904,.T.);
#5904=EDGE_CURVE('NONE',#294,#292,#5905,.T.);
#5905=CIRCLE('',#5906,0.624099918);
#5906=AXIS2_PLACEMENT_3D('',#5907,#5908,#5909);
#5907=CARTESIAN_POINT('',(-3.81,2.149732521,3.097257181));
#5908=DIRECTION('',(0.0,-0.999999908,4.285833644E-04));
#5909=DIRECTION('',(0.0,-4.285833644E-04,-0.999999908));
#5910=ORIENTED_EDGE('',*,*,#319,.F.);
#5911=ORIENTED_EDGE('',*,*,#333,.F.);
#5912=CONICAL_SURFACE('',#5913,0.624207063,4.285833775E-04);
#5913=AXIS2_PLACEMENT_3D('',#5914,#5915,#5916);
#5914=CARTESIAN_POINT('',(-3.81,2.399732475,3.097150035));
#5915=DIRECTION('',(0.0,0.999999908,-4.285833644E-04));
#5916=DIRECTION('',(0.0,4.285833644E-04,0.999999908));
#5917=ADVANCED_FACE('NONE',(#5918,#5924,#5965),#6006,.F.);
#5918=FACE_BOUND('NONE',#5919,.T.);
#5919=EDGE_LOOP('',(#5920,#5921,#5922,#5923));
#5920=ORIENTED_EDGE('',*,*,#260,.F.);
#5921=ORIENTED_EDGE('',*,*,#148,.F.);
#5922=ORIENTED_EDGE('',*,*,#277,.F.);
#5923=ORIENTED_EDGE('',*,*,#1910,.F.);
#5924=FACE_BOUND('NONE',#5925,.T.);
#5925=EDGE_LOOP('',(#5926,#5937,#5946,#5958));
#5926=ORIENTED_EDGE('',*,*,#5927,.T.);
#5927=EDGE_CURVE('NONE',#5928,#5930,#5932,.T.);
#5928=VERTEX_POINT('NONE',#5929);
#5929=CARTESIAN_POINT('',(-5.350452803,3.45,3.322150035));
#5930=VERTEX_POINT('NONE',#5931);
#5931=CARTESIAN_POINT('',(-5.350555613,3.15,3.322150035));
#5932=B_SPLINE_CURVE_WITH_KNOTS('',3,(#5933,#5934,#5935,#5936),.UNSPECIFIED.,.F.,.U.,(4,4),(2.02437496E-04,5.024375137E-04),.PIECEWISE_BEZIER_KNOTS.);
#5933=CARTESIAN_POINT('',(-5.350452803,3.45,3.322150035));
#5934=CARTESIAN_POINT('',(-5.350487072,3.35,3.322150035));
#5935=CARTESIAN_POINT('',(-5.350521342,3.25,3.322150035));
#5936=CARTESIAN_POINT('',(-5.350555613,3.15,3.322150035));
#5937=ORIENTED_EDGE('',*,*,#5938,.T.);
#5938=EDGE_CURVE('NONE',#5930,#5939,#5941,.T.);
#5939=VERTEX_POINT('NONE',#5940);
#5940=CARTESIAN_POINT('',(-5.35,3.15,3.319671218));
#5941=(BOUNDED_CURVE()B_SPLINE_CURVE(3,(#5942,#5943,#5944,#5945),.UNSPECIFIED.,.F.,.U.)B_SPLINE_CURVE_WITH_KNOTS((4,4),(4.490649136,4.49312864),.PIECEWISE_BEZIER_KNOTS.)CURVE()GEOMETRIC_REPRESENTATION_ITEM()RATIONAL_B_SPLINE_CURVE((1.0,0.999999488,0.999999488,1.0))REPRESENTATION_ITEM(''));
#5942=CARTESIAN_POINT('',(-5.350555613,3.15,3.322150035));
#5943=CARTESIAN_POINT('',(-5.350369385,3.15,3.321323993));
#5944=CARTESIAN_POINT('',(-5.35018418,3.15,3.32049772));
#5945=CARTESIAN_POINT('',(-5.35,3.15,3.319671218));
#5946=ORIENTED_EDGE('',*,*,#5947,.T.);
#5947=EDGE_CURVE('NONE',#5939,#5948,#5950,.T.);
#5948=VERTEX_POINT('NONE',#5949);
#5949=CARTESIAN_POINT('',(-5.35,3.45,3.320133027));
#5950=B_SPLINE_CURVE_WITH_KNOTS('',3,(#5951,#5952,#5953,#5954,#5955,#5956,#5957),.UNSPECIFIED.,.F.,.U.,(4,3,4),(0.001025957,0.001097115,0.001325957),.UNSPECIFIED.);
#5951=CARTESIAN_POINT('',(-5.35,3.15,3.319671218));
#5952=CARTESIAN_POINT('',(-5.35,3.173719371,3.31970779));
#5953=CARTESIAN_POINT('',(-5.35,3.197438741,3.319744347));
#5954=CARTESIAN_POINT('',(-5.35,3.221158112,3.319780891));
#5955=CARTESIAN_POINT('',(-5.35,3.297438741,3.319898414));
#5956=CARTESIAN_POINT('',(-5.35,3.37371937,3.320015792));
#5957=CARTESIAN_POINT('',(-5.35,3.45,3.320133027));
#5958=ORIENTED_EDGE('',*,*,#5959,.T.);
#5959=EDGE_CURVE('NONE',#5948,#5928,#5960,.F.);
#5960=(BOUNDED_CURVE()B_SPLINE_CURVE(3,(#5961,#5962,#5963,#5964),.UNSPECIFIED.,.F.,.U.)B_SPLINE_CURVE_WITH_KNOTS((4,4),(4.490548794,4.492566258),.PIECEWISE_BEZIER_KNOTS.)CURVE()GEOMETRIC_REPRESENTATION_ITEM()RATIONAL_B_SPLINE_CURVE((1.0,0.999999661,0.999999661,1.0))REPRESENTATION_ITEM(''));
#5961=CARTESIAN_POINT('',(-5.350452803,3.45,3.322150035));
#5962=CARTESIAN_POINT('',(-5.350301191,3.45,3.321477851));
#5963=CARTESIAN_POINT('',(-5.350150256,3.45,3.320805515));
#5964=CARTESIAN_POINT('',(-5.35,3.45,3.320133027));
#5965=FACE_BOUND('NONE',#5966,.T.);
#5966=EDGE_LOOP('',(#5967,#5981,#5990,#5999));
#5967=ORIENTED_EDGE('',*,*,#5968,.T.);
#5968=EDGE_CURVE('NONE',#5969,#5971,#5973,.T.);
#5969=VERTEX_POINT('NONE',#5970);
#5970=CARTESIAN_POINT('',(-5.35,3.45,2.873266412));
#5971=VERTEX_POINT('NONE',#5972);
#5972=CARTESIAN_POINT('',(-5.35,3.15,2.873985371));
#5973=B_SPLINE_CURVE_WITH_KNOTS('',3,(#5974,#5975,#5976,#5977,#5978,#5979,#5980),.UNSPECIFIED.,.F.,.U.,(4,3,4),(8.682308876E-04,0.001097115,0.001168232),.UNSPECIFIED.);
#5974=CARTESIAN_POINT('',(-5.35,3.45,2.873266412));
#5975=CARTESIAN_POINT('',(-5.35,3.373705565,2.873449065));
#5976=CARTESIAN_POINT('',(-5.35,3.29741113,2.873631862));
#5977=CARTESIAN_POINT('',(-5.35,3.221116696,2.873814803));
#5978=CARTESIAN_POINT('',(-5.35,3.197411131,2.873871645));
#5979=CARTESIAN_POINT('',(-5.35,3.173705565,2.873928501));
#5980=CARTESIAN_POINT('',(-5.35,3.15,2.873985371));
#5981=ORIENTED_EDGE('',*,*,#5982,.T.);
#5982=EDGE_CURVE('NONE',#5971,#5983,#5985,.T.);
#5983=VERTEX_POINT('NONE',#5984);
#5984=CARTESIAN_POINT('',(-5.35041076,3.15,2.872150035));
#5985=(BOUNDED_CURVE()B_SPLINE_CURVE(3,(#5986,#5987,#5988,#5989),.UNSPECIFIED.,.F.,.U.)B_SPLINE_CURVE_WITH_KNOTS((4,4),(4.931649321,4.933485033),.PIECEWISE_BEZIER_KNOTS.)CURVE()GEOMETRIC_REPRESENTATION_ITEM()RATIONAL_B_SPLINE_CURVE((1.0,0.999999719,0.999999719,1.0))REPRESENTATION_ITEM(''));
#5986=CARTESIAN_POINT('',(-5.35,3.15,2.873985371));
#5987=CARTESIAN_POINT('',(-5.350136359,3.15,2.873373467));
#5988=CARTESIAN_POINT('',(-5.350273279,3.15,2.872761688));
#5989=CARTESIAN_POINT('',(-5.35041076,3.15,2.872150035));
#5990=ORIENTED_EDGE('',*,*,#5991,.T.);
#5991=EDGE_CURVE('NONE',#5983,#5992,#5994,.T.);
#5992=VERTEX_POINT('NONE',#5993);
#5993=CARTESIAN_POINT('',(-5.35025009,3.45,2.872150035));
#5994=B_SPLINE_CURVE_WITH_KNOTS('',3,(#5995,#5996,#5997,#5998),.UNSPECIFIED.,.F.,.U.,(4,4),(2.024375132E-04,5.024375562E-04),.PIECEWISE_BEZIER_KNOTS.);
#5995=CARTESIAN_POINT('',(-5.35041076,3.15,2.872150035));
#5996=CARTESIAN_POINT('',(-5.350357199,3.25,2.872150035));
#5997=CARTESIAN_POINT('',(-5.350303643,3.35,2.872150035));
#5998=CARTESIAN_POINT('',(-5.35025009,3.45,2.872150035));
#5999=ORIENTED_EDGE('',*,*,#6000,.T.);
#6000=EDGE_CURVE('NONE',#5992,#5969,#6001,.F.);
#6001=(BOUNDED_CURVE()B_SPLINE_CURVE(3,(#6002,#6003,#6004,#6005),.UNSPECIFIED.,.F.,.U.)B_SPLINE_CURVE_WITH_KNOTS((4,4),(4.932211703,4.93332822),.PIECEWISE_BEZIER_KNOTS.)CURVE()GEOMETRIC_REPRESENTATION_ITEM()RATIONAL_B_SPLINE_CURVE((1.0,0.999999896,0.999999896,1.0))REPRESENTATION_ITEM(''));
#6002=CARTESIAN_POINT('',(-5.35,3.45,2.873266412));
#6003=CARTESIAN_POINT('',(-5.350083156,3.45,2.87289424));
#6004=CARTESIAN_POINT('',(-5.350166519,3.45,2.872522114));
#6005=CARTESIAN_POINT('',(-5.35025009,3.45,2.872150035));
#6006=CONICAL_SURFACE('',#6007,1.024999906,4.285833775E-04);
#6007=AXIS2_PLACEMENT_3D('',#6008,#6009,#6010);
#6008=CARTESIAN_POINT('',(-6.35,4.249560702,3.096357229));
#6009=DIRECTION('',(0.0,0.999999908,-4.285833644E-04));
#6010=DIRECTION('',(0.0,4.285833644E-04,0.999999908));
#6011=ADVANCED_FACE('NONE',(#6012),#6018,.T.);
#6012=FACE_BOUND('NONE',#6013,.T.);
#6013=EDGE_LOOP('',(#6014,#6015,#6016,#6017));
#6014=ORIENTED_EDGE('',*,*,#140,.F.);
#6015=ORIENTED_EDGE('',*,*,#110,.F.);
#6016=ORIENTED_EDGE('',*,*,#157,.F.);
#6017=ORIENTED_EDGE('',*,*,#253,.F.);
#6018=CONICAL_SURFACE('',#6019,1.024292743,1.570367743);
#6019=AXIS2_PLACEMENT_3D('',#6020,#6021,#6022);
#6020=CARTESIAN_POINT('',(-6.35,2.599561005,3.097064392));
#6021=DIRECTION('',(0.0,-0.999999908,4.285833644E-04));
#6022=DIRECTION('',(0.0,-4.285833644E-04,-0.999999908));
#6023=ADVANCED_FACE('NONE',(#6024),#6030,.F.);
#6024=FACE_BOUND('NONE',#6025,.T.);
#6025=EDGE_LOOP('',(#6026,#6027,#6028,#6029));
#6026=ORIENTED_EDGE('',*,*,#102,.F.);
#6027=ORIENTED_EDGE('',*,*,#72,.F.);
#6028=ORIENTED_EDGE('',*,*,#119,.F.);
#6029=ORIENTED_EDGE('',*,*,#133,.F.);
#6030=CONICAL_SURFACE('',#6031,0.824292762,4.285833775E-04);
#6031=AXIS2_PLACEMENT_3D('',#6032,#6033,#6034);
#6032=CARTESIAN_POINT('',(-6.35,2.599646722,3.097064355));
#6033=DIRECTION('',(0.0,0.999999908,-4.285833644E-04));
#6034=DIRECTION('',(0.0,4.285833644E-04,0.999999908));
#6035=ADVANCED_FACE('NONE',(#6036),#6042,.T.);
#6036=FACE_BOUND('NONE',#6037,.T.);
#6037=EDGE_LOOP('',(#6038,#6039,#6040,#6041));
#6038=ORIENTED_EDGE('',*,*,#64,.F.);
#6039=ORIENTED_EDGE('',*,*,#34,.F.);
#6040=ORIENTED_EDGE('',*,*,#81,.F.);
#6041=ORIENTED_EDGE('',*,*,#95,.F.);
#6042=CONICAL_SURFACE('',#6043,0.824207045,1.570367743);
#6043=AXIS2_PLACEMENT_3D('',#6044,#6045,#6046);
#6044=CARTESIAN_POINT('',(-6.35,2.399646759,3.097150072));
#6045=DIRECTION('',(0.0,-0.999999908,4.285833644E-04));
#6046=DIRECTION('',(0.0,-4.285833644E-04,-0.999999908));
#6047=ADVANCED_FACE('NONE',(#6048),#6060,.F.);
#6048=FACE_BOUND('NONE',#6049,.T.);
#6049=EDGE_LOOP('',(#6050,#6051,#6058,#6059));
#6050=ORIENTED_EDGE('',*,*,#26,.F.);
#6051=ORIENTED_EDGE('',*,*,#6052,.T.);
#6052=EDGE_CURVE('NONE',#18,#16,#6053,.T.);
#6053=CIRCLE('',#6054,0.624099918);
#6054=AXIS2_PLACEMENT_3D('',#6055,#6056,#6057);
#6055=CARTESIAN_POINT('',(-6.35,2.149732521,3.097257181));
#6056=DIRECTION('',(0.0,-0.999999908,4.285833644E-04));
#6057=DIRECTION('',(0.0,-4.285833644E-04,-0.999999908));
#6058=ORIENTED_EDGE('',*,*,#43,.F.);
#6059=ORIENTED_EDGE('',*,*,#57,.F.);
#6060=CONICAL_SURFACE('',#6061,0.624207063,4.285833775E-04);
#6061=AXIS2_PLACEMENT_3D('',#6062,#6063,#6064);
#6062=CARTESIAN_POINT('',(-6.35,2.399732475,3.097150035));
#6063=DIRECTION('',(0.0,0.999999908,-4.285833644E-04));
#6064=DIRECTION('',(0.0,4.285833644E-04,0.999999908));
#6065=ADVANCED_FACE('NONE',(#6066),#6084,.F.);
#6066=FACE_BOUND('NONE',#6067,.T.);
#6067=EDGE_LOOP('',(#6068,#6069,#6077,#6083));
#6068=ORIENTED_EDGE('',*,*,#2943,.F.);
#6069=ORIENTED_EDGE('',*,*,#6070,.T.);
#6070=EDGE_CURVE('NONE',#2936,#6071,#6073,.F.);
#6071=VERTEX_POINT('NONE',#6072);
#6072=CARTESIAN_POINT('',(5.31,-3.67,0.4));
#6073=LINE('',#6074,#6075);
#6074=CARTESIAN_POINT('',(5.31,0.75,0.4));
#6075=VECTOR('',#6076,1.0);
#6076=DIRECTION('',(0.0,1.0,0.0));
#6077=ORIENTED_EDGE('',*,*,#6078,.T.);
#6078=EDGE_CURVE('NONE',#6071,#2034,#6079,.T.);
#6079=LINE('',#6080,#6081);
#6080=CARTESIAN_POINT('',(5.31,-3.67,0.4));
#6081=VECTOR('',#6082,1.0);
#6082=DIRECTION('',(0.0,0.0,-1.0));
#6083=ORIENTED_EDGE('',*,*,#2033,.F.);
#6084=PLANE('',#6085);
#6085=AXIS2_PLACEMENT_3D('',#6086,#6087,#6088);
#6086=CARTESIAN_POINT('',(5.31,0.75,0.4));
#6087=DIRECTION('',(-1.0,0.0,0.0));
#6088=DIRECTION('',(0.0,0.0,1.0));
#6089=ADVANCED_FACE('NONE',(#6090),#6108,.F.);
#6090=FACE_BOUND('NONE',#6091,.T.);
#6091=EDGE_LOOP('',(#6092,#6093,#6094,#6102));
#6092=ORIENTED_EDGE('',*,*,#2041,.F.);
#6093=ORIENTED_EDGE('',*,*,#6078,.F.);
#6094=ORIENTED_EDGE('',*,*,#6095,.T.);
#6095=EDGE_CURVE('NONE',#6071,#6096,#6098,.F.);
#6096=VERTEX_POINT('NONE',#6097);
#6097=CARTESIAN_POINT('',(7.39,-3.67,0.4));
#6098=LINE('',#6099,#6100);
#6099=CARTESIAN_POINT('',(7.39,-3.67,0.4));
#6100=VECTOR('',#6101,1.0);
#6101=DIRECTION('',(-1.0,0.0,0.0));
#6102=ORIENTED_EDGE('',*,*,#6103,.T.);
#6103=EDGE_CURVE('NONE',#6096,#2042,#6104,.T.);
#6104=LINE('',#6105,#6106);
#6105=CARTESIAN_POINT('',(7.39,-3.67,0.4));
#6106=VECTOR('',#6107,1.0);
#6107=DIRECTION('',(0.0,0.0,-1.0));
#6108=PLANE('',#6109);
#6109=AXIS2_PLACEMENT_3D('',#6110,#6111,#6112);
#6110=CARTESIAN_POINT('',(7.39,-3.67,0.4));
#6111=DIRECTION('',(0.0,-1.0,0.0));
#6112=DIRECTION('',(0.0,0.0,-1.0));
#6113=ADVANCED_FACE('NONE',(#6114),#6125,.F.);
#6114=FACE_BOUND('NONE',#6115,.T.);
#6115=EDGE_LOOP('',(#6116,#6117,#6118,#6119));
#6116=ORIENTED_EDGE('',*,*,#2927,.F.);
#6117=ORIENTED_EDGE('',*,*,#2049,.F.);
#6118=ORIENTED_EDGE('',*,*,#6103,.F.);
#6119=ORIENTED_EDGE('',*,*,#6120,.T.);
#6120=EDGE_CURVE('NONE',#6096,#2928,#6121,.F.);
#6121=LINE('',#6122,#6123);
#6122=CARTESIAN_POINT('',(7.39,0.75,0.4));
#6123=VECTOR('',#6124,1.0);
#6124=DIRECTION('',(-3.924713747E-16,-1.0,0.0));
#6125=PLANE('',#6126);
#6126=AXIS2_PLACEMENT_3D('',#6127,#6128,#6129);
#6127=CARTESIAN_POINT('',(7.39,0.75,0.4));
#6128=DIRECTION('',(1.0,-3.924713747E-16,0.0));
#6129=DIRECTION('',(3.924713747E-16,1.0,0.0));
#6130=ADVANCED_FACE('NONE',(#6131,#6165),#6171,.F.);
#6131=FACE_BOUND('NONE',#6132,.T.);
#6132=EDGE_LOOP('',(#6133,#6143,#6151,#6159));
#6133=ORIENTED_EDGE('',*,*,#6134,.T.);
#6134=EDGE_CURVE('NONE',#6135,#6137,#6139,.T.);
#6135=VERTEX_POINT('NONE',#6136);
#6136=CARTESIAN_POINT('',(5.67,-1.07,0.4));
#6137=VERTEX_POINT('NONE',#6138);
#6138=CARTESIAN_POINT('',(5.67,-2.81,0.4));
#6139=LINE('',#6140,#6141);
#6140=CARTESIAN_POINT('',(5.67,0.0,0.4));
#6141=VECTOR('',#6142,1.0);
#6142=DIRECTION('',(0.0,-1.0,0.0));
#6143=ORIENTED_EDGE('',*,*,#6144,.T.);
#6144=EDGE_CURVE('NONE',#6137,#6145,#6147,.T.);
#6145=VERTEX_POINT('NONE',#6146);
#6146=CARTESIAN_POINT('',(7.03,-2.81,0.4));
#6147=LINE('',#6148,#6149);
#6148=CARTESIAN_POINT('',(8.960612073E-16,-2.81,0.4));
#6149=VECTOR('',#6150,1.0);
#6150=DIRECTION('',(1.0,3.188829919E-16,0.0));
#6151=ORIENTED_EDGE('',*,*,#6152,.T.);
#6152=EDGE_CURVE('NONE',#6145,#6153,#6155,.T.);
#6153=VERTEX_POINT('NONE',#6154);
#6154=CARTESIAN_POINT('',(7.03,-1.07,0.4));
#6155=LINE('',#6156,#6157);
#6156=CARTESIAN_POINT('',(7.03,3.504340815E-15,0.4));
#6157=VECTOR('',#6158,1.0);
#6158=DIRECTION('',(-4.984837575E-16,1.0,0.0));
#6159=ORIENTED_EDGE('',*,*,#6160,.T.);
#6160=EDGE_CURVE('NONE',#6153,#6135,#6161,.T.);
#6161=LINE('',#6162,#6163);
#6162=CARTESIAN_POINT('',(3.412048013E-16,-1.07,0.4));
#6163=VECTOR('',#6164,1.0);
#6164=DIRECTION('',(-1.0,-3.188829919E-16,0.0));
#6165=FACE_BOUND('NONE',#6166,.T.);
#6166=EDGE_LOOP('',(#6167,#6168,#6169,#6170));
#6167=ORIENTED_EDGE('',*,*,#2935,.F.);
#6168=ORIENTED_EDGE('',*,*,#6120,.F.);
#6169=ORIENTED_EDGE('',*,*,#6095,.F.);
#6170=ORIENTED_EDGE('',*,*,#6070,.F.);
#6171=PLANE('',#6172);
#6172=AXIS2_PLACEMENT_3D('',#6173,#6174,#6175);
#6173=CARTESIAN_POINT('',(0.0,0.0,0.4));
#6174=DIRECTION('',(0.0,0.0,1.0));
#6175=DIRECTION('',(1.0,0.0,0.0));
#6176=ADVANCED_FACE('NONE',(#6177),#6195,.F.);
#6177=FACE_BOUND('NONE',#6178,.T.);
#6178=EDGE_LOOP('',(#6179,#6180,#6188,#6194));
#6179=ORIENTED_EDGE('',*,*,#2916,.F.);
#6180=ORIENTED_EDGE('',*,*,#6181,.T.);
#6181=EDGE_CURVE('NONE',#2909,#6182,#6184,.F.);
#6182=VERTEX_POINT('NONE',#6183);
#6183=CARTESIAN_POINT('',(-7.39,-3.67,0.4));
#6184=LINE('',#6185,#6186);
#6185=CARTESIAN_POINT('',(-7.39,0.75,0.4));
#6186=VECTOR('',#6187,1.0);
#6187=DIRECTION('',(0.0,1.0,0.0));
#6188=ORIENTED_EDGE('',*,*,#6189,.T.);
#6189=EDGE_CURVE('NONE',#6182,#2080,#6190,.T.);
#6190=LINE('',#6191,#6192);
#6191=CARTESIAN_POINT('',(-7.39,-3.67,0.4));
#6192=VECTOR('',#6193,1.0);
#6193=DIRECTION('',(0.0,0.0,-1.0));
#6194=ORIENTED_EDGE('',*,*,#2079,.F.);
#6195=PLANE('',#6196);
#6196=AXIS2_PLACEMENT_3D('',#6197,#6198,#6199);
#6197=CARTESIAN_POINT('',(-7.39,0.75,0.4));
#6198=DIRECTION('',(-1.0,0.0,0.0));
#6199=DIRECTION('',(0.0,0.0,1.0));
#6200=ADVANCED_FACE('NONE',(#6201),#6219,.F.);
#6201=FACE_BOUND('NONE',#6202,.T.);
#6202=EDGE_LOOP('',(#6203,#6204,#6205,#6213));
#6203=ORIENTED_EDGE('',*,*,#2087,.F.);
#6204=ORIENTED_EDGE('',*,*,#6189,.F.);
#6205=ORIENTED_EDGE('',*,*,#6206,.T.);
#6206=EDGE_CURVE('NONE',#6182,#6207,#6209,.F.);
#6207=VERTEX_POINT('NONE',#6208);
#6208=CARTESIAN_POINT('',(-5.31,-3.67,0.4));
#6209=LINE('',#6210,#6211);
#6210=CARTESIAN_POINT('',(-5.31,-3.67,0.4));
#6211=VECTOR('',#6212,1.0);
#6212=DIRECTION('',(-1.0,0.0,0.0));
#6213=ORIENTED_EDGE('',*,*,#6214,.T.);
#6214=EDGE_CURVE('NONE',#6207,#2088,#6215,.T.);
#6215=LINE('',#6216,#6217);
#6216=CARTESIAN_POINT('',(-5.31,-3.67,0.4));
#6217=VECTOR('',#6218,1.0);
#6218=DIRECTION('',(0.0,0.0,-1.0));
#6219=PLANE('',#6220);
#6220=AXIS2_PLACEMENT_3D('',#6221,#6222,#6223);
#6221=CARTESIAN_POINT('',(-5.31,-3.67,0.4));
#6222=DIRECTION('',(0.0,-1.0,0.0));
#6223=DIRECTION('',(0.0,0.0,-1.0));
#6224=ADVANCED_FACE('NONE',(#6225),#6236,.F.);
#6225=FACE_BOUND('NONE',#6226,.T.);
#6226=EDGE_LOOP('',(#6227,#6228,#6229,#6230));
#6227=ORIENTED_EDGE('',*,*,#2900,.F.);
#6228=ORIENTED_EDGE('',*,*,#2095,.F.);
#6229=ORIENTED_EDGE('',*,*,#6214,.F.);
#6230=ORIENTED_EDGE('',*,*,#6231,.T.);
#6231=EDGE_CURVE('NONE',#6207,#2901,#6232,.F.);
#6232=LINE('',#6233,#6234);
#6233=CARTESIAN_POINT('',(-5.31,0.75,0.4));
#6234=VECTOR('',#6235,1.0);
#6235=DIRECTION('',(-3.924713747E-16,-1.0,0.0));
#6236=PLANE('',#6237);
#6237=AXIS2_PLACEMENT_3D('',#6238,#6239,#6240);
#6238=CARTESIAN_POINT('',(-5.31,0.75,0.4));
#6239=DIRECTION('',(1.0,-3.924713747E-16,0.0));
#6240=DIRECTION('',(3.924713747E-16,1.0,0.0));
#6241=ADVANCED_FACE('NONE',(#6242,#6276),#6282,.F.);
#6242=FACE_BOUND('NONE',#6243,.T.);
#6243=EDGE_LOOP('',(#6244,#6254,#6262,#6270));
#6244=ORIENTED_EDGE('',*,*,#6245,.T.);
#6245=EDGE_CURVE('NONE',#6246,#6248,#6250,.T.);
#6246=VERTEX_POINT('NONE',#6247);
#6247=CARTESIAN_POINT('',(-7.03,-1.07,0.4));
#6248=VERTEX_POINT('NONE',#6249);
#6249=CARTESIAN_POINT('',(-7.03,-2.81,0.4));
#6250=LINE('',#6251,#6252);
#6251=CARTESIAN_POINT('',(-7.03,0.0,0.4));
#6252=VECTOR('',#6253,1.0);
#6253=DIRECTION('',(0.0,-1.0,0.0));
#6254=ORIENTED_EDGE('',*,*,#6255,.T.);
#6255=EDGE_CURVE('NONE',#6248,#6256,#6258,.T.);
#6256=VERTEX_POINT('NONE',#6257);
#6257=CARTESIAN_POINT('',(-5.67,-2.81,0.4));
#6258=LINE('',#6259,#6260);
#6259=CARTESIAN_POINT('',(-12.7,-2.81,0.4));
#6260=VECTOR('',#6261,1.0);
#6261=DIRECTION('',(1.0,3.188829919E-16,0.0));
#6262=ORIENTED_EDGE('',*,*,#6263,.T.);
#6263=EDGE_CURVE('NONE',#6256,#6264,#6266,.T.);
#6264=VERTEX_POINT('NONE',#6265);
#6265=CARTESIAN_POINT('',(-5.67,-1.07,0.4));
#6266=LINE('',#6267,#6268);
#6267=CARTESIAN_POINT('',(-5.67,3.504340815E-15,0.4));
#6268=VECTOR('',#6269,1.0);
#6269=DIRECTION('',(-4.984837575E-16,1.0,0.0));
#6270=ORIENTED_EDGE('',*,*,#6271,.T.);
#6271=EDGE_CURVE('NONE',#6264,#6246,#6272,.T.);
#6272=LINE('',#6273,#6274);
#6273=CARTESIAN_POINT('',(-12.7,-1.07,0.4));
#6274=VECTOR('',#6275,1.0);
#6275=DIRECTION('',(-1.0,-3.188829919E-16,0.0));
#6276=FACE_BOUND('NONE',#6277,.T.);
#6277=EDGE_LOOP('',(#6278,#6279,#6280,#6281));
#6278=ORIENTED_EDGE('',*,*,#2908,.F.);
#6279=ORIENTED_EDGE('',*,*,#6231,.F.);
#6280=ORIENTED_EDGE('',*,*,#6206,.F.);
#6281=ORIENTED_EDGE('',*,*,#6181,.F.);
#6282=PLANE('',#6283);
#6283=AXIS2_PLACEMENT_3D('',#6284,#6285,#6286);
#6284=CARTESIAN_POINT('',(-12.7,0.0,0.4));
#6285=DIRECTION('',(0.0,0.0,1.0));
#6286=DIRECTION('',(1.0,0.0,0.0));
#6287=ADVANCED_FACE('NONE',(#6288),#6306,.F.);
#6288=FACE_BOUND('NONE',#6289,.T.);
#6289=EDGE_LOOP('',(#6290,#6291,#6299,#6305));
#6290=ORIENTED_EDGE('',*,*,#2893,.F.);
#6291=ORIENTED_EDGE('',*,*,#6292,.T.);
#6292=EDGE_CURVE('NONE',#2886,#6293,#6295,.F.);
#6293=VERTEX_POINT('NONE',#6294);
#6294=CARTESIAN_POINT('',(-4.85,-3.67,0.4));
#6295=LINE('',#6296,#6297);
#6296=CARTESIAN_POINT('',(-4.85,0.75,0.4));
#6297=VECTOR('',#6298,1.0);
#6298=DIRECTION('',(0.0,1.0,0.0));
#6299=ORIENTED_EDGE('',*,*,#6300,.T.);
#6300=EDGE_CURVE('NONE',#6293,#2112,#6301,.T.);
#6301=LINE('',#6302,#6303);
#6302=CARTESIAN_POINT('',(-4.85,-3.67,0.4));
#6303=VECTOR('',#6304,1.0);
#6304=DIRECTION('',(0.0,0.0,-1.0));
#6305=ORIENTED_EDGE('',*,*,#2111,.F.);
#6306=PLANE('',#6307);
#6307=AXIS2_PLACEMENT_3D('',#6308,#6309,#6310);
#6308=CARTESIAN_POINT('',(-4.85,0.75,0.4));
#6309=DIRECTION('',(-1.0,0.0,0.0));
#6310=DIRECTION('',(0.0,0.0,1.0));
#6311=ADVANCED_FACE('NONE',(#6312),#6330,.F.);
#6312=FACE_BOUND('NONE',#6313,.T.);
#6313=EDGE_LOOP('',(#6314,#6315,#6316,#6324));
#6314=ORIENTED_EDGE('',*,*,#2119,.F.);
#6315=ORIENTED_EDGE('',*,*,#6300,.F.);
#6316=ORIENTED_EDGE('',*,*,#6317,.T.);
#6317=EDGE_CURVE('NONE',#6293,#6318,#6320,.F.);
#6318=VERTEX_POINT('NONE',#6319);
#6319=CARTESIAN_POINT('',(-2.77,-3.67,0.4));
#6320=LINE('',#6321,#6322);
#6321=CARTESIAN_POINT('',(-2.77,-3.67,0.4));
#6322=VECTOR('',#6323,1.0);
#6323=DIRECTION('',(-1.0,0.0,0.0));
#6324=ORIENTED_EDGE('',*,*,#6325,.T.);
#6325=EDGE_CURVE('NONE',#6318,#2120,#6326,.T.);
#6326=LINE('',#6327,#6328);
#6327=CARTESIAN_POINT('',(-2.77,-3.67,0.4));
#6328=VECTOR('',#6329,1.0);
#6329=DIRECTION('',(0.0,0.0,-1.0));
#6330=PLANE('',#6331);
#6331=AXIS2_PLACEMENT_3D('',#6332,#6333,#6334);
#6332=CARTESIAN_POINT('',(-2.77,-3.67,0.4));
#6333=DIRECTION('',(0.0,-1.0,0.0));
#6334=DIRECTION('',(0.0,0.0,-1.0));
#6335=ADVANCED_FACE('NONE',(#6336),#6347,.F.);
#6336=FACE_BOUND('NONE',#6337,.T.);
#6337=EDGE_LOOP('',(#6338,#6339,#6340,#6341));
#6338=ORIENTED_EDGE('',*,*,#2877,.F.);
#6339=ORIENTED_EDGE('',*,*,#2127,.F.);
#6340=ORIENTED_EDGE('',*,*,#6325,.F.);
#6341=ORIENTED_EDGE('',*,*,#6342,.T.);
#6342=EDGE_CURVE('NONE',#6318,#2878,#6343,.F.);
#6343=LINE('',#6344,#6345);
#6344=CARTESIAN_POINT('',(-2.77,0.75,0.4));
#6345=VECTOR('',#6346,1.0);
#6346=DIRECTION('',(-3.924713747E-16,-1.0,0.0));
#6347=PLANE('',#6348);
#6348=AXIS2_PLACEMENT_3D('',#6349,#6350,#6351);
#6349=CARTESIAN_POINT('',(-2.77,0.75,0.4));
#6350=DIRECTION('',(1.0,-3.924713747E-16,0.0));
#6351=DIRECTION('',(3.924713747E-16,1.0,0.0));
#6352=ADVANCED_FACE('NONE',(#6353,#6387),#6393,.F.);
#6353=FACE_BOUND('NONE',#6354,.T.);
#6354=EDGE_LOOP('',(#6355,#6365,#6373,#6381));
#6355=ORIENTED_EDGE('',*,*,#6356,.T.);
#6356=EDGE_CURVE('NONE',#6357,#6359,#6361,.T.);
#6357=VERTEX_POINT('NONE',#6358);
#6358=CARTESIAN_POINT('',(-4.49,-1.07,0.4));
#6359=VERTEX_POINT('NONE',#6360);
#6360=CARTESIAN_POINT('',(-4.49,-2.81,0.4));
#6361=LINE('',#6362,#6363);
#6362=CARTESIAN_POINT('',(-4.49,0.0,0.4));
#6363=VECTOR('',#6364,1.0);
#6364=DIRECTION('',(0.0,-1.0,0.0));
#6365=ORIENTED_EDGE('',*,*,#6366,.T.);
#6366=EDGE_CURVE('NONE',#6359,#6367,#6369,.T.);
#6367=VERTEX_POINT('NONE',#6368);
#6368=CARTESIAN_POINT('',(-3.13,-2.81,0.4));
#6369=LINE('',#6370,#6371);
#6370=CARTESIAN_POINT('',(-10.16,-2.81,0.4));
#6371=VECTOR('',#6372,1.0);
#6372=DIRECTION('',(1.0,3.188829919E-16,0.0));
#6373=ORIENTED_EDGE('',*,*,#6374,.T.);
#6374=EDGE_CURVE('NONE',#6367,#6375,#6377,.T.);
#6375=VERTEX_POINT('NONE',#6376);
#6376=CARTESIAN_POINT('',(-3.13,-1.07,0.4));
#6377=LINE('',#6378,#6379);
#6378=CARTESIAN_POINT('',(-3.13,3.504340815E-15,0.4));
#6379=VECTOR('',#6380,1.0);
#6380=DIRECTION('',(-4.984837575E-16,1.0,0.0));
#6381=ORIENTED_EDGE('',*,*,#6382,.T.);
#6382=EDGE_CURVE('NONE',#6375,#6357,#6383,.T.);
#6383=LINE('',#6384,#6385);
#6384=CARTESIAN_POINT('',(-10.16,-1.07,0.4));
#6385=VECTOR('',#6386,1.0);
#6386=DIRECTION('',(-1.0,-3.188829919E-16,0.0));
#6387=FACE_BOUND('NONE',#6388,.T.);
#6388=EDGE_LOOP('',(#6389,#6390,#6391,#6392));
#6389=ORIENTED_EDGE('',*,*,#2885,.F.);
#6390=ORIENTED_EDGE('',*,*,#6342,.F.);
#6391=ORIENTED_EDGE('',*,*,#6317,.F.);
#6392=ORIENTED_EDGE('',*,*,#6292,.F.);
#6393=PLANE('',#6394);
#6394=AXIS2_PLACEMENT_3D('',#6395,#6396,#6397);
#6395=CARTESIAN_POINT('',(-10.16,0.0,0.4));
#6396=DIRECTION('',(0.0,0.0,1.0));
#6397=DIRECTION('',(1.0,0.0,0.0));
#6398=ADVANCED_FACE('NONE',(#6399),#6417,.F.);
#6399=FACE_BOUND('NONE',#6400,.T.);
#6400=EDGE_LOOP('',(#6401,#6402,#6410,#6416));
#6401=ORIENTED_EDGE('',*,*,#2870,.F.);
#6402=ORIENTED_EDGE('',*,*,#6403,.T.);
#6403=EDGE_CURVE('NONE',#2863,#6404,#6406,.F.);
#6404=VERTEX_POINT('NONE',#6405);
#6405=CARTESIAN_POINT('',(-2.31,-3.67,0.4));
#6406=LINE('',#6407,#6408);
#6407=CARTESIAN_POINT('',(-2.31,0.75,0.4));
#6408=VECTOR('',#6409,1.0);
#6409=DIRECTION('',(0.0,1.0,0.0));
#6410=ORIENTED_EDGE('',*,*,#6411,.T.);
#6411=EDGE_CURVE('NONE',#6404,#2144,#6412,.T.);
#6412=LINE('',#6413,#6414);
#6413=CARTESIAN_POINT('',(-2.31,-3.67,0.4));
#6414=VECTOR('',#6415,1.0);
#6415=DIRECTION('',(0.0,0.0,-1.0));
#6416=ORIENTED_EDGE('',*,*,#2143,.F.);
#6417=PLANE('',#6418);
#6418=AXIS2_PLACEMENT_3D('',#6419,#6420,#6421);
#6419=CARTESIAN_POINT('',(-2.31,0.75,0.4));
#6420=DIRECTION('',(-1.0,0.0,0.0));
#6421=DIRECTION('',(0.0,0.0,1.0));
#6422=ADVANCED_FACE('NONE',(#6423),#6441,.F.);
#6423=FACE_BOUND('NONE',#6424,.T.);
#6424=EDGE_LOOP('',(#6425,#6426,#6427,#6435));
#6425=ORIENTED_EDGE('',*,*,#2151,.F.);
#6426=ORIENTED_EDGE('',*,*,#6411,.F.);
#6427=ORIENTED_EDGE('',*,*,#6428,.T.);
#6428=EDGE_CURVE('NONE',#6404,#6429,#6431,.F.);
#6429=VERTEX_POINT('NONE',#6430);
#6430=CARTESIAN_POINT('',(-0.23,-3.67,0.4));
#6431=LINE('',#6432,#6433);
#6432=CARTESIAN_POINT('',(-0.23,-3.67,0.4));
#6433=VECTOR('',#6434,1.0);
#6434=DIRECTION('',(-1.0,0.0,0.0));
#6435=ORIENTED_EDGE('',*,*,#6436,.T.);
#6436=EDGE_CURVE('NONE',#6429,#2152,#6437,.T.);
#6437=LINE('',#6438,#6439);
#6438=CARTESIAN_POINT('',(-0.23,-3.67,0.4));
#6439=VECTOR('',#6440,1.0);
#6440=DIRECTION('',(0.0,0.0,-1.0));
#6441=PLANE('',#6442);
#6442=AXIS2_PLACEMENT_3D('',#6443,#6444,#6445);
#6443=CARTESIAN_POINT('',(-0.23,-3.67,0.4));
#6444=DIRECTION('',(0.0,-1.0,0.0));
#6445=DIRECTION('',(0.0,0.0,-1.0));
#6446=ADVANCED_FACE('NONE',(#6447),#6458,.F.);
#6447=FACE_BOUND('NONE',#6448,.T.);
#6448=EDGE_LOOP('',(#6449,#6450,#6451,#6452));
#6449=ORIENTED_EDGE('',*,*,#2854,.F.);
#6450=ORIENTED_EDGE('',*,*,#2159,.F.);
#6451=ORIENTED_EDGE('',*,*,#6436,.F.);
#6452=ORIENTED_EDGE('',*,*,#6453,.T.);
#6453=EDGE_CURVE('NONE',#6429,#2855,#6454,.F.);
#6454=LINE('',#6455,#6456);
#6455=CARTESIAN_POINT('',(-0.23,0.75,0.4));
#6456=VECTOR('',#6457,1.0);
#6457=DIRECTION('',(-3.924713747E-16,-1.0,0.0));
#6458=PLANE('',#6459);
#6459=AXIS2_PLACEMENT_3D('',#6460,#6461,#6462);
#6460=CARTESIAN_POINT('',(-0.23,0.75,0.4));
#6461=DIRECTION('',(1.0,-3.924713747E-16,0.0));
#6462=DIRECTION('',(3.924713747E-16,1.0,0.0));
#6463=ADVANCED_FACE('NONE',(#6464,#6498),#6504,.F.);
#6464=FACE_BOUND('NONE',#6465,.T.);
#6465=EDGE_LOOP('',(#6466,#6476,#6484,#6492));
#6466=ORIENTED_EDGE('',*,*,#6467,.T.);
#6467=EDGE_CURVE('NONE',#6468,#6470,#6472,.T.);
#6468=VERTEX_POINT('NONE',#6469);
#6469=CARTESIAN_POINT('',(-1.95,-1.07,0.4));
#6470=VERTEX_POINT('NONE',#6471);
#6471=CARTESIAN_POINT('',(-1.95,-2.81,0.4));
#6472=LINE('',#6473,#6474);
#6473=CARTESIAN_POINT('',(-1.95,0.0,0.4));
#6474=VECTOR('',#6475,1.0);
#6475=DIRECTION('',(0.0,-1.0,0.0));
#6476=ORIENTED_EDGE('',*,*,#6477,.T.);
#6477=EDGE_CURVE('NONE',#6470,#6478,#6480,.T.);
#6478=VERTEX_POINT('NONE',#6479);
#6479=CARTESIAN_POINT('',(-0.59,-2.81,0.4));
#6480=LINE('',#6481,#6482);
#6481=CARTESIAN_POINT('',(-7.62,-2.81,0.4));
#6482=VECTOR('',#6483,1.0);
#6483=DIRECTION('',(1.0,3.188829919E-16,0.0));
#6484=ORIENTED_EDGE('',*,*,#6485,.T.);
#6485=EDGE_CURVE('NONE',#6478,#6486,#6488,.T.);
#6486=VERTEX_POINT('NONE',#6487);
#6487=CARTESIAN_POINT('',(-0.59,-1.07,0.4));
#6488=LINE('',#6489,#6490);
#6489=CARTESIAN_POINT('',(-0.59,3.504340815E-15,0.4));
#6490=VECTOR('',#6491,1.0);
#6491=DIRECTION('',(-4.984837575E-16,1.0,0.0));
#6492=ORIENTED_EDGE('',*,*,#6493,.T.);
#6493=EDGE_CURVE('NONE',#6486,#6468,#6494,.T.);
#6494=LINE('',#6495,#6496);
#6495=CARTESIAN_POINT('',(-7.62,-1.07,0.4));
#6496=VECTOR('',#6497,1.0);
#6497=DIRECTION('',(-1.0,-3.188829919E-16,0.0));
#6498=FACE_BOUND('NONE',#6499,.T.);
#6499=EDGE_LOOP('',(#6500,#6501,#6502,#6503));
#6500=ORIENTED_EDGE('',*,*,#2862,.F.);
#6501=ORIENTED_EDGE('',*,*,#6453,.F.);
#6502=ORIENTED_EDGE('',*,*,#6428,.F.);
#6503=ORIENTED_EDGE('',*,*,#6403,.F.);
#6504=PLANE('',#6505);
#6505=AXIS2_PLACEMENT_3D('',#6506,#6507,#6508);
#6506=CARTESIAN_POINT('',(-7.62,0.0,0.4));
#6507=DIRECTION('',(0.0,0.0,1.0));
#6508=DIRECTION('',(1.0,0.0,0.0));
#6509=ADVANCED_FACE('NONE',(#6510),#6528,.F.);
#6510=FACE_BOUND('NONE',#6511,.T.);
#6511=EDGE_LOOP('',(#6512,#6513,#6521,#6527));
#6512=ORIENTED_EDGE('',*,*,#2847,.F.);
#6513=ORIENTED_EDGE('',*,*,#6514,.T.);
#6514=EDGE_CURVE('NONE',#2840,#6515,#6517,.F.);
#6515=VERTEX_POINT('NONE',#6516);
#6516=CARTESIAN_POINT('',(0.23,-3.67,0.4));
#6517=LINE('',#6518,#6519);
#6518=CARTESIAN_POINT('',(0.23,0.75,0.4));
#6519=VECTOR('',#6520,1.0);
#6520=DIRECTION('',(0.0,1.0,0.0));
#6521=ORIENTED_EDGE('',*,*,#6522,.T.);
#6522=EDGE_CURVE('NONE',#6515,#2176,#6523,.T.);
#6523=LINE('',#6524,#6525);
#6524=CARTESIAN_POINT('',(0.23,-3.67,0.4));
#6525=VECTOR('',#6526,1.0);
#6526=DIRECTION('',(0.0,0.0,-1.0));
#6527=ORIENTED_EDGE('',*,*,#2175,.F.);
#6528=PLANE('',#6529);
#6529=AXIS2_PLACEMENT_3D('',#6530,#6531,#6532);
#6530=CARTESIAN_POINT('',(0.23,0.75,0.4));
#6531=DIRECTION('',(-1.0,0.0,0.0));
#6532=DIRECTION('',(0.0,0.0,1.0));
#6533=ADVANCED_FACE('NONE',(#6534),#6552,.F.);
#6534=FACE_BOUND('NONE',#6535,.T.);
#6535=EDGE_LOOP('',(#6536,#6537,#6538,#6546));
#6536=ORIENTED_EDGE('',*,*,#2183,.F.);
#6537=ORIENTED_EDGE('',*,*,#6522,.F.);
#6538=ORIENTED_EDGE('',*,*,#6539,.T.);
#6539=EDGE_CURVE('NONE',#6515,#6540,#6542,.F.);
#6540=VERTEX_POINT('NONE',#6541);
#6541=CARTESIAN_POINT('',(2.31,-3.67,0.4));
#6542=LINE('',#6543,#6544);
#6543=CARTESIAN_POINT('',(2.31,-3.67,0.4));
#6544=VECTOR('',#6545,1.0);
#6545=DIRECTION('',(-1.0,0.0,0.0));
#6546=ORIENTED_EDGE('',*,*,#6547,.T.);
#6547=EDGE_CURVE('NONE',#6540,#2184,#6548,.T.);
#6548=LINE('',#6549,#6550);
#6549=CARTESIAN_POINT('',(2.31,-3.67,0.4));
#6550=VECTOR('',#6551,1.0);
#6551=DIRECTION('',(0.0,0.0,-1.0));
#6552=PLANE('',#6553);
#6553=AXIS2_PLACEMENT_3D('',#6554,#6555,#6556);
#6554=CARTESIAN_POINT('',(2.31,-3.67,0.4));
#6555=DIRECTION('',(0.0,-1.0,0.0));
#6556=DIRECTION('',(0.0,0.0,-1.0));
#6557=ADVANCED_FACE('NONE',(#6558),#6569,.F.);
#6558=FACE_BOUND('NONE',#6559,.T.);
#6559=EDGE_LOOP('',(#6560,#6561,#6562,#6563));
#6560=ORIENTED_EDGE('',*,*,#2831,.F.);
#6561=ORIENTED_EDGE('',*,*,#2191,.F.);
#6562=ORIENTED_EDGE('',*,*,#6547,.F.);
#6563=ORIENTED_EDGE('',*,*,#6564,.T.);
#6564=EDGE_CURVE('NONE',#6540,#2832,#6565,.F.);
#6565=LINE('',#6566,#6567);
#6566=CARTESIAN_POINT('',(2.31,0.75,0.4));
#6567=VECTOR('',#6568,1.0);
#6568=DIRECTION('',(-3.924713747E-16,-1.0,0.0));
#6569=PLANE('',#6570);
#6570=AXIS2_PLACEMENT_3D('',#6571,#6572,#6573);
#6571=CARTESIAN_POINT('',(2.31,0.75,0.4));
#6572=DIRECTION('',(1.0,-3.924713747E-16,0.0));
#6573=DIRECTION('',(3.924713747E-16,1.0,0.0));
#6574=ADVANCED_FACE('NONE',(#6575,#6609),#6615,.F.);
#6575=FACE_BOUND('NONE',#6576,.T.);
#6576=EDGE_LOOP('',(#6577,#6587,#6595,#6603));
#6577=ORIENTED_EDGE('',*,*,#6578,.T.);
#6578=EDGE_CURVE('NONE',#6579,#6581,#6583,.T.);
#6579=VERTEX_POINT('NONE',#6580);
#6580=CARTESIAN_POINT('',(0.59,-1.07,0.4));
#6581=VERTEX_POINT('NONE',#6582);
#6582=CARTESIAN_POINT('',(0.59,-2.81,0.4));
#6583=LINE('',#6584,#6585);
#6584=CARTESIAN_POINT('',(0.59,0.0,0.4));
#6585=VECTOR('',#6586,1.0);
#6586=DIRECTION('',(0.0,-1.0,0.0));
#6587=ORIENTED_EDGE('',*,*,#6588,.T.);
#6588=EDGE_CURVE('NONE',#6581,#6589,#6591,.T.);
#6589=VERTEX_POINT('NONE',#6590);
#6590=CARTESIAN_POINT('',(1.95,-2.81,0.4));
#6591=LINE('',#6592,#6593);
#6592=CARTESIAN_POINT('',(-5.08,-2.81,0.4));
#6593=VECTOR('',#6594,1.0);
#6594=DIRECTION('',(1.0,3.188829919E-16,0.0));
#6595=ORIENTED_EDGE('',*,*,#6596,.T.);
#6596=EDGE_CURVE('NONE',#6589,#6597,#6599,.T.);
#6597=VERTEX_POINT('NONE',#6598);
#6598=CARTESIAN_POINT('',(1.95,-1.07,0.4));
#6599=LINE('',#6600,#6601);
#6600=CARTESIAN_POINT('',(1.95,3.504340815E-15,0.4));
#6601=VECTOR('',#6602,1.0);
#6602=DIRECTION('',(-4.984837575E-16,1.0,0.0));
#6603=ORIENTED_EDGE('',*,*,#6604,.T.);
#6604=EDGE_CURVE('NONE',#6597,#6579,#6605,.T.);
#6605=LINE('',#6606,#6607);
#6606=CARTESIAN_POINT('',(-5.08,-1.07,0.4));
#6607=VECTOR('',#6608,1.0);
#6608=DIRECTION('',(-1.0,-3.188829919E-16,0.0));
#6609=FACE_BOUND('NONE',#6610,.T.);
#6610=EDGE_LOOP('',(#6611,#6612,#6613,#6614));
#6611=ORIENTED_EDGE('',*,*,#2839,.F.);
#6612=ORIENTED_EDGE('',*,*,#6564,.F.);
#6613=ORIENTED_EDGE('',*,*,#6539,.F.);
#6614=ORIENTED_EDGE('',*,*,#6514,.F.);
#6615=PLANE('',#6616);
#6616=AXIS2_PLACEMENT_3D('',#6617,#6618,#6619);
#6617=CARTESIAN_POINT('',(-5.08,0.0,0.4));
#6618=DIRECTION('',(0.0,0.0,1.0));
#6619=DIRECTION('',(1.0,0.0,0.0));
#6620=ADVANCED_FACE('NONE',(#6621),#6639,.F.);
#6621=FACE_BOUND('NONE',#6622,.T.);
#6622=EDGE_LOOP('',(#6623,#6624,#6632,#6638));
#6623=ORIENTED_EDGE('',*,*,#2822,.F.);
#6624=ORIENTED_EDGE('',*,*,#6625,.T.);
#6625=EDGE_CURVE('NONE',#2823,#6626,#6628,.F.);
#6626=VERTEX_POINT('NONE',#6627);
#6627=CARTESIAN_POINT('',(2.77,-3.67,0.4));
#6628=LINE('',#6629,#6630);
#6629=CARTESIAN_POINT('',(2.77,0.75,0.4));
#6630=VECTOR('',#6631,1.0);
#6631=DIRECTION('',(0.0,1.0,0.0));
#6632=ORIENTED_EDGE('',*,*,#6633,.T.);
#6633=EDGE_CURVE('NONE',#6626,#2002,#6634,.T.);
#6634=LINE('',#6635,#6636);
#6635=CARTESIAN_POINT('',(2.77,-3.67,0.4));
#6636=VECTOR('',#6637,1.0);
#6637=DIRECTION('',(0.0,0.0,-1.0));
#6638=ORIENTED_EDGE('',*,*,#2001,.F.);
#6639=PLANE('',#6640);
#6640=AXIS2_PLACEMENT_3D('',#6641,#6642,#6643);
#6641=CARTESIAN_POINT('',(2.77,0.75,0.4));
#6642=DIRECTION('',(-1.0,0.0,0.0));
#6643=DIRECTION('',(0.0,0.0,1.0));
#6644=ADVANCED_FACE('NONE',(#6645),#6663,.F.);
#6645=FACE_BOUND('NONE',#6646,.T.);
#6646=EDGE_LOOP('',(#6647,#6648,#6649,#6657));
#6647=ORIENTED_EDGE('',*,*,#2009,.F.);
#6648=ORIENTED_EDGE('',*,*,#6633,.F.);
#6649=ORIENTED_EDGE('',*,*,#6650,.T.);
#6650=EDGE_CURVE('NONE',#6626,#6651,#6653,.F.);
#6651=VERTEX_POINT('NONE',#6652);
#6652=CARTESIAN_POINT('',(4.85,-3.67,0.4));
#6653=LINE('',#6654,#6655);
#6654=CARTESIAN_POINT('',(4.85,-3.67,0.4));
#6655=VECTOR('',#6656,1.0);
#6656=DIRECTION('',(-1.0,0.0,0.0));
#6657=ORIENTED_EDGE('',*,*,#6658,.T.);
#6658=EDGE_CURVE('NONE',#6651,#2010,#6659,.T.);
#6659=LINE('',#6660,#6661);
#6660=CARTESIAN_POINT('',(4.85,-3.67,0.4));
#6661=VECTOR('',#6662,1.0);
#6662=DIRECTION('',(0.0,0.0,-1.0));
#6663=PLANE('',#6664);
#6664=AXIS2_PLACEMENT_3D('',#6665,#6666,#6667);
#6665=CARTESIAN_POINT('',(4.85,-3.67,0.4));
#6666=DIRECTION('',(0.0,-1.0,0.0));
#6667=DIRECTION('',(0.0,0.0,-1.0));
#6668=ADVANCED_FACE('NONE',(#6669),#6680,.F.);
#6669=FACE_BOUND('NONE',#6670,.T.);
#6670=EDGE_LOOP('',(#6671,#6672,#6673,#6674));
#6671=ORIENTED_EDGE('',*,*,#2950,.F.);
#6672=ORIENTED_EDGE('',*,*,#2017,.F.);
#6673=ORIENTED_EDGE('',*,*,#6658,.F.);
#6674=ORIENTED_EDGE('',*,*,#6675,.T.);
#6675=EDGE_CURVE('NONE',#6651,#2951,#6676,.F.);
#6676=LINE('',#6677,#6678);
#6677=CARTESIAN_POINT('',(4.85,0.75,0.4));
#6678=VECTOR('',#6679,1.0);
#6679=DIRECTION('',(-3.924713747E-16,-1.0,0.0));
#6680=PLANE('',#6681);
#6681=AXIS2_PLACEMENT_3D('',#6682,#6683,#6684);
#6682=CARTESIAN_POINT('',(4.85,0.75,0.4));
#6683=DIRECTION('',(1.0,-3.924713747E-16,0.0));
#6684=DIRECTION('',(3.924713747E-16,1.0,0.0));
#6685=ADVANCED_FACE('NONE',(#6686,#6720),#6726,.F.);
#6686=FACE_BOUND('NONE',#6687,.T.);
#6687=EDGE_LOOP('',(#6688,#6698,#6706,#6714));
#6688=ORIENTED_EDGE('',*,*,#6689,.T.);
#6689=EDGE_CURVE('NONE',#6690,#6692,#6694,.T.);
#6690=VERTEX_POINT('NONE',#6691);
#6691=CARTESIAN_POINT('',(3.13,-1.07,0.4));
#6692=VERTEX_POINT('NONE',#6693);
#6693=CARTESIAN_POINT('',(3.13,-2.81,0.4));
#6694=LINE('',#6695,#6696);
#6695=CARTESIAN_POINT('',(3.13,0.0,0.4));
#6696=VECTOR('',#6697,1.0);
#6697=DIRECTION('',(0.0,-1.0,0.0));
#6698=ORIENTED_EDGE('',*,*,#6699,.T.);
#6699=EDGE_CURVE('NONE',#6692,#6700,#6702,.T.);
#6700=VERTEX_POINT('NONE',#6701);
#6701=CARTESIAN_POINT('',(4.49,-2.81,0.4));
#6702=LINE('',#6703,#6704);
#6703=CARTESIAN_POINT('',(-2.54,-2.81,0.4));
#6704=VECTOR('',#6705,1.0);
#6705=DIRECTION('',(1.0,3.188829919E-16,0.0));
#6706=ORIENTED_EDGE('',*,*,#6707,.T.);
#6707=EDGE_CURVE('NONE',#6700,#6708,#6710,.T.);
#6708=VERTEX_POINT('NONE',#6709);
#6709=CARTESIAN_POINT('',(4.49,-1.07,0.4));
#6710=LINE('',#6711,#6712);
#6711=CARTESIAN_POINT('',(4.49,3.504340815E-15,0.4));
#6712=VECTOR('',#6713,1.0);
#6713=DIRECTION('',(-4.984837575E-16,1.0,0.0));
#6714=ORIENTED_EDGE('',*,*,#6715,.T.);
#6715=EDGE_CURVE('NONE',#6708,#6690,#6716,.T.);
#6716=LINE('',#6717,#6718);
#6717=CARTESIAN_POINT('',(-2.54,-1.07,0.4));
#6718=VECTOR('',#6719,1.0);
#6719=DIRECTION('',(-1.0,-3.188829919E-16,0.0));
#6720=FACE_BOUND('NONE',#6721,.T.);
#6721=EDGE_LOOP('',(#6722,#6723,#6724,#6725));
#6722=ORIENTED_EDGE('',*,*,#2958,.F.);
#6723=ORIENTED_EDGE('',*,*,#6675,.F.);
#6724=ORIENTED_EDGE('',*,*,#6650,.F.);
#6725=ORIENTED_EDGE('',*,*,#6625,.F.);
#6726=PLANE('',#6727);
#6727=AXIS2_PLACEMENT_3D('',#6728,#6729,#6730);
#6728=CARTESIAN_POINT('',(-2.54,0.0,0.4));
#6729=DIRECTION('',(0.0,0.0,1.0));
#6730=DIRECTION('',(1.0,0.0,0.0));
#6731=ADVANCED_FACE('NONE',(#6732),#6738,.T.);
#6732=FACE_BOUND('NONE',#6733,.T.);
#6733=EDGE_LOOP('',(#6734,#6735,#6736,#6737));
#6734=ORIENTED_EDGE('',*,*,#3963,.F.);
#6735=ORIENTED_EDGE('',*,*,#3939,.F.);
#6736=ORIENTED_EDGE('',*,*,#3915,.F.);
#6737=ORIENTED_EDGE('',*,*,#3891,.F.);
#6738=PLANE('',#6739);
#6739=AXIS2_PLACEMENT_3D('',#6740,#6741,#6742);
#6740=CARTESIAN_POINT('',(-1.104919411E-16,-3.25,0.0));
#6741=DIRECTION('',(0.0,1.0,0.0));
#6742=DIRECTION('',(0.0,0.0,1.0));
#6743=ADVANCED_FACE('NONE',(#6744),#6750,.T.);
#6744=FACE_BOUND('NONE',#6745,.T.);
#6745=EDGE_LOOP('',(#6746,#6747,#6748,#6749));
#6746=ORIENTED_EDGE('',*,*,#3804,.F.);
#6747=ORIENTED_EDGE('',*,*,#3780,.F.);
#6748=ORIENTED_EDGE('',*,*,#3756,.F.);
#6749=ORIENTED_EDGE('',*,*,#3732,.F.);
#6750=PLANE('',#6751);
#6751=AXIS2_PLACEMENT_3D('',#6752,#6753,#6754);
#6752=CARTESIAN_POINT('',(-1.104919411E-16,-3.25,0.0));
#6753=DIRECTION('',(0.0,1.0,0.0));
#6754=DIRECTION('',(0.0,0.0,1.0));
#6755=ADVANCED_FACE('NONE',(#6756,#6760),#6776,.T.);
#6756=FACE_BOUND('NONE',#6757,.T.);
#6757=EDGE_LOOP('',(#6758,#6759));
#6758=ORIENTED_EDGE('',*,*,#1067,.F.);
#6759=ORIENTED_EDGE('',*,*,#3660,.F.);
#6760=FACE_BOUND('NONE',#6761,.T.);
#6761=EDGE_LOOP('',(#6762,#6763,#6769,#6770));
#6762=ORIENTED_EDGE('',*,*,#3693,.F.);
#6763=ORIENTED_EDGE('',*,*,#6764,.T.);
#6764=EDGE_CURVE('NONE',#3686,#3862,#6765,.T.);
#6765=LINE('',#6766,#6767);
#6766=CARTESIAN_POINT('',(5.31,2.150396825,4.647257038));
#6767=VECTOR('',#6768,1.0);
#6768=DIRECTION('',(-1.0,0.0,0.0));
#6769=ORIENTED_EDGE('',*,*,#3861,.F.);
#6770=ORIENTED_EDGE('',*,*,#6771,.T.);
#6771=EDGE_CURVE('NONE',#3854,#3694,#6772,.T.);
#6772=LINE('',#6773,#6774);
#6773=CARTESIAN_POINT('',(5.31,2.149068217,1.547257323));
#6774=VECTOR('',#6775,1.0);
#6775=DIRECTION('',(1.0,0.0,0.0));
#6776=PLANE('',#6777);
#6777=AXIS2_PLACEMENT_3D('',#6778,#6779,#6780);
#6778=CARTESIAN_POINT('',(0.0,2.148404694,-9.207705962E-04));
#6779=DIRECTION('',(0.0,-0.999999908,4.285833644E-04));
#6780=DIRECTION('',(0.0,-4.285833644E-04,-0.999999908));
#6781=ADVANCED_FACE('NONE',(#6782,#6816),#6822,.T.);
#6782=FACE_BOUND('NONE',#6783,.T.);
#6783=EDGE_LOOP('',(#6784,#6794,#6802,#6810));
#6784=ORIENTED_EDGE('',*,*,#6785,.T.);
#6785=EDGE_CURVE('NONE',#6786,#6788,#6790,.F.);
#6786=VERTEX_POINT('NONE',#6787);
#6787=CARTESIAN_POINT('',(7.03,-2.81,1.549382698));
#6788=VERTEX_POINT('NONE',#6789);
#6789=CARTESIAN_POINT('',(5.67,-2.81,1.549382698));
#6790=LINE('',#6791,#6792);
#6791=CARTESIAN_POINT('',(5.31,-2.81,1.549382698));
#6792=VECTOR('',#6793,1.0);
#6793=DIRECTION('',(1.0,3.188829919E-16,-1.366679581E-19));
#6794=ORIENTED_EDGE('',*,*,#6795,.T.);
#6795=EDGE_CURVE('NONE',#6788,#6796,#6798,.F.);
#6796=VERTEX_POINT('NONE',#6797);
#6797=CARTESIAN_POINT('',(5.67,-1.07,1.548636962));
#6798=LINE('',#6799,#6800);
#6799=CARTESIAN_POINT('',(5.67,-6.983812938,1.551171524));
#6800=VECTOR('',#6801,1.0);
#6801=DIRECTION('',(0.0,-0.999999908,4.285833644E-04));
#6802=ORIENTED_EDGE('',*,*,#6803,.T.);
#6803=EDGE_CURVE('NONE',#6796,#6804,#6806,.F.);
#6804=VERTEX_POINT('NONE',#6805);
#6805=CARTESIAN_POINT('',(7.03,-1.07,1.548636962));
#6806=LINE('',#6807,#6808);
#6807=CARTESIAN_POINT('',(5.31,-1.07,1.548636962));
#6808=VECTOR('',#6809,1.0);
#6809=DIRECTION('',(-1.0,-3.188829919E-16,1.366679581E-19));
#6810=ORIENTED_EDGE('',*,*,#6811,.T.);
#6811=EDGE_CURVE('NONE',#6804,#6786,#6812,.F.);
#6812=LINE('',#6813,#6814);
#6813=CARTESIAN_POINT('',(7.03,-6.983812938,1.551171524));
#6814=VECTOR('',#6815,1.0);
#6815=DIRECTION('',(-4.984837117E-16,0.999999908,-4.285833644E-04));
#6816=FACE_BOUND('NONE',#6817,.T.);
#6817=EDGE_LOOP('',(#6818,#6819,#6820,#6821));
#6818=ORIENTED_EDGE('',*,*,#3701,.F.);
#6819=ORIENTED_EDGE('',*,*,#6771,.F.);
#6820=ORIENTED_EDGE('',*,*,#3853,.F.);
#6821=ORIENTED_EDGE('',*,*,#3991,.F.);
#6822=PLANE('',#6823);
#6823=AXIS2_PLACEMENT_3D('',#6824,#6825,#6826);
#6824=CARTESIAN_POINT('',(5.31,-6.983812938,1.551171524));
#6825=DIRECTION('',(0.0,4.285833644E-04,0.999999908));
#6826=DIRECTION('',(0.0,-0.999999908,4.285833644E-04));
#6827=ADVANCED_FACE('NONE',(#6828,#6862),#6868,.T.);
#6828=FACE_BOUND('NONE',#6829,.T.);
#6829=EDGE_LOOP('',(#6830,#6840,#6848,#6856));
#6830=ORIENTED_EDGE('',*,*,#6831,.T.);
#6831=EDGE_CURVE('NONE',#6832,#6834,#6836,.F.);
#6832=VERTEX_POINT('NONE',#6833);
#6833=CARTESIAN_POINT('',(5.67,-2.81,4.649382982));
#6834=VERTEX_POINT('NONE',#6835);
#6835=CARTESIAN_POINT('',(7.03,-2.81,4.649382982));
#6836=LINE('',#6837,#6838);
#6837=CARTESIAN_POINT('',(5.31,-2.81,4.649382982));
#6838=VECTOR('',#6839,1.0);
#6839=DIRECTION('',(-1.0,-3.188829919E-16,1.366679581E-19));
#6840=ORIENTED_EDGE('',*,*,#6841,.T.);
#6841=EDGE_CURVE('NONE',#6834,#6842,#6844,.F.);
#6842=VERTEX_POINT('NONE',#6843);
#6843=CARTESIAN_POINT('',(7.03,-1.07,4.648637247));
#6844=LINE('',#6845,#6846);
#6845=CARTESIAN_POINT('',(7.03,-6.982484329,4.65117124));
#6846=VECTOR('',#6847,1.0);
#6847=DIRECTION('',(4.984837117E-16,-0.999999908,4.285833644E-04));
#6848=ORIENTED_EDGE('',*,*,#6849,.T.);
#6849=EDGE_CURVE('NONE',#6842,#6850,#6852,.F.);
#6850=VERTEX_POINT('NONE',#6851);
#6851=CARTESIAN_POINT('',(5.67,-1.07,4.648637247));
#6852=LINE('',#6853,#6854);
#6853=CARTESIAN_POINT('',(5.31,-1.07,4.648637247));
#6854=VECTOR('',#6855,1.0);
#6855=DIRECTION('',(1.0,3.188829919E-16,-1.366679581E-19));
#6856=ORIENTED_EDGE('',*,*,#6857,.T.);
#6857=EDGE_CURVE('NONE',#6850,#6832,#6858,.F.);
#6858=LINE('',#6859,#6860);
#6859=CARTESIAN_POINT('',(5.67,-6.982484329,4.65117124));
#6860=VECTOR('',#6861,1.0);
#6861=DIRECTION('',(0.0,0.999999908,-4.285833644E-04));
#6862=FACE_BOUND('NONE',#6863,.T.);
#6863=EDGE_LOOP('',(#6864,#6865,#6866,#6867));
#6864=ORIENTED_EDGE('',*,*,#3869,.F.);
#6865=ORIENTED_EDGE('',*,*,#6764,.F.);
#6866=ORIENTED_EDGE('',*,*,#3685,.F.);
#6867=ORIENTED_EDGE('',*,*,#1471,.F.);
#6868=PLANE('',#6869);
#6869=AXIS2_PLACEMENT_3D('',#6870,#6871,#6872);
#6870=CARTESIAN_POINT('',(5.31,-6.982484329,4.65117124));
#6871=DIRECTION('',(0.0,-4.285833644E-04,-0.999999908));
#6872=DIRECTION('',(0.0,0.999999908,-4.285833644E-04));
#6873=ADVANCED_FACE('NONE',(#6874),#6880,.T.);
#6874=FACE_BOUND('NONE',#6875,.T.);
#6875=EDGE_LOOP('',(#6876,#6877,#6878,#6879));
#6876=ORIENTED_EDGE('',*,*,#4293,.F.);
#6877=ORIENTED_EDGE('',*,*,#4269,.F.);
#6878=ORIENTED_EDGE('',*,*,#4245,.F.);
#6879=ORIENTED_EDGE('',*,*,#4221,.F.);
#6880=PLANE('',#6881);
#6881=AXIS2_PLACEMENT_3D('',#6882,#6883,#6884);
#6882=CARTESIAN_POINT('',(-1.104919411E-16,-3.25,0.0));
#6883=DIRECTION('',(0.0,1.0,0.0));
#6884=DIRECTION('',(0.0,0.0,1.0));
#6885=ADVANCED_FACE('NONE',(#6886),#6892,.T.);
#6886=FACE_BOUND('NONE',#6887,.T.);
#6887=EDGE_LOOP('',(#6888,#6889,#6890,#6891));
#6888=ORIENTED_EDGE('',*,*,#4134,.F.);
#6889=ORIENTED_EDGE('',*,*,#4110,.F.);
#6890=ORIENTED_EDGE('',*,*,#4086,.F.);
#6891=ORIENTED_EDGE('',*,*,#4062,.F.);
#6892=PLANE('',#6893);
#6893=AXIS2_PLACEMENT_3D('',#6894,#6895,#6896);
#6894=CARTESIAN_POINT('',(-1.104919411E-16,-3.25,0.0));
#6895=DIRECTION('',(0.0,1.0,0.0));
#6896=DIRECTION('',(0.0,0.0,1.0));
#6897=ADVANCED_FACE('NONE',(#6898,#6902),#6918,.T.);
#6898=FACE_BOUND('NONE',#6899,.T.);
#6899=EDGE_LOOP('',(#6900,#6901));
#6900=ORIENTED_EDGE('',*,*,#15,.F.);
#6901=ORIENTED_EDGE('',*,*,#6052,.F.);
#6902=FACE_BOUND('NONE',#6903,.T.);
#6903=EDGE_LOOP('',(#6904,#6905,#6911,#6912));
#6904=ORIENTED_EDGE('',*,*,#4023,.F.);
#6905=ORIENTED_EDGE('',*,*,#6906,.T.);
#6906=EDGE_CURVE('NONE',#4016,#4192,#6907,.T.);
#6907=LINE('',#6908,#6909);
#6908=CARTESIAN_POINT('',(-7.39,2.150396825,4.647257038));
#6909=VECTOR('',#6910,1.0);
#6910=DIRECTION('',(-1.0,0.0,0.0));
#6911=ORIENTED_EDGE('',*,*,#4191,.F.);
#6912=ORIENTED_EDGE('',*,*,#6913,.T.);
#6913=EDGE_CURVE('NONE',#4184,#4024,#6914,.T.);
#6914=LINE('',#6915,#6916);
#6915=CARTESIAN_POINT('',(-7.39,2.149068217,1.547257323));
#6916=VECTOR('',#6917,1.0);
#6917=DIRECTION('',(1.0,0.0,0.0));
#6918=PLANE('',#6919);
#6919=AXIS2_PLACEMENT_3D('',#6920,#6921,#6922);
#6920=CARTESIAN_POINT('',(-12.7,2.148404694,-9.207705962E-04));
#6921=DIRECTION('',(0.0,-0.999999908,4.285833644E-04));
#6922=DIRECTION('',(0.0,-4.285833644E-04,-0.999999908));
#6923=ADVANCED_FACE('NONE',(#6924,#6958),#6964,.T.);
#6924=FACE_BOUND('NONE',#6925,.T.);
#6925=EDGE_LOOP('',(#6926,#6936,#6944,#6952));
#6926=ORIENTED_EDGE('',*,*,#6927,.T.);
#6927=EDGE_CURVE('NONE',#6928,#6930,#6932,.F.);
#6928=VERTEX_POINT('NONE',#6929);
#6929=CARTESIAN_POINT('',(-5.67,-2.81,1.549382698));
#6930=VERTEX_POINT('NONE',#6931);
#6931=CARTESIAN_POINT('',(-7.03,-2.81,1.549382698));
#6932=LINE('',#6933,#6934);
#6933=CARTESIAN_POINT('',(-7.39,-2.81,1.549382698));
#6934=VECTOR('',#6935,1.0);
#6935=DIRECTION('',(1.0,3.188829919E-16,-1.366679581E-19));
#6936=ORIENTED_EDGE('',*,*,#6937,.T.);
#6937=EDGE_CURVE('NONE',#6930,#6938,#6940,.F.);
#6938=VERTEX_POINT('NONE',#6939);
#6939=CARTESIAN_POINT('',(-7.03,-1.07,1.548636962));
#6940=LINE('',#6941,#6942);
#6941=CARTESIAN_POINT('',(-7.03,-6.983812938,1.551171524));
#6942=VECTOR('',#6943,1.0);
#6943=DIRECTION('',(0.0,-0.999999908,4.285833644E-04));
#6944=ORIENTED_EDGE('',*,*,#6945,.T.);
#6945=EDGE_CURVE('NONE',#6938,#6946,#6948,.F.);
#6946=VERTEX_POINT('NONE',#6947);
#6947=CARTESIAN_POINT('',(-5.67,-1.07,1.548636962));
#6948=LINE('',#6949,#6950);
#6949=CARTESIAN_POINT('',(-7.39,-1.07,1.548636962));
#6950=VECTOR('',#6951,1.0);
#6951=DIRECTION('',(-1.0,-3.188829919E-16,1.366679581E-19));
#6952=ORIENTED_EDGE('',*,*,#6953,.T.);
#6953=EDGE_CURVE('NONE',#6946,#6928,#6954,.F.);
#6954=LINE('',#6955,#6956);
#6955=CARTESIAN_POINT('',(-5.67,-6.983812938,1.551171524));
#6956=VECTOR('',#6957,1.0);
#6957=DIRECTION('',(-4.984837117E-16,0.999999908,-4.285833644E-04));
#6958=FACE_BOUND('NONE',#6959,.T.);
#6959=EDGE_LOOP('',(#6960,#6961,#6962,#6963));
#6960=ORIENTED_EDGE('',*,*,#4031,.F.);
#6961=ORIENTED_EDGE('',*,*,#6913,.F.);
#6962=ORIENTED_EDGE('',*,*,#4183,.F.);
#6963=ORIENTED_EDGE('',*,*,#4321,.F.);
#6964=PLANE('',#6965);
#6965=AXIS2_PLACEMENT_3D('',#6966,#6967,#6968);
#6966=CARTESIAN_POINT('',(-7.39,-6.983812938,1.551171524));
#6967=DIRECTION('',(0.0,4.285833644E-04,0.999999908));
#6968=DIRECTION('',(0.0,-0.999999908,4.285833644E-04));
#6969=ADVANCED_FACE('NONE',(#6970,#7004),#7010,.T.);
#6970=FACE_BOUND('NONE',#6971,.T.);
#6971=EDGE_LOOP('',(#6972,#6982,#6990,#6998));
#6972=ORIENTED_EDGE('',*,*,#6973,.T.);
#6973=EDGE_CURVE('NONE',#6974,#6976,#6978,.F.);
#6974=VERTEX_POINT('NONE',#6975);
#6975=CARTESIAN_POINT('',(-7.03,-2.81,4.649382982));
#6976=VERTEX_POINT('NONE',#6977);
#6977=CARTESIAN_POINT('',(-5.67,-2.81,4.649382982));
#6978=LINE('',#6979,#6980);
#6979=CARTESIAN_POINT('',(-7.39,-2.81,4.649382982));
#6980=VECTOR('',#6981,1.0);
#6981=DIRECTION('',(-1.0,-3.188829919E-16,1.366679581E-19));
#6982=ORIENTED_EDGE('',*,*,#6983,.T.);
#6983=EDGE_CURVE('NONE',#6976,#6984,#6986,.F.);
#6984=VERTEX_POINT('NONE',#6985);
#6985=CARTESIAN_POINT('',(-5.67,-1.07,4.648637247));
#6986=LINE('',#6987,#6988);
#6987=CARTESIAN_POINT('',(-5.67,-6.982484329,4.65117124));
#6988=VECTOR('',#6989,1.0);
#6989=DIRECTION('',(4.984837117E-16,-0.999999908,4.285833644E-04));
#6990=ORIENTED_EDGE('',*,*,#6991,.T.);
#6991=EDGE_CURVE('NONE',#6984,#6992,#6994,.F.);
#6992=VERTEX_POINT('NONE',#6993);
#6993=CARTESIAN_POINT('',(-7.03,-1.07,4.648637247));
#6994=LINE('',#6995,#6996);
#6995=CARTESIAN_POINT('',(-7.39,-1.07,4.648637247));
#6996=VECTOR('',#6997,1.0);
#6997=DIRECTION('',(1.0,3.188829919E-16,-1.366679581E-19));
#6998=ORIENTED_EDGE('',*,*,#6999,.T.);
#6999=EDGE_CURVE('NONE',#6992,#6974,#7000,.F.);
#7000=LINE('',#7001,#7002);
#7001=CARTESIAN_POINT('',(-7.03,-6.982484329,4.65117124));
#7002=VECTOR('',#7003,1.0);
#7003=DIRECTION('',(0.0,0.999999908,-4.285833644E-04));
#7004=FACE_BOUND('NONE',#7005,.T.);
#7005=EDGE_LOOP('',(#7006,#7007,#7008,#7009));
#7006=ORIENTED_EDGE('',*,*,#4199,.F.);
#7007=ORIENTED_EDGE('',*,*,#6906,.F.);
#7008=ORIENTED_EDGE('',*,*,#4015,.F.);
#7009=ORIENTED_EDGE('',*,*,#1271,.F.);
#7010=PLANE('',#7011);
#7011=AXIS2_PLACEMENT_3D('',#7012,#7013,#7014);
#7012=CARTESIAN_POINT('',(-7.39,-6.982484329,4.65117124));
#7013=DIRECTION('',(0.0,-4.285833644E-04,-0.999999908));
#7014=DIRECTION('',(0.0,0.999999908,-4.285833644E-04));
#7015=ADVANCED_FACE('NONE',(#7016),#7022,.T.);
#7016=FACE_BOUND('NONE',#7017,.T.);
#7017=EDGE_LOOP('',(#7018,#7019,#7020,#7021));
#7018=ORIENTED_EDGE('',*,*,#4623,.F.);
#7019=ORIENTED_EDGE('',*,*,#4599,.F.);
#7020=ORIENTED_EDGE('',*,*,#4575,.F.);
#7021=ORIENTED_EDGE('',*,*,#4551,.F.);
#7022=PLANE('',#7023);
#7023=AXIS2_PLACEMENT_3D('',#7024,#7025,#7026);
#7024=CARTESIAN_POINT('',(-1.104919411E-16,-3.25,0.0));
#7025=DIRECTION('',(0.0,1.0,0.0));
#7026=DIRECTION('',(0.0,0.0,1.0));
#7027=ADVANCED_FACE('NONE',(#7028),#7034,.T.);
#7028=FACE_BOUND('NONE',#7029,.T.);
#7029=EDGE_LOOP('',(#7030,#7031,#7032,#7033));
#7030=ORIENTED_EDGE('',*,*,#4464,.F.);
#7031=ORIENTED_EDGE('',*,*,#4440,.F.);
#7032=ORIENTED_EDGE('',*,*,#4416,.F.);
#7033=ORIENTED_EDGE('',*,*,#4392,.F.);
#7034=PLANE('',#7035);
#7035=AXIS2_PLACEMENT_3D('',#7036,#7037,#7038);
#7036=CARTESIAN_POINT('',(-1.104919411E-16,-3.25,0.0));
#7037=DIRECTION('',(0.0,1.0,0.0));
#7038=DIRECTION('',(0.0,0.0,1.0));
#7039=ADVANCED_FACE('NONE',(#7040,#7044),#7060,.T.);
#7040=FACE_BOUND('NONE',#7041,.T.);
#7041=EDGE_LOOP('',(#7042,#7043));
#7042=ORIENTED_EDGE('',*,*,#291,.F.);
#7043=ORIENTED_EDGE('',*,*,#5904,.F.);
#7044=FACE_BOUND('NONE',#7045,.T.);
#7045=EDGE_LOOP('',(#7046,#7047,#7053,#7054));
#7046=ORIENTED_EDGE('',*,*,#4353,.F.);
#7047=ORIENTED_EDGE('',*,*,#7048,.T.);
#7048=EDGE_CURVE('NONE',#4346,#4522,#7049,.T.);
#7049=LINE('',#7050,#7051);
#7050=CARTESIAN_POINT('',(-4.85,2.150396825,4.647257038));
#7051=VECTOR('',#7052,1.0);
#7052=DIRECTION('',(-1.0,0.0,0.0));
#7053=ORIENTED_EDGE('',*,*,#4521,.F.);
#7054=ORIENTED_EDGE('',*,*,#7055,.T.);
#7055=EDGE_CURVE('NONE',#4514,#4354,#7056,.T.);
#7056=LINE('',#7057,#7058);
#7057=CARTESIAN_POINT('',(-4.85,2.149068217,1.547257323));
#7058=VECTOR('',#7059,1.0);
#7059=DIRECTION('',(1.0,0.0,0.0));
#7060=PLANE('',#7061);
#7061=AXIS2_PLACEMENT_3D('',#7062,#7063,#7064);
#7062=CARTESIAN_POINT('',(-10.16,2.148404694,-9.207705962E-04));
#7063=DIRECTION('',(0.0,-0.999999908,4.285833644E-04));
#7064=DIRECTION('',(0.0,-4.285833644E-04,-0.999999908));
#7065=ADVANCED_FACE('NONE',(#7066,#7100),#7106,.T.);
#7066=FACE_BOUND('NONE',#7067,.T.);
#7067=EDGE_LOOP('',(#7068,#7078,#7086,#7094));
#7068=ORIENTED_EDGE('',*,*,#7069,.T.);
#7069=EDGE_CURVE('NONE',#7070,#7072,#7074,.F.);
#7070=VERTEX_POINT('NONE',#7071);
#7071=CARTESIAN_POINT('',(-3.13,-2.81,1.549382698));
#7072=VERTEX_POINT('NONE',#7073);
#7073=CARTESIAN_POINT('',(-4.49,-2.81,1.549382698));
#7074=LINE('',#7075,#7076);
#7075=CARTESIAN_POINT('',(-4.85,-2.81,1.549382698));
#7076=VECTOR('',#7077,1.0);
#7077=DIRECTION('',(1.0,3.188829919E-16,-1.366679581E-19));
#7078=ORIENTED_EDGE('',*,*,#7079,.T.);
#7079=EDGE_CURVE('NONE',#7072,#7080,#7082,.F.);
#7080=VERTEX_POINT('NONE',#7081);
#7081=CARTESIAN_POINT('',(-4.49,-1.07,1.548636962));
#7082=LINE('',#7083,#7084);
#7083=CARTESIAN_POINT('',(-4.49,-6.983812938,1.551171524));
#7084=VECTOR('',#7085,1.0);
#7085=DIRECTION('',(0.0,-0.999999908,4.285833644E-04));
#7086=ORIENTED_EDGE('',*,*,#7087,.T.);
#7087=EDGE_CURVE('NONE',#7080,#7088,#7090,.F.);
#7088=VERTEX_POINT('NONE',#7089);
#7089=CARTESIAN_POINT('',(-3.13,-1.07,1.548636962));
#7090=LINE('',#7091,#7092);
#7091=CARTESIAN_POINT('',(-4.85,-1.07,1.548636962));
#7092=VECTOR('',#7093,1.0);
#7093=DIRECTION('',(-1.0,-3.188829919E-16,1.366679581E-19));
#7094=ORIENTED_EDGE('',*,*,#7095,.T.);
#7095=EDGE_CURVE('NONE',#7088,#7070,#7096,.F.);
#7096=LINE('',#7097,#7098);
#7097=CARTESIAN_POINT('',(-3.13,-6.983812938,1.551171524));
#7098=VECTOR('',#7099,1.0);
#7099=DIRECTION('',(-4.984837117E-16,0.999999908,-4.285833644E-04));
#7100=FACE_BOUND('NONE',#7101,.T.);
#7101=EDGE_LOOP('',(#7102,#7103,#7104,#7105));
#7102=ORIENTED_EDGE('',*,*,#4361,.F.);
#7103=ORIENTED_EDGE('',*,*,#7055,.F.);
#7104=ORIENTED_EDGE('',*,*,#4513,.F.);
#7105=ORIENTED_EDGE('',*,*,#4651,.F.);
#7106=PLANE('',#7107);
#7107=AXIS2_PLACEMENT_3D('',#7108,#7109,#7110);
#7108=CARTESIAN_POINT('',(-4.85,-6.983812938,1.551171524));
#7109=DIRECTION('',(0.0,4.285833644E-04,0.999999908));
#7110=DIRECTION('',(0.0,-0.999999908,4.285833644E-04));
#7111=ADVANCED_FACE('NONE',(#7112,#7146),#7152,.T.);
#7112=FACE_BOUND('NONE',#7113,.T.);
#7113=EDGE_LOOP('',(#7114,#7124,#7132,#7140));
#7114=ORIENTED_EDGE('',*,*,#7115,.T.);
#7115=EDGE_CURVE('NONE',#7116,#7118,#7120,.F.);
#7116=VERTEX_POINT('NONE',#7117);
#7117=CARTESIAN_POINT('',(-4.49,-2.81,4.649382982));
#7118=VERTEX_POINT('NONE',#7119);
#7119=CARTESIAN_POINT('',(-3.13,-2.81,4.649382982));
#7120=LINE('',#7121,#7122);
#7121=CARTESIAN_POINT('',(-4.85,-2.81,4.649382982));
#7122=VECTOR('',#7123,1.0);
#7123=DIRECTION('',(-1.0,-3.188829919E-16,1.366679581E-19));
#7124=ORIENTED_EDGE('',*,*,#7125,.T.);
#7125=EDGE_CURVE('NONE',#7118,#7126,#7128,.F.);
#7126=VERTEX_POINT('NONE',#7127);
#7127=CARTESIAN_POINT('',(-3.13,-1.07,4.648637247));
#7128=LINE('',#7129,#7130);
#7129=CARTESIAN_POINT('',(-3.13,-6.982484329,4.65117124));
#7130=VECTOR('',#7131,1.0);
#7131=DIRECTION('',(4.984837117E-16,-0.999999908,4.285833644E-04));
#7132=ORIENTED_EDGE('',*,*,#7133,.T.);
#7133=EDGE_CURVE('NONE',#7126,#7134,#7136,.F.);
#7134=VERTEX_POINT('NONE',#7135);
#7135=CARTESIAN_POINT('',(-4.49,-1.07,4.648637247));
#7136=LINE('',#7137,#7138);
#7137=CARTESIAN_POINT('',(-4.85,-1.07,4.648637247));
#7138=VECTOR('',#7139,1.0);
#7139=DIRECTION('',(1.0,3.188829919E-16,-1.366679581E-19));
#7140=ORIENTED_EDGE('',*,*,#7141,.T.);
#7141=EDGE_CURVE('NONE',#7134,#7116,#7142,.F.);
#7142=LINE('',#7143,#7144);
#7143=CARTESIAN_POINT('',(-4.49,-6.982484329,4.65117124));
#7144=VECTOR('',#7145,1.0);
#7145=DIRECTION('',(0.0,0.999999908,-4.285833644E-04));
#7146=FACE_BOUND('NONE',#7147,.T.);
#7147=EDGE_LOOP('',(#7148,#7149,#7150,#7151));
#7148=ORIENTED_EDGE('',*,*,#4529,.F.);
#7149=ORIENTED_EDGE('',*,*,#7048,.F.);
#7150=ORIENTED_EDGE('',*,*,#4345,.F.);
#7151=ORIENTED_EDGE('',*,*,#1311,.F.);
#7152=PLANE('',#7153);
#7153=AXIS2_PLACEMENT_3D('',#7154,#7155,#7156);
#7154=CARTESIAN_POINT('',(-4.85,-6.982484329,4.65117124));
#7155=DIRECTION('',(0.0,-4.285833644E-04,-0.999999908));
#7156=DIRECTION('',(0.0,0.999999908,-4.285833644E-04));
#7157=ADVANCED_FACE('NONE',(#7158),#7164,.T.);
#7158=FACE_BOUND('NONE',#7159,.T.);
#7159=EDGE_LOOP('',(#7160,#7161,#7162,#7163));
#7160=ORIENTED_EDGE('',*,*,#4953,.F.);
#7161=ORIENTED_EDGE('',*,*,#4929,.F.);
#7162=ORIENTED_EDGE('',*,*,#4905,.F.);
#7163=ORIENTED_EDGE('',*,*,#4881,.F.);
#7164=PLANE('',#7165);
#7165=AXIS2_PLACEMENT_3D('',#7166,#7167,#7168);
#7166=CARTESIAN_POINT('',(-1.104919411E-16,-3.25,0.0));
#7167=DIRECTION('',(0.0,1.0,0.0));
#7168=DIRECTION('',(0.0,0.0,1.0));
#7169=ADVANCED_FACE('NONE',(#7170),#7176,.T.);
#7170=FACE_BOUND('NONE',#7171,.T.);
#7171=EDGE_LOOP('',(#7172,#7173,#7174,#7175));
#7172=ORIENTED_EDGE('',*,*,#4794,.F.);
#7173=ORIENTED_EDGE('',*,*,#4770,.F.);
#7174=ORIENTED_EDGE('',*,*,#4746,.F.);
#7175=ORIENTED_EDGE('',*,*,#4722,.F.);
#7176=PLANE('',#7177);
#7177=AXIS2_PLACEMENT_3D('',#7178,#7179,#7180);
#7178=CARTESIAN_POINT('',(-1.104919411E-16,-3.25,0.0));
#7179=DIRECTION('',(0.0,1.0,0.0));
#7180=DIRECTION('',(0.0,0.0,1.0));
#7181=ADVANCED_FACE('NONE',(#7182,#7186),#7202,.T.);
#7182=FACE_BOUND('NONE',#7183,.T.);
#7183=EDGE_LOOP('',(#7184,#7185));
#7184=ORIENTED_EDGE('',*,*,#485,.F.);
#7185=ORIENTED_EDGE('',*,*,#5838,.F.);
#7186=FACE_BOUND('NONE',#7187,.T.);
#7187=EDGE_LOOP('',(#7188,#7189,#7195,#7196));
#7188=ORIENTED_EDGE('',*,*,#4683,.F.);
#7189=ORIENTED_EDGE('',*,*,#7190,.T.);
#7190=EDGE_CURVE('NONE',#4676,#4852,#7191,.T.);
#7191=LINE('',#7192,#7193);
#7192=CARTESIAN_POINT('',(-2.31,2.150396825,4.647257038));
#7193=VECTOR('',#7194,1.0);
#7194=DIRECTION('',(-1.0,0.0,0.0));
#7195=ORIENTED_EDGE('',*,*,#4851,.F.);
#7196=ORIENTED_EDGE('',*,*,#7197,.T.);
#7197=EDGE_CURVE('NONE',#4844,#4684,#7198,.T.);
#7198=LINE('',#7199,#7200);
#7199=CARTESIAN_POINT('',(-2.31,2.149068217,1.547257323));
#7200=VECTOR('',#7201,1.0);
#7201=DIRECTION('',(1.0,0.0,0.0));
#7202=PLANE('',#7203);
#7203=AXIS2_PLACEMENT_3D('',#7204,#7205,#7206);
#7204=CARTESIAN_POINT('',(-7.62,2.148404694,-9.207705962E-04));
#7205=DIRECTION('',(0.0,-0.999999908,4.285833644E-04));
#7206=DIRECTION('',(0.0,-4.285833644E-04,-0.999999908));
#7207=ADVANCED_FACE('NONE',(#7208,#7242),#7248,.T.);
#7208=FACE_BOUND('NONE',#7209,.T.);
#7209=EDGE_LOOP('',(#7210,#7220,#7228,#7236));
#7210=ORIENTED_EDGE('',*,*,#7211,.T.);
#7211=EDGE_CURVE('NONE',#7212,#7214,#7216,.F.);
#7212=VERTEX_POINT('NONE',#7213);
#7213=CARTESIAN_POINT('',(-0.59,-2.81,1.549382698));
#7214=VERTEX_POINT('NONE',#7215);
#7215=CARTESIAN_POINT('',(-1.95,-2.81,1.549382698));
#7216=LINE('',#7217,#7218);
#7217=CARTESIAN_POINT('',(-2.31,-2.81,1.549382698));
#7218=VECTOR('',#7219,1.0);
#7219=DIRECTION('',(1.0,3.188829919E-16,-1.366679581E-19));
#7220=ORIENTED_EDGE('',*,*,#7221,.T.);
#7221=EDGE_CURVE('NONE',#7214,#7222,#7224,.F.);
#7222=VERTEX_POINT('NONE',#7223);
#7223=CARTESIAN_POINT('',(-1.95,-1.07,1.548636962));
#7224=LINE('',#7225,#7226);
#7225=CARTESIAN_POINT('',(-1.95,-6.983812938,1.551171524));
#7226=VECTOR('',#7227,1.0);
#7227=DIRECTION('',(0.0,-0.999999908,4.285833644E-04));
#7228=ORIENTED_EDGE('',*,*,#7229,.T.);
#7229=EDGE_CURVE('NONE',#7222,#7230,#7232,.F.);
#7230=VERTEX_POINT('NONE',#7231);
#7231=CARTESIAN_POINT('',(-0.59,-1.07,1.548636962));
#7232=LINE('',#7233,#7234);
#7233=CARTESIAN_POINT('',(-2.31,-1.07,1.548636962));
#7234=VECTOR('',#7235,1.0);
#7235=DIRECTION('',(-1.0,-3.188829919E-16,1.366679581E-19));
#7236=ORIENTED_EDGE('',*,*,#7237,.T.);
#7237=EDGE_CURVE('NONE',#7230,#7212,#7238,.F.);
#7238=LINE('',#7239,#7240);
#7239=CARTESIAN_POINT('',(-0.59,-6.983812938,1.551171524));
#7240=VECTOR('',#7241,1.0);
#7241=DIRECTION('',(-4.984837117E-16,0.999999908,-4.285833644E-04));
#7242=FACE_BOUND('NONE',#7243,.T.);
#7243=EDGE_LOOP('',(#7244,#7245,#7246,#7247));
#7244=ORIENTED_EDGE('',*,*,#4691,.F.);
#7245=ORIENTED_EDGE('',*,*,#7197,.F.);
#7246=ORIENTED_EDGE('',*,*,#4843,.F.);
#7247=ORIENTED_EDGE('',*,*,#4981,.F.);
#7248=PLANE('',#7249);
#7249=AXIS2_PLACEMENT_3D('',#7250,#7251,#7252);
#7250=CARTESIAN_POINT('',(-2.31,-6.983812938,1.551171524));
#7251=DIRECTION('',(0.0,4.285833644E-04,0.999999908));
#7252=DIRECTION('',(0.0,-0.999999908,4.285833644E-04));
#7253=ADVANCED_FACE('NONE',(#7254,#7288),#7294,.T.);
#7254=FACE_BOUND('NONE',#7255,.T.);
#7255=EDGE_LOOP('',(#7256,#7266,#7274,#7282));
#7256=ORIENTED_EDGE('',*,*,#7257,.T.);
#7257=EDGE_CURVE('NONE',#7258,#7260,#7262,.F.);
#7258=VERTEX_POINT('NONE',#7259);
#7259=CARTESIAN_POINT('',(-1.95,-2.81,4.649382982));
#7260=VERTEX_POINT('NONE',#7261);
#7261=CARTESIAN_POINT('',(-0.59,-2.81,4.649382982));
#7262=LINE('',#7263,#7264);
#7263=CARTESIAN_POINT('',(-2.31,-2.81,4.649382982));
#7264=VECTOR('',#7265,1.0);
#7265=DIRECTION('',(-1.0,-3.188829919E-16,1.366679581E-19));
#7266=ORIENTED_EDGE('',*,*,#7267,.T.);
#7267=EDGE_CURVE('NONE',#7260,#7268,#7270,.F.);
#7268=VERTEX_POINT('NONE',#7269);
#7269=CARTESIAN_POINT('',(-0.59,-1.07,4.648637247));
#7270=LINE('',#7271,#7272);
#7271=CARTESIAN_POINT('',(-0.59,-6.982484329,4.65117124));
#7272=VECTOR('',#7273,1.0);
#7273=DIRECTION('',(4.984837117E-16,-0.999999908,4.285833644E-04));
#7274=ORIENTED_EDGE('',*,*,#7275,.T.);
#7275=EDGE_CURVE('NONE',#7268,#7276,#7278,.F.);
#7276=VERTEX_POINT('NONE',#7277);
#7277=CARTESIAN_POINT('',(-1.95,-1.07,4.648637247));
#7278=LINE('',#7279,#7280);
#7279=CARTESIAN_POINT('',(-2.31,-1.07,4.648637247));
#7280=VECTOR('',#7281,1.0);
#7281=DIRECTION('',(1.0,3.188829919E-16,-1.366679581E-19));
#7282=ORIENTED_EDGE('',*,*,#7283,.T.);
#7283=EDGE_CURVE('NONE',#7276,#7258,#7284,.F.);
#7284=LINE('',#7285,#7286);
#7285=CARTESIAN_POINT('',(-1.95,-6.982484329,4.65117124));
#7286=VECTOR('',#7287,1.0);
#7287=DIRECTION('',(0.0,0.999999908,-4.285833644E-04));
#7288=FACE_BOUND('NONE',#7289,.T.);
#7289=EDGE_LOOP('',(#7290,#7291,#7292,#7293));
#7290=ORIENTED_EDGE('',*,*,#4859,.F.);
#7291=ORIENTED_EDGE('',*,*,#7190,.F.);
#7292=ORIENTED_EDGE('',*,*,#4675,.F.);
#7293=ORIENTED_EDGE('',*,*,#1351,.F.);
#7294=PLANE('',#7295);
#7295=AXIS2_PLACEMENT_3D('',#7296,#7297,#7298);
#7296=CARTESIAN_POINT('',(-2.31,-6.982484329,4.65117124));
#7297=DIRECTION('',(0.0,-4.285833644E-04,-0.999999908));
#7298=DIRECTION('',(0.0,0.999999908,-4.285833644E-04));
#7299=ADVANCED_FACE('NONE',(#7300),#7306,.T.);
#7300=FACE_BOUND('NONE',#7301,.T.);
#7301=EDGE_LOOP('',(#7302,#7303,#7304,#7305));
#7302=ORIENTED_EDGE('',*,*,#5283,.F.);
#7303=ORIENTED_EDGE('',*,*,#5259,.F.);
#7304=ORIENTED_EDGE('',*,*,#5235,.F.);
#7305=ORIENTED_EDGE('',*,*,#5211,.F.);
#7306=PLANE('',#7307);
#7307=AXIS2_PLACEMENT_3D('',#7308,#7309,#7310);
#7308=CARTESIAN_POINT('',(-1.104919411E-16,-3.25,0.0));
#7309=DIRECTION('',(0.0,1.0,0.0));
#7310=DIRECTION('',(0.0,0.0,1.0));
#7311=ADVANCED_FACE('NONE',(#7312),#7318,.T.);
#7312=FACE_BOUND('NONE',#7313,.T.);
#7313=EDGE_LOOP('',(#7314,#7315,#7316,#7317));
#7314=ORIENTED_EDGE('',*,*,#5124,.F.);
#7315=ORIENTED_EDGE('',*,*,#5100,.F.);
#7316=ORIENTED_EDGE('',*,*,#5076,.F.);
#7317=ORIENTED_EDGE('',*,*,#5052,.F.);
#7318=PLANE('',#7319);
#7319=AXIS2_PLACEMENT_3D('',#7320,#7321,#7322);
#7320=CARTESIAN_POINT('',(-1.104919411E-16,-3.25,0.0));
#7321=DIRECTION('',(0.0,1.0,0.0));
#7322=DIRECTION('',(0.0,0.0,1.0));
#7323=ADVANCED_FACE('NONE',(#7324,#7328),#7344,.T.);
#7324=FACE_BOUND('NONE',#7325,.T.);
#7325=EDGE_LOOP('',(#7326,#7327));
#7326=ORIENTED_EDGE('',*,*,#679,.F.);
#7327=ORIENTED_EDGE('',*,*,#5772,.F.);
#7328=FACE_BOUND('NONE',#7329,.T.);
#7329=EDGE_LOOP('',(#7330,#7331,#7337,#7338));
#7330=ORIENTED_EDGE('',*,*,#5013,.F.);
#7331=ORIENTED_EDGE('',*,*,#7332,.T.);
#7332=EDGE_CURVE('NONE',#5006,#5182,#7333,.T.);
#7333=LINE('',#7334,#7335);
#7334=CARTESIAN_POINT('',(0.23,2.150396825,4.647257038));
#7335=VECTOR('',#7336,1.0);
#7336=DIRECTION('',(-1.0,0.0,0.0));
#7337=ORIENTED_EDGE('',*,*,#5181,.F.);
#7338=ORIENTED_EDGE('',*,*,#7339,.T.);
#7339=EDGE_CURVE('NONE',#5174,#5014,#7340,.T.);
#7340=LINE('',#7341,#7342);
#7341=CARTESIAN_POINT('',(0.23,2.149068217,1.547257323));
#7342=VECTOR('',#7343,1.0);
#7343=DIRECTION('',(1.0,0.0,0.0));
#7344=PLANE('',#7345);
#7345=AXIS2_PLACEMENT_3D('',#7346,#7347,#7348);
#7346=CARTESIAN_POINT('',(-5.08,2.148404694,-9.207705962E-04));
#7347=DIRECTION('',(0.0,-0.999999908,4.285833644E-04));
#7348=DIRECTION('',(0.0,-4.285833644E-04,-0.999999908));
#7349=ADVANCED_FACE('NONE',(#7350,#7384),#7390,.T.);
#7350=FACE_BOUND('NONE',#7351,.T.);
#7351=EDGE_LOOP('',(#7352,#7362,#7370,#7378));
#7352=ORIENTED_EDGE('',*,*,#7353,.T.);
#7353=EDGE_CURVE('NONE',#7354,#7356,#7358,.F.);
#7354=VERTEX_POINT('NONE',#7355);
#7355=CARTESIAN_POINT('',(1.95,-2.81,1.549382698));
#7356=VERTEX_POINT('NONE',#7357);
#7357=CARTESIAN_POINT('',(0.59,-2.81,1.549382698));
#7358=LINE('',#7359,#7360);
#7359=CARTESIAN_POINT('',(0.23,-2.81,1.549382698));
#7360=VECTOR('',#7361,1.0);
#7361=DIRECTION('',(1.0,3.188829919E-16,-1.366679581E-19));
#7362=ORIENTED_EDGE('',*,*,#7363,.T.);
#7363=EDGE_CURVE('NONE',#7356,#7364,#7366,.F.);
#7364=VERTEX_POINT('NONE',#7365);
#7365=CARTESIAN_POINT('',(0.59,-1.07,1.548636962));
#7366=LINE('',#7367,#7368);
#7367=CARTESIAN_POINT('',(0.59,-6.983812938,1.551171524));
#7368=VECTOR('',#7369,1.0);
#7369=DIRECTION('',(0.0,-0.999999908,4.285833644E-04));
#7370=ORIENTED_EDGE('',*,*,#7371,.T.);
#7371=EDGE_CURVE('NONE',#7364,#7372,#7374,.F.);
#7372=VERTEX_POINT('NONE',#7373);
#7373=CARTESIAN_POINT('',(1.95,-1.07,1.548636962));
#7374=LINE('',#7375,#7376);
#7375=CARTESIAN_POINT('',(0.23,-1.07,1.548636962));
#7376=VECTOR('',#7377,1.0);
#7377=DIRECTION('',(-1.0,-3.188829919E-16,1.366679581E-19));
#7378=ORIENTED_EDGE('',*,*,#7379,.T.);
#7379=EDGE_CURVE('NONE',#7372,#7354,#7380,.F.);
#7380=LINE('',#7381,#7382);
#7381=CARTESIAN_POINT('',(1.95,-6.983812938,1.551171524));
#7382=VECTOR('',#7383,1.0);
#7383=DIRECTION('',(-4.984837117E-16,0.999999908,-4.285833644E-04));
#7384=FACE_BOUND('NONE',#7385,.T.);
#7385=EDGE_LOOP('',(#7386,#7387,#7388,#7389));
#7386=ORIENTED_EDGE('',*,*,#5021,.F.);
#7387=ORIENTED_EDGE('',*,*,#7339,.F.);
#7388=ORIENTED_EDGE('',*,*,#5173,.F.);
#7389=ORIENTED_EDGE('',*,*,#5311,.F.);
#7390=PLANE('',#7391);
#7391=AXIS2_PLACEMENT_3D('',#7392,#7393,#7394);
#7392=CARTESIAN_POINT('',(0.23,-6.983812938,1.551171524));
#7393=DIRECTION('',(0.0,4.285833644E-04,0.999999908));
#7394=DIRECTION('',(0.0,-0.999999908,4.285833644E-04));
#7395=ADVANCED_FACE('NONE',(#7396,#7430),#7436,.T.);
#7396=FACE_BOUND('NONE',#7397,.T.);
#7397=EDGE_LOOP('',(#7398,#7408,#7416,#7424));
#7398=ORIENTED_EDGE('',*,*,#7399,.T.);
#7399=EDGE_CURVE('NONE',#7400,#7402,#7404,.F.);
#7400=VERTEX_POINT('NONE',#7401);
#7401=CARTESIAN_POINT('',(0.59,-2.81,4.649382982));
#7402=VERTEX_POINT('NONE',#7403);
#7403=CARTESIAN_POINT('',(1.95,-2.81,4.649382982));
#7404=LINE('',#7405,#7406);
#7405=CARTESIAN_POINT('',(0.23,-2.81,4.649382982));
#7406=VECTOR('',#7407,1.0);
#7407=DIRECTION('',(-1.0,-3.188829919E-16,1.366679581E-19));
#7408=ORIENTED_EDGE('',*,*,#7409,.T.);
#7409=EDGE_CURVE('NONE',#7402,#7410,#7412,.F.);
#7410=VERTEX_POINT('NONE',#7411);
#7411=CARTESIAN_POINT('',(1.95,-1.07,4.648637247));
#7412=LINE('',#7413,#7414);
#7413=CARTESIAN_POINT('',(1.95,-6.982484329,4.65117124));
#7414=VECTOR('',#7415,1.0);
#7415=DIRECTION('',(4.984837117E-16,-0.999999908,4.285833644E-04));
#7416=ORIENTED_EDGE('',*,*,#7417,.T.);
#7417=EDGE_CURVE('NONE',#7410,#7418,#7420,.F.);
#7418=VERTEX_POINT('NONE',#7419);
#7419=CARTESIAN_POINT('',(0.59,-1.07,4.648637247));
#7420=LINE('',#7421,#7422);
#7421=CARTESIAN_POINT('',(0.23,-1.07,4.648637247));
#7422=VECTOR('',#7423,1.0);
#7423=DIRECTION('',(1.0,3.188829919E-16,-1.366679581E-19));
#7424=ORIENTED_EDGE('',*,*,#7425,.T.);
#7425=EDGE_CURVE('NONE',#7418,#7400,#7426,.F.);
#7426=LINE('',#7427,#7428);
#7427=CARTESIAN_POINT('',(0.59,-6.982484329,4.65117124));
#7428=VECTOR('',#7429,1.0);
#7429=DIRECTION('',(0.0,0.999999908,-4.285833644E-04));
#7430=FACE_BOUND('NONE',#7431,.T.);
#7431=EDGE_LOOP('',(#7432,#7433,#7434,#7435));
#7432=ORIENTED_EDGE('',*,*,#5189,.F.);
#7433=ORIENTED_EDGE('',*,*,#7332,.F.);
#7434=ORIENTED_EDGE('',*,*,#5005,.F.);
#7435=ORIENTED_EDGE('',*,*,#1391,.F.);
#7436=PLANE('',#7437);
#7437=AXIS2_PLACEMENT_3D('',#7438,#7439,#7440);
#7438=CARTESIAN_POINT('',(0.23,-6.982484329,4.65117124));
#7439=DIRECTION('',(0.0,-4.285833644E-04,-0.999999908));
#7440=DIRECTION('',(0.0,0.999999908,-4.285833644E-04));
#7441=ADVANCED_FACE('NONE',(#7442),#7448,.T.);
#7442=FACE_BOUND('NONE',#7443,.T.);
#7443=EDGE_LOOP('',(#7444,#7445,#7446,#7447));
#7444=ORIENTED_EDGE('',*,*,#5613,.F.);
#7445=ORIENTED_EDGE('',*,*,#5589,.F.);
#7446=ORIENTED_EDGE('',*,*,#5565,.F.);
#7447=ORIENTED_EDGE('',*,*,#5541,.F.);
#7448=PLANE('',#7449);
#7449=AXIS2_PLACEMENT_3D('',#7450,#7451,#7452);
#7450=CARTESIAN_POINT('',(-1.104919411E-16,-3.25,0.0));
#7451=DIRECTION('',(0.0,1.0,0.0));
#7452=DIRECTION('',(0.0,0.0,1.0));
#7453=ADVANCED_FACE('NONE',(#7454),#7460,.T.);
#7454=FACE_BOUND('NONE',#7455,.T.);
#7455=EDGE_LOOP('',(#7456,#7457,#7458,#7459));
#7456=ORIENTED_EDGE('',*,*,#5454,.F.);
#7457=ORIENTED_EDGE('',*,*,#5430,.F.);
#7458=ORIENTED_EDGE('',*,*,#5406,.F.);
#7459=ORIENTED_EDGE('',*,*,#5382,.F.);
#7460=PLANE('',#7461);
#7461=AXIS2_PLACEMENT_3D('',#7462,#7463,#7464);
#7462=CARTESIAN_POINT('',(-1.104919411E-16,-3.25,0.0));
#7463=DIRECTION('',(0.0,1.0,0.0));
#7464=DIRECTION('',(0.0,0.0,1.0));
#7465=ADVANCED_FACE('NONE',(#7466,#7470),#7486,.T.);
#7466=FACE_BOUND('NONE',#7467,.T.);
#7467=EDGE_LOOP('',(#7468,#7469));
#7468=ORIENTED_EDGE('',*,*,#873,.F.);
#7469=ORIENTED_EDGE('',*,*,#5706,.F.);
#7470=FACE_BOUND('NONE',#7471,.T.);
#7471=EDGE_LOOP('',(#7472,#7473,#7479,#7480));
#7472=ORIENTED_EDGE('',*,*,#5343,.F.);
#7473=ORIENTED_EDGE('',*,*,#7474,.T.);
#7474=EDGE_CURVE('NONE',#5336,#5512,#7475,.T.);
#7475=LINE('',#7476,#7477);
#7476=CARTESIAN_POINT('',(2.77,2.150396825,4.647257038));
#7477=VECTOR('',#7478,1.0);
#7478=DIRECTION('',(-1.0,0.0,0.0));
#7479=ORIENTED_EDGE('',*,*,#5511,.F.);
#7480=ORIENTED_EDGE('',*,*,#7481,.T.);
#7481=EDGE_CURVE('NONE',#5504,#5344,#7482,.T.);
#7482=LINE('',#7483,#7484);
#7483=CARTESIAN_POINT('',(2.77,2.149068217,1.547257323));
#7484=VECTOR('',#7485,1.0);
#7485=DIRECTION('',(1.0,0.0,0.0));
#7486=PLANE('',#7487);
#7487=AXIS2_PLACEMENT_3D('',#7488,#7489,#7490);
#7488=CARTESIAN_POINT('',(-2.54,2.148404694,-9.207705962E-04));
#7489=DIRECTION('',(0.0,-0.999999908,4.285833644E-04));
#7490=DIRECTION('',(0.0,-4.285833644E-04,-0.999999908));
#7491=ADVANCED_FACE('NONE',(#7492,#7526),#7532,.T.);
#7492=FACE_BOUND('NONE',#7493,.T.);
#7493=EDGE_LOOP('',(#7494,#7504,#7512,#7520));
#7494=ORIENTED_EDGE('',*,*,#7495,.T.);
#7495=EDGE_CURVE('NONE',#7496,#7498,#7500,.F.);
#7496=VERTEX_POINT('NONE',#7497);
#7497=CARTESIAN_POINT('',(4.49,-2.81,1.549382698));
#7498=VERTEX_POINT('NONE',#7499);
#7499=CARTESIAN_POINT('',(3.13,-2.81,1.549382698));
#7500=LINE('',#7501,#7502);
#7501=CARTESIAN_POINT('',(2.77,-2.81,1.549382698));
#7502=VECTOR('',#7503,1.0);
#7503=DIRECTION('',(1.0,3.188829919E-16,-1.366679581E-19));
#7504=ORIENTED_EDGE('',*,*,#7505,.T.);
#7505=EDGE_CURVE('NONE',#7498,#7506,#7508,.F.);
#7506=VERTEX_POINT('NONE',#7507);
#7507=CARTESIAN_POINT('',(3.13,-1.07,1.548636962));
#7508=LINE('',#7509,#7510);
#7509=CARTESIAN_POINT('',(3.13,-6.983812938,1.551171524));
#7510=VECTOR('',#7511,1.0);
#7511=DIRECTION('',(0.0,-0.999999908,4.285833644E-04));
#7512=ORIENTED_EDGE('',*,*,#7513,.T.);
#7513=EDGE_CURVE('NONE',#7506,#7514,#7516,.F.);
#7514=VERTEX_POINT('NONE',#7515);
#7515=CARTESIAN_POINT('',(4.49,-1.07,1.548636962));
#7516=LINE('',#7517,#7518);
#7517=CARTESIAN_POINT('',(2.77,-1.07,1.548636962));
#7518=VECTOR('',#7519,1.0);
#7519=DIRECTION('',(-1.0,-3.188829919E-16,1.366679581E-19));
#7520=ORIENTED_EDGE('',*,*,#7521,.T.);
#7521=EDGE_CURVE('NONE',#7514,#7496,#7522,.F.);
#7522=LINE('',#7523,#7524);
#7523=CARTESIAN_POINT('',(4.49,-6.983812938,1.551171524));
#7524=VECTOR('',#7525,1.0);
#7525=DIRECTION('',(-4.984837117E-16,0.999999908,-4.285833644E-04));
#7526=FACE_BOUND('NONE',#7527,.T.);
#7527=EDGE_LOOP('',(#7528,#7529,#7530,#7531));
#7528=ORIENTED_EDGE('',*,*,#5351,.F.);
#7529=ORIENTED_EDGE('',*,*,#7481,.F.);
#7530=ORIENTED_EDGE('',*,*,#5503,.F.);
#7531=ORIENTED_EDGE('',*,*,#5641,.F.);
#7532=PLANE('',#7533);
#7533=AXIS2_PLACEMENT_3D('',#7534,#7535,#7536);
#7534=CARTESIAN_POINT('',(2.77,-6.983812938,1.551171524));
#7535=DIRECTION('',(0.0,4.285833644E-04,0.999999908));
#7536=DIRECTION('',(0.0,-0.999999908,4.285833644E-04));
#7537=ADVANCED_FACE('NONE',(#7538,#7572),#7578,.T.);
#7538=FACE_BOUND('NONE',#7539,.T.);
#7539=EDGE_LOOP('',(#7540,#7550,#7558,#7566));
#7540=ORIENTED_EDGE('',*,*,#7541,.T.);
#7541=EDGE_CURVE('NONE',#7542,#7544,#7546,.F.);
#7542=VERTEX_POINT('NONE',#7543);
#7543=CARTESIAN_POINT('',(3.13,-2.81,4.649382982));
#7544=VERTEX_POINT('NONE',#7545);
#7545=CARTESIAN_POINT('',(4.49,-2.81,4.649382982));
#7546=LINE('',#7547,#7548);
#7547=CARTESIAN_POINT('',(2.77,-2.81,4.649382982));
#7548=VECTOR('',#7549,1.0);
#7549=DIRECTION('',(-1.0,-3.188829919E-16,1.366679581E-19));
#7550=ORIENTED_EDGE('',*,*,#7551,.T.);
#7551=EDGE_CURVE('NONE',#7544,#7552,#7554,.F.);
#7552=VERTEX_POINT('NONE',#7553);
#7553=CARTESIAN_POINT('',(4.49,-1.07,4.648637247));
#7554=LINE('',#7555,#7556);
#7555=CARTESIAN_POINT('',(4.49,-6.982484329,4.65117124));
#7556=VECTOR('',#7557,1.0);
#7557=DIRECTION('',(4.984837117E-16,-0.999999908,4.285833644E-04));
#7558=ORIENTED_EDGE('',*,*,#7559,.T.);
#7559=EDGE_CURVE('NONE',#7552,#7560,#7562,.F.);
#7560=VERTEX_POINT('NONE',#7561);
#7561=CARTESIAN_POINT('',(3.13,-1.07,4.648637247));
#7562=LINE('',#7563,#7564);
#7563=CARTESIAN_POINT('',(2.77,-1.07,4.648637247));
#7564=VECTOR('',#7565,1.0);
#7565=DIRECTION('',(1.0,3.188829919E-16,-1.366679581E-19));
#7566=ORIENTED_EDGE('',*,*,#7567,.T.);
#7567=EDGE_CURVE('NONE',#7560,#7542,#7568,.F.);
#7568=LINE('',#7569,#7570);
#7569=CARTESIAN_POINT('',(3.13,-6.982484329,4.65117124));
#7570=VECTOR('',#7571,1.0);
#7571=DIRECTION('',(0.0,0.999999908,-4.285833644E-04));
#7572=FACE_BOUND('NONE',#7573,.T.);
#7573=EDGE_LOOP('',(#7574,#7575,#7576,#7577));
#7574=ORIENTED_EDGE('',*,*,#5519,.F.);
#7575=ORIENTED_EDGE('',*,*,#7474,.F.);
#7576=ORIENTED_EDGE('',*,*,#5335,.F.);
#7577=ORIENTED_EDGE('',*,*,#1431,.F.);
#7578=PLANE('',#7579);
#7579=AXIS2_PLACEMENT_3D('',#7580,#7581,#7582);
#7580=CARTESIAN_POINT('',(2.77,-6.982484329,4.65117124));
#7581=DIRECTION('',(0.0,-4.285833644E-04,-0.999999908));
#7582=DIRECTION('',(0.0,0.999999908,-4.285833644E-04));
#7583=ADVANCED_FACE('NONE',(#7584),#7600,.F.);
#7584=FACE_BOUND('NONE',#7585,.T.);
#7585=EDGE_LOOP('',(#7586,#7587,#7593,#7594));
#7586=ORIENTED_EDGE('',*,*,#7551,.F.);
#7587=ORIENTED_EDGE('',*,*,#7588,.T.);
#7588=EDGE_CURVE('NONE',#7544,#3420,#7589,.T.);
#7589=LINE('',#7590,#7591);
#7590=CARTESIAN_POINT('',(4.49,-2.81,-0.6));
#7591=VECTOR('',#7592,1.0);
#7592=DIRECTION('',(0.0,0.0,1.0));
#7593=ORIENTED_EDGE('',*,*,#3436,.F.);
#7594=ORIENTED_EDGE('',*,*,#7595,.T.);
#7595=EDGE_CURVE('NONE',#3429,#7552,#7596,.F.);
#7596=LINE('',#7597,#7598);
#7597=CARTESIAN_POINT('',(4.49,-1.07,-0.6));
#7598=VECTOR('',#7599,1.0);
#7599=DIRECTION('',(0.0,0.0,1.0));
#7600=PLANE('',#7601);
#7601=AXIS2_PLACEMENT_3D('',#7602,#7603,#7604);
#7602=CARTESIAN_POINT('',(4.49,-2.81,-0.6));
#7603=DIRECTION('',(1.0,4.984837575E-16,0.0));
#7604=DIRECTION('',(-4.984837575E-16,1.0,0.0));
#7605=ADVANCED_FACE('NONE',(#7606),#7617,.F.);
#7606=FACE_BOUND('NONE',#7607,.T.);
#7607=EDGE_LOOP('',(#7608,#7609,#7610,#7611));
#7608=ORIENTED_EDGE('',*,*,#7559,.F.);
#7609=ORIENTED_EDGE('',*,*,#7595,.F.);
#7610=ORIENTED_EDGE('',*,*,#3460,.F.);
#7611=ORIENTED_EDGE('',*,*,#7612,.T.);
#7612=EDGE_CURVE('NONE',#3453,#7560,#7613,.F.);
#7613=LINE('',#7614,#7615);
#7614=CARTESIAN_POINT('',(3.13,-1.07,-0.6));
#7615=VECTOR('',#7616,1.0);
#7616=DIRECTION('',(0.0,0.0,1.0));
#7617=PLANE('',#7618);
#7618=AXIS2_PLACEMENT_3D('',#7619,#7620,#7621);
#7619=CARTESIAN_POINT('',(4.49,-1.07,-0.6));
#7620=DIRECTION('',(-3.188829919E-16,1.0,0.0));
#7621=DIRECTION('',(-1.0,-3.188829919E-16,0.0));
#7622=ADVANCED_FACE('NONE',(#7623),#7634,.F.);
#7623=FACE_BOUND('NONE',#7624,.T.);
#7624=EDGE_LOOP('',(#7625,#7626,#7627,#7628));
#7625=ORIENTED_EDGE('',*,*,#7567,.F.);
#7626=ORIENTED_EDGE('',*,*,#7612,.F.);
#7627=ORIENTED_EDGE('',*,*,#3501,.F.);
#7628=ORIENTED_EDGE('',*,*,#7629,.T.);
#7629=EDGE_CURVE('NONE',#3475,#7542,#7630,.F.);
#7630=LINE('',#7631,#7632);
#7631=CARTESIAN_POINT('',(3.13,-2.81,-0.6));
#7632=VECTOR('',#7633,1.0);
#7633=DIRECTION('',(0.0,0.0,1.0));
#7634=PLANE('',#7635);
#7635=AXIS2_PLACEMENT_3D('',#7636,#7637,#7638);
#7636=CARTESIAN_POINT('',(3.13,-1.07,-0.6));
#7637=DIRECTION('',(-1.0,0.0,0.0));
#7638=DIRECTION('',(0.0,0.0,1.0));
#7639=ADVANCED_FACE('NONE',(#7640),#7646,.F.);
#7640=FACE_BOUND('NONE',#7641,.T.);
#7641=EDGE_LOOP('',(#7642,#7643,#7644,#7645));
#7642=ORIENTED_EDGE('',*,*,#7541,.F.);
#7643=ORIENTED_EDGE('',*,*,#7629,.F.);
#7644=ORIENTED_EDGE('',*,*,#3484,.F.);
#7645=ORIENTED_EDGE('',*,*,#7588,.F.);
#7646=PLANE('',#7647);
#7647=AXIS2_PLACEMENT_3D('',#7648,#7649,#7650);
#7648=CARTESIAN_POINT('',(3.13,-2.81,-0.6));
#7649=DIRECTION('',(3.188829919E-16,-1.0,0.0));
#7650=DIRECTION('',(1.0,3.188829919E-16,0.0));
#7651=ADVANCED_FACE('NONE',(#7652),#7668,.F.);
#7652=FACE_BOUND('NONE',#7653,.T.);
#7653=EDGE_LOOP('',(#7654,#7660,#7661,#7667));
#7654=ORIENTED_EDGE('',*,*,#7655,.T.);
#7655=EDGE_CURVE('NONE',#6692,#7498,#7656,.T.);
#7656=LINE('',#7657,#7658);
#7657=CARTESIAN_POINT('',(3.13,-2.81,-0.6));
#7658=VECTOR('',#7659,1.0);
#7659=DIRECTION('',(0.0,0.0,1.0));
#7660=ORIENTED_EDGE('',*,*,#7495,.F.);
#7661=ORIENTED_EDGE('',*,*,#7662,.T.);
#7662=EDGE_CURVE('NONE',#7496,#6700,#7663,.F.);
#7663=LINE('',#7664,#7665);
#7664=CARTESIAN_POINT('',(4.49,-2.81,-0.6));
#7665=VECTOR('',#7666,1.0);
#7666=DIRECTION('',(0.0,0.0,1.0));
#7667=ORIENTED_EDGE('',*,*,#6699,.F.);
#7668=PLANE('',#7669);
#7669=AXIS2_PLACEMENT_3D('',#7670,#7671,#7672);
#7670=CARTESIAN_POINT('',(3.13,-2.81,-0.6));
#7671=DIRECTION('',(3.188829919E-16,-1.0,0.0));
#7672=DIRECTION('',(1.0,3.188829919E-16,0.0));
#7673=ADVANCED_FACE('NONE',(#7674),#7685,.F.);
#7674=FACE_BOUND('NONE',#7675,.T.);
#7675=EDGE_LOOP('',(#7676,#7682,#7683,#7684));
#7676=ORIENTED_EDGE('',*,*,#7677,.T.);
#7677=EDGE_CURVE('NONE',#6690,#7506,#7678,.T.);
#7678=LINE('',#7679,#7680);
#7679=CARTESIAN_POINT('',(3.13,-1.07,-0.6));
#7680=VECTOR('',#7681,1.0);
#7681=DIRECTION('',(0.0,0.0,1.0));
#7682=ORIENTED_EDGE('',*,*,#7505,.F.);
#7683=ORIENTED_EDGE('',*,*,#7655,.F.);
#7684=ORIENTED_EDGE('',*,*,#6689,.F.);
#7685=PLANE('',#7686);
#7686=AXIS2_PLACEMENT_3D('',#7687,#7688,#7689);
#7687=CARTESIAN_POINT('',(3.13,-1.07,-0.6));
#7688=DIRECTION('',(-1.0,0.0,0.0));
#7689=DIRECTION('',(0.0,0.0,1.0));
#7690=ADVANCED_FACE('NONE',(#7691),#7702,.F.);
#7691=FACE_BOUND('NONE',#7692,.T.);
#7692=EDGE_LOOP('',(#7693,#7699,#7700,#7701));
#7693=ORIENTED_EDGE('',*,*,#7694,.T.);
#7694=EDGE_CURVE('NONE',#6708,#7514,#7695,.T.);
#7695=LINE('',#7696,#7697);
#7696=CARTESIAN_POINT('',(4.49,-1.07,-0.6));
#7697=VECTOR('',#7698,1.0);
#7698=DIRECTION('',(0.0,0.0,1.0));
#7699=ORIENTED_EDGE('',*,*,#7513,.F.);
#7700=ORIENTED_EDGE('',*,*,#7677,.F.);
#7701=ORIENTED_EDGE('',*,*,#6715,.F.);
#7702=PLANE('',#7703);
#7703=AXIS2_PLACEMENT_3D('',#7704,#7705,#7706);
#7704=CARTESIAN_POINT('',(4.49,-1.07,-0.6));
#7705=DIRECTION('',(-3.188829919E-16,1.0,0.0));
#7706=DIRECTION('',(-1.0,-3.188829919E-16,0.0));
#7707=ADVANCED_FACE('NONE',(#7708),#7714,.F.);
#7708=FACE_BOUND('NONE',#7709,.T.);
#7709=EDGE_LOOP('',(#7710,#7711,#7712,#7713));
#7710=ORIENTED_EDGE('',*,*,#7662,.F.);
#7711=ORIENTED_EDGE('',*,*,#7521,.F.);
#7712=ORIENTED_EDGE('',*,*,#7694,.F.);
#7713=ORIENTED_EDGE('',*,*,#6707,.F.);
#7714=PLANE('',#7715);
#7715=AXIS2_PLACEMENT_3D('',#7716,#7717,#7718);
#7716=CARTESIAN_POINT('',(4.49,-2.81,-0.6));
#7717=DIRECTION('',(1.0,4.984837575E-16,0.0));
#7718=DIRECTION('',(-4.984837575E-16,1.0,0.0));
#7719=ADVANCED_FACE('NONE',(#7720),#7736,.F.);
#7720=FACE_BOUND('NONE',#7721,.T.);
#7721=EDGE_LOOP('',(#7722,#7723,#7729,#7730));
#7722=ORIENTED_EDGE('',*,*,#7409,.F.);
#7723=ORIENTED_EDGE('',*,*,#7724,.T.);
#7724=EDGE_CURVE('NONE',#7402,#3324,#7725,.T.);
#7725=LINE('',#7726,#7727);
#7726=CARTESIAN_POINT('',(1.95,-2.81,-0.6));
#7727=VECTOR('',#7728,1.0);
#7728=DIRECTION('',(0.0,0.0,1.0));
#7729=ORIENTED_EDGE('',*,*,#3340,.F.);
#7730=ORIENTED_EDGE('',*,*,#7731,.T.);
#7731=EDGE_CURVE('NONE',#3333,#7410,#7732,.F.);
#7732=LINE('',#7733,#7734);
#7733=CARTESIAN_POINT('',(1.95,-1.07,-0.6));
#7734=VECTOR('',#7735,1.0);
#7735=DIRECTION('',(0.0,0.0,1.0));
#7736=PLANE('',#7737);
#7737=AXIS2_PLACEMENT_3D('',#7738,#7739,#7740);
#7738=CARTESIAN_POINT('',(1.95,-2.81,-0.6));
#7739=DIRECTION('',(1.0,4.984837575E-16,0.0));
#7740=DIRECTION('',(-4.984837575E-16,1.0,0.0));
#7741=ADVANCED_FACE('NONE',(#7742),#7753,.F.);
#7742=FACE_BOUND('NONE',#7743,.T.);
#7743=EDGE_LOOP('',(#7744,#7745,#7746,#7747));
#7744=ORIENTED_EDGE('',*,*,#7417,.F.);
#7745=ORIENTED_EDGE('',*,*,#7731,.F.);
#7746=ORIENTED_EDGE('',*,*,#3364,.F.);
#7747=ORIENTED_EDGE('',*,*,#7748,.T.);
#7748=EDGE_CURVE('NONE',#3357,#7418,#7749,.F.);
#7749=LINE('',#7750,#7751);
#7750=CARTESIAN_POINT('',(0.59,-1.07,-0.6));
#7751=VECTOR('',#7752,1.0);
#7752=DIRECTION('',(0.0,0.0,1.0));
#7753=PLANE('',#7754);
#7754=AXIS2_PLACEMENT_3D('',#7755,#7756,#7757);
#7755=CARTESIAN_POINT('',(1.95,-1.07,-0.6));
#7756=DIRECTION('',(-3.188829919E-16,1.0,0.0));
#7757=DIRECTION('',(-1.0,-3.188829919E-16,0.0));
#7758=ADVANCED_FACE('NONE',(#7759),#7770,.F.);
#7759=FACE_BOUND('NONE',#7760,.T.);
#7760=EDGE_LOOP('',(#7761,#7762,#7763,#7764));
#7761=ORIENTED_EDGE('',*,*,#7425,.F.);
#7762=ORIENTED_EDGE('',*,*,#7748,.F.);
#7763=ORIENTED_EDGE('',*,*,#3405,.F.);
#7764=ORIENTED_EDGE('',*,*,#7765,.T.);
#7765=EDGE_CURVE('NONE',#3379,#7400,#7766,.F.);
#7766=LINE('',#7767,#7768);
#7767=CARTESIAN_POINT('',(0.59,-2.81,-0.6));
#7768=VECTOR('',#7769,1.0);
#7769=DIRECTION('',(0.0,0.0,1.0));
#7770=PLANE('',#7771);
#7771=AXIS2_PLACEMENT_3D('',#7772,#7773,#7774);
#7772=CARTESIAN_POINT('',(0.59,-1.07,-0.6));
#7773=DIRECTION('',(-1.0,0.0,0.0));
#7774=DIRECTION('',(0.0,0.0,1.0));
#7775=ADVANCED_FACE('NONE',(#7776),#7782,.F.);
#7776=FACE_BOUND('NONE',#7777,.T.);
#7777=EDGE_LOOP('',(#7778,#7779,#7780,#7781));
#7778=ORIENTED_EDGE('',*,*,#7399,.F.);
#7779=ORIENTED_EDGE('',*,*,#7765,.F.);
#7780=ORIENTED_EDGE('',*,*,#3388,.F.);
#7781=ORIENTED_EDGE('',*,*,#7724,.F.);
#7782=PLANE('',#7783);
#7783=AXIS2_PLACEMENT_3D('',#7784,#7785,#7786);
#7784=CARTESIAN_POINT('',(0.59,-2.81,-0.6));
#7785=DIRECTION('',(3.188829919E-16,-1.0,0.0));
#7786=DIRECTION('',(1.0,3.188829919E-16,0.0));
#7787=ADVANCED_FACE('NONE',(#7788),#7804,.F.);
#7788=FACE_BOUND('NONE',#7789,.T.);
#7789=EDGE_LOOP('',(#7790,#7796,#7797,#7803));
#7790=ORIENTED_EDGE('',*,*,#7791,.T.);
#7791=EDGE_CURVE('NONE',#6581,#7356,#7792,.T.);
#7792=LINE('',#7793,#7794);
#7793=CARTESIAN_POINT('',(0.59,-2.81,-0.6));
#7794=VECTOR('',#7795,1.0);
#7795=DIRECTION('',(0.0,0.0,1.0));
#7796=ORIENTED_EDGE('',*,*,#7353,.F.);
#7797=ORIENTED_EDGE('',*,*,#7798,.T.);
#7798=EDGE_CURVE('NONE',#7354,#6589,#7799,.F.);
#7799=LINE('',#7800,#7801);
#7800=CARTESIAN_POINT('',(1.95,-2.81,-0.6));
#7801=VECTOR('',#7802,1.0);
#7802=DIRECTION('',(0.0,0.0,1.0));
#7803=ORIENTED_EDGE('',*,*,#6588,.F.);
#7804=PLANE('',#7805);
#7805=AXIS2_PLACEMENT_3D('',#7806,#7807,#7808);
#7806=CARTESIAN_POINT('',(0.59,-2.81,-0.6));
#7807=DIRECTION('',(3.188829919E-16,-1.0,0.0));
#7808=DIRECTION('',(1.0,3.188829919E-16,0.0));
#7809=ADVANCED_FACE('NONE',(#7810),#7821,.F.);
#7810=FACE_BOUND('NONE',#7811,.T.);
#7811=EDGE_LOOP('',(#7812,#7818,#7819,#7820));
#7812=ORIENTED_EDGE('',*,*,#7813,.T.);
#7813=EDGE_CURVE('NONE',#6579,#7364,#7814,.T.);
#7814=LINE('',#7815,#7816);
#7815=CARTESIAN_POINT('',(0.59,-1.07,-0.6));
#7816=VECTOR('',#7817,1.0);
#7817=DIRECTION('',(0.0,0.0,1.0));
#7818=ORIENTED_EDGE('',*,*,#7363,.F.);
#7819=ORIENTED_EDGE('',*,*,#7791,.F.);
#7820=ORIENTED_EDGE('',*,*,#6578,.F.);
#7821=PLANE('',#7822);
#7822=AXIS2_PLACEMENT_3D('',#7823,#7824,#7825);
#7823=CARTESIAN_POINT('',(0.59,-1.07,-0.6));
#7824=DIRECTION('',(-1.0,0.0,0.0));
#7825=DIRECTION('',(0.0,0.0,1.0));
#7826=ADVANCED_FACE('NONE',(#7827),#7838,.F.);
#7827=FACE_BOUND('NONE',#7828,.T.);
#7828=EDGE_LOOP('',(#7829,#7835,#7836,#7837));
#7829=ORIENTED_EDGE('',*,*,#7830,.T.);
#7830=EDGE_CURVE('NONE',#6597,#7372,#7831,.T.);
#7831=LINE('',#7832,#7833);
#7832=CARTESIAN_POINT('',(1.95,-1.07,-0.6));
#7833=VECTOR('',#7834,1.0);
#7834=DIRECTION('',(0.0,0.0,1.0));
#7835=ORIENTED_EDGE('',*,*,#7371,.F.);
#7836=ORIENTED_EDGE('',*,*,#7813,.F.);
#7837=ORIENTED_EDGE('',*,*,#6604,.F.);
#7838=PLANE('',#7839);
#7839=AXIS2_PLACEMENT_3D('',#7840,#7841,#7842);
#7840=CARTESIAN_POINT('',(1.95,-1.07,-0.6));
#7841=DIRECTION('',(-3.188829919E-16,1.0,0.0));
#7842=DIRECTION('',(-1.0,-3.188829919E-16,0.0));
#7843=ADVANCED_FACE('NONE',(#7844),#7850,.F.);
#7844=FACE_BOUND('NONE',#7845,.T.);
#7845=EDGE_LOOP('',(#7846,#7847,#7848,#7849));
#7846=ORIENTED_EDGE('',*,*,#7798,.F.);
#7847=ORIENTED_EDGE('',*,*,#7379,.F.);
#7848=ORIENTED_EDGE('',*,*,#7830,.F.);
#7849=ORIENTED_EDGE('',*,*,#6596,.F.);
#7850=PLANE('',#7851);
#7851=AXIS2_PLACEMENT_3D('',#7852,#7853,#7854);
#7852=CARTESIAN_POINT('',(1.95,-2.81,-0.6));
#7853=DIRECTION('',(1.0,4.984837575E-16,0.0));
#7854=DIRECTION('',(-4.984837575E-16,1.0,0.0));
#7855=ADVANCED_FACE('NONE',(#7856),#7872,.F.);
#7856=FACE_BOUND('NONE',#7857,.T.);
#7857=EDGE_LOOP('',(#7858,#7859,#7865,#7866));
#7858=ORIENTED_EDGE('',*,*,#7267,.F.);
#7859=ORIENTED_EDGE('',*,*,#7860,.T.);
#7860=EDGE_CURVE('NONE',#7260,#3228,#7861,.T.);
#7861=LINE('',#7862,#7863);
#7862=CARTESIAN_POINT('',(-0.59,-2.81,-0.6));
#7863=VECTOR('',#7864,1.0);
#7864=DIRECTION('',(0.0,0.0,1.0));
#7865=ORIENTED_EDGE('',*,*,#3244,.F.);
#7866=ORIENTED_EDGE('',*,*,#7867,.T.);
#7867=EDGE_CURVE('NONE',#3237,#7268,#7868,.F.);
#7868=LINE('',#7869,#7870);
#7869=CARTESIAN_POINT('',(-0.59,-1.07,-0.6));
#7870=VECTOR('',#7871,1.0);
#7871=DIRECTION('',(0.0,0.0,1.0));
#7872=PLANE('',#7873);
#7873=AXIS2_PLACEMENT_3D('',#7874,#7875,#7876);
#7874=CARTESIAN_POINT('',(-0.59,-2.81,-0.6));
#7875=DIRECTION('',(1.0,4.984837575E-16,0.0));
#7876=DIRECTION('',(-4.984837575E-16,1.0,0.0));
#7877=ADVANCED_FACE('NONE',(#7878),#7889,.F.);
#7878=FACE_BOUND('NONE',#7879,.T.);
#7879=EDGE_LOOP('',(#7880,#7881,#7882,#7883));
#7880=ORIENTED_EDGE('',*,*,#7275,.F.);
#7881=ORIENTED_EDGE('',*,*,#7867,.F.);
#7882=ORIENTED_EDGE('',*,*,#3268,.F.);
#7883=ORIENTED_EDGE('',*,*,#7884,.T.);
#7884=EDGE_CURVE('NONE',#3261,#7276,#7885,.F.);
#7885=LINE('',#7886,#7887);
#7886=CARTESIAN_POINT('',(-1.95,-1.07,-0.6));
#7887=VECTOR('',#7888,1.0);
#7888=DIRECTION('',(0.0,0.0,1.0));
#7889=PLANE('',#7890);
#7890=AXIS2_PLACEMENT_3D('',#7891,#7892,#7893);
#7891=CARTESIAN_POINT('',(-0.59,-1.07,-0.6));
#7892=DIRECTION('',(-3.188829919E-16,1.0,0.0));
#7893=DIRECTION('',(-1.0,-3.188829919E-16,0.0));
#7894=ADVANCED_FACE('NONE',(#7895),#7906,.F.);
#7895=FACE_BOUND('NONE',#7896,.T.);
#7896=EDGE_LOOP('',(#7897,#7898,#7899,#7900));
#7897=ORIENTED_EDGE('',*,*,#7283,.F.);
#7898=ORIENTED_EDGE('',*,*,#7884,.F.);
#7899=ORIENTED_EDGE('',*,*,#3309,.F.);
#7900=ORIENTED_EDGE('',*,*,#7901,.T.);
#7901=EDGE_CURVE('NONE',#3283,#7258,#7902,.F.);
#7902=LINE('',#7903,#7904);
#7903=CARTESIAN_POINT('',(-1.95,-2.81,-0.6));
#7904=VECTOR('',#7905,1.0);
#7905=DIRECTION('',(0.0,0.0,1.0));
#7906=PLANE('',#7907);
#7907=AXIS2_PLACEMENT_3D('',#7908,#7909,#7910);
#7908=CARTESIAN_POINT('',(-1.95,-1.07,-0.6));
#7909=DIRECTION('',(-1.0,0.0,0.0));
#7910=DIRECTION('',(0.0,0.0,1.0));
#7911=ADVANCED_FACE('NONE',(#7912),#7918,.F.);
#7912=FACE_BOUND('NONE',#7913,.T.);
#7913=EDGE_LOOP('',(#7914,#7915,#7916,#7917));
#7914=ORIENTED_EDGE('',*,*,#7257,.F.);
#7915=ORIENTED_EDGE('',*,*,#7901,.F.);
#7916=ORIENTED_EDGE('',*,*,#3292,.F.);
#7917=ORIENTED_EDGE('',*,*,#7860,.F.);
#7918=PLANE('',#7919);
#7919=AXIS2_PLACEMENT_3D('',#7920,#7921,#7922);
#7920=CARTESIAN_POINT('',(-1.95,-2.81,-0.6));
#7921=DIRECTION('',(3.188829919E-16,-1.0,0.0));
#7922=DIRECTION('',(1.0,3.188829919E-16,0.0));
#7923=ADVANCED_FACE('NONE',(#7924),#7940,.F.);
#7924=FACE_BOUND('NONE',#7925,.T.);
#7925=EDGE_LOOP('',(#7926,#7932,#7933,#7939));
#7926=ORIENTED_EDGE('',*,*,#7927,.T.);
#7927=EDGE_CURVE('NONE',#6470,#7214,#7928,.T.);
#7928=LINE('',#7929,#7930);
#7929=CARTESIAN_POINT('',(-1.95,-2.81,-0.6));
#7930=VECTOR('',#7931,1.0);
#7931=DIRECTION('',(0.0,0.0,1.0));
#7932=ORIENTED_EDGE('',*,*,#7211,.F.);
#7933=ORIENTED_EDGE('',*,*,#7934,.T.);
#7934=EDGE_CURVE('NONE',#7212,#6478,#7935,.F.);
#7935=LINE('',#7936,#7937);
#7936=CARTESIAN_POINT('',(-0.59,-2.81,-0.6));
#7937=VECTOR('',#7938,1.0);
#7938=DIRECTION('',(0.0,0.0,1.0));
#7939=ORIENTED_EDGE('',*,*,#6477,.F.);
#7940=PLANE('',#7941);
#7941=AXIS2_PLACEMENT_3D('',#7942,#7943,#7944);
#7942=CARTESIAN_POINT('',(-1.95,-2.81,-0.6));
#7943=DIRECTION('',(3.188829919E-16,-1.0,0.0));
#7944=DIRECTION('',(1.0,3.188829919E-16,0.0));
#7945=ADVANCED_FACE('NONE',(#7946),#7957,.F.);
#7946=FACE_BOUND('NONE',#7947,.T.);
#7947=EDGE_LOOP('',(#7948,#7954,#7955,#7956));
#7948=ORIENTED_EDGE('',*,*,#7949,.T.);
#7949=EDGE_CURVE('NONE',#6468,#7222,#7950,.T.);
#7950=LINE('',#7951,#7952);
#7951=CARTESIAN_POINT('',(-1.95,-1.07,-0.6));
#7952=VECTOR('',#7953,1.0);
#7953=DIRECTION('',(0.0,0.0,1.0));
#7954=ORIENTED_EDGE('',*,*,#7221,.F.);
#7955=ORIENTED_EDGE('',*,*,#7927,.F.);
#7956=ORIENTED_EDGE('',*,*,#6467,.F.);
#7957=PLANE('',#7958);
#7958=AXIS2_PLACEMENT_3D('',#7959,#7960,#7961);
#7959=CARTESIAN_POINT('',(-1.95,-1.07,-0.6));
#7960=DIRECTION('',(-1.0,0.0,0.0));
#7961=DIRECTION('',(0.0,0.0,1.0));
#7962=ADVANCED_FACE('NONE',(#7963),#7974,.F.);
#7963=FACE_BOUND('NONE',#7964,.T.);
#7964=EDGE_LOOP('',(#7965,#7971,#7972,#7973));
#7965=ORIENTED_EDGE('',*,*,#7966,.T.);
#7966=EDGE_CURVE('NONE',#6486,#7230,#7967,.T.);
#7967=LINE('',#7968,#7969);
#7968=CARTESIAN_POINT('',(-0.59,-1.07,-0.6));
#7969=VECTOR('',#7970,1.0);
#7970=DIRECTION('',(0.0,0.0,1.0));
#7971=ORIENTED_EDGE('',*,*,#7229,.F.);
#7972=ORIENTED_EDGE('',*,*,#7949,.F.);
#7973=ORIENTED_EDGE('',*,*,#6493,.F.);
#7974=PLANE('',#7975);
#7975=AXIS2_PLACEMENT_3D('',#7976,#7977,#7978);
#7976=CARTESIAN_POINT('',(-0.59,-1.07,-0.6));
#7977=DIRECTION('',(-3.188829919E-16,1.0,0.0));
#7978=DIRECTION('',(-1.0,-3.188829919E-16,0.0));
#7979=ADVANCED_FACE('NONE',(#7980),#7986,.F.);
#7980=FACE_BOUND('NONE',#7981,.T.);
#7981=EDGE_LOOP('',(#7982,#7983,#7984,#7985));
#7982=ORIENTED_EDGE('',*,*,#7934,.F.);
#7983=ORIENTED_EDGE('',*,*,#7237,.F.);
#7984=ORIENTED_EDGE('',*,*,#7966,.F.);
#7985=ORIENTED_EDGE('',*,*,#6485,.F.);
#7986=PLANE('',#7987);
#7987=AXIS2_PLACEMENT_3D('',#7988,#7989,#7990);
#7988=CARTESIAN_POINT('',(-0.59,-2.81,-0.6));
#7989=DIRECTION('',(1.0,4.984837575E-16,0.0));
#7990=DIRECTION('',(-4.984837575E-16,1.0,0.0));
#7991=ADVANCED_FACE('NONE',(#7992),#8008,.F.);
#7992=FACE_BOUND('NONE',#7993,.T.);
#7993=EDGE_LOOP('',(#7994,#7995,#8001,#8002));
#7994=ORIENTED_EDGE('',*,*,#7125,.F.);
#7995=ORIENTED_EDGE('',*,*,#7996,.T.);
#7996=EDGE_CURVE('NONE',#7118,#3132,#7997,.T.);
#7997=LINE('',#7998,#7999);
#7998=CARTESIAN_POINT('',(-3.13,-2.81,-0.6));
#7999=VECTOR('',#8000,1.0);
#8000=DIRECTION('',(0.0,0.0,1.0));
#8001=ORIENTED_EDGE('',*,*,#3148,.F.);
#8002=ORIENTED_EDGE('',*,*,#8003,.T.);
#8003=EDGE_CURVE('NONE',#3141,#7126,#8004,.F.);
#8004=LINE('',#8005,#8006);
#8005=CARTESIAN_POINT('',(-3.13,-1.07,-0.6));
#8006=VECTOR('',#8007,1.0);
#8007=DIRECTION('',(0.0,0.0,1.0));
#8008=PLANE('',#8009);
#8009=AXIS2_PLACEMENT_3D('',#8010,#8011,#8012);
#8010=CARTESIAN_POINT('',(-3.13,-2.81,-0.6));
#8011=DIRECTION('',(1.0,4.984837575E-16,0.0));
#8012=DIRECTION('',(-4.984837575E-16,1.0,0.0));
#8013=ADVANCED_FACE('NONE',(#8014),#8025,.F.);
#8014=FACE_BOUND('NONE',#8015,.T.);
#8015=EDGE_LOOP('',(#8016,#8017,#8018,#8019));
#8016=ORIENTED_EDGE('',*,*,#7133,.F.);
#8017=ORIENTED_EDGE('',*,*,#8003,.F.);
#8018=ORIENTED_EDGE('',*,*,#3172,.F.);
#8019=ORIENTED_EDGE('',*,*,#8020,.T.);
#8020=EDGE_CURVE('NONE',#3165,#7134,#8021,.F.);
#8021=LINE('',#8022,#8023);
#8022=CARTESIAN_POINT('',(-4.49,-1.07,-0.6));
#8023=VECTOR('',#8024,1.0);
#8024=DIRECTION('',(0.0,0.0,1.0));
#8025=PLANE('',#8026);
#8026=AXIS2_PLACEMENT_3D('',#8027,#8028,#8029);
#8027=CARTESIAN_POINT('',(-3.13,-1.07,-0.6));
#8028=DIRECTION('',(-3.188829919E-16,1.0,0.0));
#8029=DIRECTION('',(-1.0,-3.188829919E-16,0.0));
#8030=ADVANCED_FACE('NONE',(#8031),#8042,.F.);
#8031=FACE_BOUND('NONE',#8032,.T.);
#8032=EDGE_LOOP('',(#8033,#8034,#8035,#8036));
#8033=ORIENTED_EDGE('',*,*,#7141,.F.);
#8034=ORIENTED_EDGE('',*,*,#8020,.F.);
#8035=ORIENTED_EDGE('',*,*,#3213,.F.);
#8036=ORIENTED_EDGE('',*,*,#8037,.T.);
#8037=EDGE_CURVE('NONE',#3187,#7116,#8038,.F.);
#8038=LINE('',#8039,#8040);
#8039=CARTESIAN_POINT('',(-4.49,-2.81,-0.6));
#8040=VECTOR('',#8041,1.0);
#8041=DIRECTION('',(0.0,0.0,1.0));
#8042=PLANE('',#8043);
#8043=AXIS2_PLACEMENT_3D('',#8044,#8045,#8046);
#8044=CARTESIAN_POINT('',(-4.49,-1.07,-0.6));
#8045=DIRECTION('',(-1.0,0.0,0.0));
#8046=DIRECTION('',(0.0,0.0,1.0));
#8047=ADVANCED_FACE('NONE',(#8048),#8054,.F.);
#8048=FACE_BOUND('NONE',#8049,.T.);
#8049=EDGE_LOOP('',(#8050,#8051,#8052,#8053));
#8050=ORIENTED_EDGE('',*,*,#7115,.F.);
#8051=ORIENTED_EDGE('',*,*,#8037,.F.);
#8052=ORIENTED_EDGE('',*,*,#3196,.F.);
#8053=ORIENTED_EDGE('',*,*,#7996,.F.);
#8054=PLANE('',#8055);
#8055=AXIS2_PLACEMENT_3D('',#8056,#8057,#8058);
#8056=CARTESIAN_POINT('',(-4.49,-2.81,-0.6));
#8057=DIRECTION('',(3.188829919E-16,-1.0,0.0));
#8058=DIRECTION('',(1.0,3.188829919E-16,0.0));
#8059=ADVANCED_FACE('NONE',(#8060),#8076,.F.);
#8060=FACE_BOUND('NONE',#8061,.T.);
#8061=EDGE_LOOP('',(#8062,#8068,#8069,#8075));
#8062=ORIENTED_EDGE('',*,*,#8063,.T.);
#8063=EDGE_CURVE('NONE',#6359,#7072,#8064,.T.);
#8064=LINE('',#8065,#8066);
#8065=CARTESIAN_POINT('',(-4.49,-2.81,-0.6));
#8066=VECTOR('',#8067,1.0);
#8067=DIRECTION('',(0.0,0.0,1.0));
#8068=ORIENTED_EDGE('',*,*,#7069,.F.);
#8069=ORIENTED_EDGE('',*,*,#8070,.T.);
#8070=EDGE_CURVE('NONE',#7070,#6367,#8071,.F.);
#8071=LINE('',#8072,#8073);
#8072=CARTESIAN_POINT('',(-3.13,-2.81,-0.6));
#8073=VECTOR('',#8074,1.0);
#8074=DIRECTION('',(0.0,0.0,1.0));
#8075=ORIENTED_EDGE('',*,*,#6366,.F.);
#8076=PLANE('',#8077);
#8077=AXIS2_PLACEMENT_3D('',#8078,#8079,#8080);
#8078=CARTESIAN_POINT('',(-4.49,-2.81,-0.6));
#8079=DIRECTION('',(3.188829919E-16,-1.0,0.0));
#8080=DIRECTION('',(1.0,3.188829919E-16,0.0));
#8081=ADVANCED_FACE('NONE',(#8082),#8093,.F.);
#8082=FACE_BOUND('NONE',#8083,.T.);
#8083=EDGE_LOOP('',(#8084,#8090,#8091,#8092));
#8084=ORIENTED_EDGE('',*,*,#8085,.T.);
#8085=EDGE_CURVE('NONE',#6357,#7080,#8086,.T.);
#8086=LINE('',#8087,#8088);
#8087=CARTESIAN_POINT('',(-4.49,-1.07,-0.6));
#8088=VECTOR('',#8089,1.0);
#8089=DIRECTION('',(0.0,0.0,1.0));
#8090=ORIENTED_EDGE('',*,*,#7079,.F.);
#8091=ORIENTED_EDGE('',*,*,#8063,.F.);
#8092=ORIENTED_EDGE('',*,*,#6356,.F.);
#8093=PLANE('',#8094);
#8094=AXIS2_PLACEMENT_3D('',#8095,#8096,#8097);
#8095=CARTESIAN_POINT('',(-4.49,-1.07,-0.6));
#8096=DIRECTION('',(-1.0,0.0,0.0));
#8097=DIRECTION('',(0.0,0.0,1.0));
#8098=ADVANCED_FACE('NONE',(#8099),#8110,.F.);
#8099=FACE_BOUND('NONE',#8100,.T.);
#8100=EDGE_LOOP('',(#8101,#8107,#8108,#8109));
#8101=ORIENTED_EDGE('',*,*,#8102,.T.);
#8102=EDGE_CURVE('NONE',#6375,#7088,#8103,.T.);
#8103=LINE('',#8104,#8105);
#8104=CARTESIAN_POINT('',(-3.13,-1.07,-0.6));
#8105=VECTOR('',#8106,1.0);
#8106=DIRECTION('',(0.0,0.0,1.0));
#8107=ORIENTED_EDGE('',*,*,#7087,.F.);
#8108=ORIENTED_EDGE('',*,*,#8085,.F.);
#8109=ORIENTED_EDGE('',*,*,#6382,.F.);
#8110=PLANE('',#8111);
#8111=AXIS2_PLACEMENT_3D('',#8112,#8113,#8114);
#8112=CARTESIAN_POINT('',(-3.13,-1.07,-0.6));
#8113=DIRECTION('',(-3.188829919E-16,1.0,0.0));
#8114=DIRECTION('',(-1.0,-3.188829919E-16,0.0));
#8115=ADVANCED_FACE('NONE',(#8116),#8122,.F.);
#8116=FACE_BOUND('NONE',#8117,.T.);
#8117=EDGE_LOOP('',(#8118,#8119,#8120,#8121));
#8118=ORIENTED_EDGE('',*,*,#8070,.F.);
#8119=ORIENTED_EDGE('',*,*,#7095,.F.);
#8120=ORIENTED_EDGE('',*,*,#8102,.F.);
#8121=ORIENTED_EDGE('',*,*,#6374,.F.);
#8122=PLANE('',#8123);
#8123=AXIS2_PLACEMENT_3D('',#8124,#8125,#8126);
#8124=CARTESIAN_POINT('',(-3.13,-2.81,-0.6));
#8125=DIRECTION('',(1.0,4.984837575E-16,0.0));
#8126=DIRECTION('',(-4.984837575E-16,1.0,0.0));
#8127=ADVANCED_FACE('NONE',(#8128),#8144,.F.);
#8128=FACE_BOUND('NONE',#8129,.T.);
#8129=EDGE_LOOP('',(#8130,#8131,#8137,#8138));
#8130=ORIENTED_EDGE('',*,*,#6983,.F.);
#8131=ORIENTED_EDGE('',*,*,#8132,.T.);
#8132=EDGE_CURVE('NONE',#6976,#3036,#8133,.T.);
#8133=LINE('',#8134,#8135);
#8134=CARTESIAN_POINT('',(-5.67,-2.81,-0.6));
#8135=VECTOR('',#8136,1.0);
#8136=DIRECTION('',(0.0,0.0,1.0));
#8137=ORIENTED_EDGE('',*,*,#3052,.F.);
#8138=ORIENTED_EDGE('',*,*,#8139,.T.);
#8139=EDGE_CURVE('NONE',#3045,#6984,#8140,.F.);
#8140=LINE('',#8141,#8142);
#8141=CARTESIAN_POINT('',(-5.67,-1.07,-0.6));
#8142=VECTOR('',#8143,1.0);
#8143=DIRECTION('',(0.0,0.0,1.0));
#8144=PLANE('',#8145);
#8145=AXIS2_PLACEMENT_3D('',#8146,#8147,#8148);
#8146=CARTESIAN_POINT('',(-5.67,-2.81,-0.6));
#8147=DIRECTION('',(1.0,4.984837575E-16,0.0));
#8148=DIRECTION('',(-4.984837575E-16,1.0,0.0));
#8149=ADVANCED_FACE('NONE',(#8150),#8161,.F.);
#8150=FACE_BOUND('NONE',#8151,.T.);
#8151=EDGE_LOOP('',(#8152,#8153,#8154,#8155));
#8152=ORIENTED_EDGE('',*,*,#6991,.F.);
#8153=ORIENTED_EDGE('',*,*,#8139,.F.);
#8154=ORIENTED_EDGE('',*,*,#3076,.F.);
#8155=ORIENTED_EDGE('',*,*,#8156,.T.);
#8156=EDGE_CURVE('NONE',#3069,#6992,#8157,.F.);
#8157=LINE('',#8158,#8159);
#8158=CARTESIAN_POINT('',(-7.03,-1.07,-0.6));
#8159=VECTOR('',#8160,1.0);
#8160=DIRECTION('',(0.0,0.0,1.0));
#8161=PLANE('',#8162);
#8162=AXIS2_PLACEMENT_3D('',#8163,#8164,#8165);
#8163=CARTESIAN_POINT('',(-5.67,-1.07,-0.6));
#8164=DIRECTION('',(-3.188829919E-16,1.0,0.0));
#8165=DIRECTION('',(-1.0,-3.188829919E-16,0.0));
#8166=ADVANCED_FACE('NONE',(#8167),#8178,.F.);
#8167=FACE_BOUND('NONE',#8168,.T.);
#8168=EDGE_LOOP('',(#8169,#8170,#8171,#8172));
#8169=ORIENTED_EDGE('',*,*,#6999,.F.);
#8170=ORIENTED_EDGE('',*,*,#8156,.F.);
#8171=ORIENTED_EDGE('',*,*,#3117,.F.);
#8172=ORIENTED_EDGE('',*,*,#8173,.T.);
#8173=EDGE_CURVE('NONE',#3091,#6974,#8174,.F.);
#8174=LINE('',#8175,#8176);
#8175=CARTESIAN_POINT('',(-7.03,-2.81,-0.6));
#8176=VECTOR('',#8177,1.0);
#8177=DIRECTION('',(0.0,0.0,1.0));
#8178=PLANE('',#8179);
#8179=AXIS2_PLACEMENT_3D('',#8180,#8181,#8182);
#8180=CARTESIAN_POINT('',(-7.03,-1.07,-0.6));
#8181=DIRECTION('',(-1.0,0.0,0.0));
#8182=DIRECTION('',(0.0,0.0,1.0));
#8183=ADVANCED_FACE('NONE',(#8184),#8190,.F.);
#8184=FACE_BOUND('NONE',#8185,.T.);
#8185=EDGE_LOOP('',(#8186,#8187,#8188,#8189));
#8186=ORIENTED_EDGE('',*,*,#6973,.F.);
#8187=ORIENTED_EDGE('',*,*,#8173,.F.);
#8188=ORIENTED_EDGE('',*,*,#3100,.F.);
#8189=ORIENTED_EDGE('',*,*,#8132,.F.);
#8190=PLANE('',#8191);
#8191=AXIS2_PLACEMENT_3D('',#8192,#8193,#8194);
#8192=CARTESIAN_POINT('',(-7.03,-2.81,-0.6));
#8193=DIRECTION('',(3.188829919E-16,-1.0,0.0));
#8194=DIRECTION('',(1.0,3.188829919E-16,0.0));
#8195=ADVANCED_FACE('NONE',(#8196),#8212,.F.);
#8196=FACE_BOUND('NONE',#8197,.T.);
#8197=EDGE_LOOP('',(#8198,#8204,#8205,#8211));
#8198=ORIENTED_EDGE('',*,*,#8199,.T.);
#8199=EDGE_CURVE('NONE',#6248,#6930,#8200,.T.);
#8200=LINE('',#8201,#8202);
#8201=CARTESIAN_POINT('',(-7.03,-2.81,-0.6));
#8202=VECTOR('',#8203,1.0);
#8203=DIRECTION('',(0.0,0.0,1.0));
#8204=ORIENTED_EDGE('',*,*,#6927,.F.);
#8205=ORIENTED_EDGE('',*,*,#8206,.T.);
#8206=EDGE_CURVE('NONE',#6928,#6256,#8207,.F.);
#8207=LINE('',#8208,#8209);
#8208=CARTESIAN_POINT('',(-5.67,-2.81,-0.6));
#8209=VECTOR('',#8210,1.0);
#8210=DIRECTION('',(0.0,0.0,1.0));
#8211=ORIENTED_EDGE('',*,*,#6255,.F.);
#8212=PLANE('',#8213);
#8213=AXIS2_PLACEMENT_3D('',#8214,#8215,#8216);
#8214=CARTESIAN_POINT('',(-7.03,-2.81,-0.6));
#8215=DIRECTION('',(3.188829919E-16,-1.0,0.0));
#8216=DIRECTION('',(1.0,3.188829919E-16,0.0));
#8217=ADVANCED_FACE('NONE',(#8218),#8229,.F.);
#8218=FACE_BOUND('NONE',#8219,.T.);
#8219=EDGE_LOOP('',(#8220,#8226,#8227,#8228));
#8220=ORIENTED_EDGE('',*,*,#8221,.T.);
#8221=EDGE_CURVE('NONE',#6246,#6938,#8222,.T.);
#8222=LINE('',#8223,#8224);
#8223=CARTESIAN_POINT('',(-7.03,-1.07,-0.6));
#8224=VECTOR('',#8225,1.0);
#8225=DIRECTION('',(0.0,0.0,1.0));
#8226=ORIENTED_EDGE('',*,*,#6937,.F.);
#8227=ORIENTED_EDGE('',*,*,#8199,.F.);
#8228=ORIENTED_EDGE('',*,*,#6245,.F.);
#8229=PLANE('',#8230);
#8230=AXIS2_PLACEMENT_3D('',#8231,#8232,#8233);
#8231=CARTESIAN_POINT('',(-7.03,-1.07,-0.6));
#8232=DIRECTION('',(-1.0,0.0,0.0));
#8233=DIRECTION('',(0.0,0.0,1.0));
#8234=ADVANCED_FACE('NONE',(#8235),#8246,.F.);
#8235=FACE_BOUND('NONE',#8236,.T.);
#8236=EDGE_LOOP('',(#8237,#8243,#8244,#8245));
#8237=ORIENTED_EDGE('',*,*,#8238,.T.);
#8238=EDGE_CURVE('NONE',#6264,#6946,#8239,.T.);
#8239=LINE('',#8240,#8241);
#8240=CARTESIAN_POINT('',(-5.67,-1.07,-0.6));
#8241=VECTOR('',#8242,1.0);
#8242=DIRECTION('',(0.0,0.0,1.0));
#8243=ORIENTED_EDGE('',*,*,#6945,.F.);
#8244=ORIENTED_EDGE('',*,*,#8221,.F.);
#8245=ORIENTED_EDGE('',*,*,#6271,.F.);
#8246=PLANE('',#8247);
#8247=AXIS2_PLACEMENT_3D('',#8248,#8249,#8250);
#8248=CARTESIAN_POINT('',(-5.67,-1.07,-0.6));
#8249=DIRECTION('',(-3.188829919E-16,1.0,0.0));
#8250=DIRECTION('',(-1.0,-3.188829919E-16,0.0));
#8251=ADVANCED_FACE('NONE',(#8252),#8258,.F.);
#8252=FACE_BOUND('NONE',#8253,.T.);
#8253=EDGE_LOOP('',(#8254,#8255,#8256,#8257));
#8254=ORIENTED_EDGE('',*,*,#8206,.F.);
#8255=ORIENTED_EDGE('',*,*,#6953,.F.);
#8256=ORIENTED_EDGE('',*,*,#8238,.F.);
#8257=ORIENTED_EDGE('',*,*,#6263,.F.);
#8258=PLANE('',#8259);
#8259=AXIS2_PLACEMENT_3D('',#8260,#8261,#8262);
#8260=CARTESIAN_POINT('',(-5.67,-2.81,-0.6));
#8261=DIRECTION('',(1.0,4.984837575E-16,0.0));
#8262=DIRECTION('',(-4.984837575E-16,1.0,0.0));
#8263=ADVANCED_FACE('NONE',(#8264),#8280,.F.);
#8264=FACE_BOUND('NONE',#8265,.T.);
#8265=EDGE_LOOP('',(#8266,#8267,#8273,#8274));
#8266=ORIENTED_EDGE('',*,*,#6841,.F.);
#8267=ORIENTED_EDGE('',*,*,#8268,.T.);
#8268=EDGE_CURVE('NONE',#6834,#3516,#8269,.T.);
#8269=LINE('',#8270,#8271);
#8270=CARTESIAN_POINT('',(7.03,-2.81,-0.6));
#8271=VECTOR('',#8272,1.0);
#8272=DIRECTION('',(0.0,0.0,1.0));
#8273=ORIENTED_EDGE('',*,*,#3532,.F.);
#8274=ORIENTED_EDGE('',*,*,#8275,.T.);
#8275=EDGE_CURVE('NONE',#3525,#6842,#8276,.F.);
#8276=LINE('',#8277,#8278);
#8277=CARTESIAN_POINT('',(7.03,-1.07,-0.6));
#8278=VECTOR('',#8279,1.0);
#8279=DIRECTION('',(0.0,0.0,1.0));
#8280=PLANE('',#8281);
#8281=AXIS2_PLACEMENT_3D('',#8282,#8283,#8284);
#8282=CARTESIAN_POINT('',(7.03,-2.81,-0.6));
#8283=DIRECTION('',(1.0,4.984837575E-16,0.0));
#8284=DIRECTION('',(-4.984837575E-16,1.0,0.0));
#8285=ADVANCED_FACE('NONE',(#8286),#8297,.F.);
#8286=FACE_BOUND('NONE',#8287,.T.);
#8287=EDGE_LOOP('',(#8288,#8289,#8290,#8291));
#8288=ORIENTED_EDGE('',*,*,#6849,.F.);
#8289=ORIENTED_EDGE('',*,*,#8275,.F.);
#8290=ORIENTED_EDGE('',*,*,#3556,.F.);
#8291=ORIENTED_EDGE('',*,*,#8292,.T.);
#8292=EDGE_CURVE('NONE',#3549,#6850,#8293,.F.);
#8293=LINE('',#8294,#8295);
#8294=CARTESIAN_POINT('',(5.67,-1.07,-0.6));
#8295=VECTOR('',#8296,1.0);
#8296=DIRECTION('',(0.0,0.0,1.0));
#8297=PLANE('',#8298);
#8298=AXIS2_PLACEMENT_3D('',#8299,#8300,#8301);
#8299=CARTESIAN_POINT('',(7.03,-1.07,-0.6));
#8300=DIRECTION('',(-3.188829919E-16,1.0,0.0));
#8301=DIRECTION('',(-1.0,-3.188829919E-16,0.0));
#8302=ADVANCED_FACE('NONE',(#8303),#8314,.F.);
#8303=FACE_BOUND('NONE',#8304,.T.);
#8304=EDGE_LOOP('',(#8305,#8306,#8307,#8308));
#8305=ORIENTED_EDGE('',*,*,#6857,.F.);
#8306=ORIENTED_EDGE('',*,*,#8292,.F.);
#8307=ORIENTED_EDGE('',*,*,#3597,.F.);
#8308=ORIENTED_EDGE('',*,*,#8309,.T.);
#8309=EDGE_CURVE('NONE',#3571,#6832,#8310,.F.);
#8310=LINE('',#8311,#8312);
#8311=CARTESIAN_POINT('',(5.67,-2.81,-0.6));
#8312=VECTOR('',#8313,1.0);
#8313=DIRECTION('',(0.0,0.0,1.0));
#8314=PLANE('',#8315);
#8315=AXIS2_PLACEMENT_3D('',#8316,#8317,#8318);
#8316=CARTESIAN_POINT('',(5.67,-1.07,-0.6));
#8317=DIRECTION('',(-1.0,0.0,0.0));
#8318=DIRECTION('',(0.0,0.0,1.0));
#8319=ADVANCED_FACE('NONE',(#8320),#8326,.F.);
#8320=FACE_BOUND('NONE',#8321,.T.);
#8321=EDGE_LOOP('',(#8322,#8323,#8324,#8325));
#8322=ORIENTED_EDGE('',*,*,#6831,.F.);
#8323=ORIENTED_EDGE('',*,*,#8309,.F.);
#8324=ORIENTED_EDGE('',*,*,#3580,.F.);
#8325=ORIENTED_EDGE('',*,*,#8268,.F.);
#8326=PLANE('',#8327);
#8327=AXIS2_PLACEMENT_3D('',#8328,#8329,#8330);
#8328=CARTESIAN_POINT('',(5.67,-2.81,-0.6));
#8329=DIRECTION('',(3.188829919E-16,-1.0,0.0));
#8330=DIRECTION('',(1.0,3.188829919E-16,0.0));
#8331=ADVANCED_FACE('NONE',(#8332),#8348,.F.);
#8332=FACE_BOUND('NONE',#8333,.T.);
#8333=EDGE_LOOP('',(#8334,#8340,#8341,#8347));
#8334=ORIENTED_EDGE('',*,*,#8335,.T.);
#8335=EDGE_CURVE('NONE',#6137,#6788,#8336,.T.);
#8336=LINE('',#8337,#8338);
#8337=CARTESIAN_POINT('',(5.67,-2.81,-0.6));
#8338=VECTOR('',#8339,1.0);
#8339=DIRECTION('',(0.0,0.0,1.0));
#8340=ORIENTED_EDGE('',*,*,#6785,.F.);
#8341=ORIENTED_EDGE('',*,*,#8342,.T.);
#8342=EDGE_CURVE('NONE',#6786,#6145,#8343,.F.);
#8343=LINE('',#8344,#8345);
#8344=CARTESIAN_POINT('',(7.03,-2.81,-0.6));
#8345=VECTOR('',#8346,1.0);
#8346=DIRECTION('',(0.0,0.0,1.0));
#8347=ORIENTED_EDGE('',*,*,#6144,.F.);
#8348=PLANE('',#8349);
#8349=AXIS2_PLACEMENT_3D('',#8350,#8351,#8352);
#8350=CARTESIAN_POINT('',(5.67,-2.81,-0.6));
#8351=DIRECTION('',(3.188829919E-16,-1.0,0.0));
#8352=DIRECTION('',(1.0,3.188829919E-16,0.0));
#8353=ADVANCED_FACE('NONE',(#8354),#8365,.F.);
#8354=FACE_BOUND('NONE',#8355,.T.);
#8355=EDGE_LOOP('',(#8356,#8362,#8363,#8364));
#8356=ORIENTED_EDGE('',*,*,#8357,.T.);
#8357=EDGE_CURVE('NONE',#6135,#6796,#8358,.T.);
#8358=LINE('',#8359,#8360);
#8359=CARTESIAN_POINT('',(5.67,-1.07,-0.6));
#8360=VECTOR('',#8361,1.0);
#8361=DIRECTION('',(0.0,0.0,1.0));
#8362=ORIENTED_EDGE('',*,*,#6795,.F.);
#8363=ORIENTED_EDGE('',*,*,#8335,.F.);
#8364=ORIENTED_EDGE('',*,*,#6134,.F.);
#8365=PLANE('',#8366);
#8366=AXIS2_PLACEMENT_3D('',#8367,#8368,#8369);
#8367=CARTESIAN_POINT('',(5.67,-1.07,-0.6));
#8368=DIRECTION('',(-1.0,0.0,0.0));
#8369=DIRECTION('',(0.0,0.0,1.0));
#8370=ADVANCED_FACE('NONE',(#8371),#8382,.F.);
#8371=FACE_BOUND('NONE',#8372,.T.);
#8372=EDGE_LOOP('',(#8373,#8379,#8380,#8381));
#8373=ORIENTED_EDGE('',*,*,#8374,.T.);
#8374=EDGE_CURVE('NONE',#6153,#6804,#8375,.T.);
#8375=LINE('',#8376,#8377);
#8376=CARTESIAN_POINT('',(7.03,-1.07,-0.6));
#8377=VECTOR('',#8378,1.0);
#8378=DIRECTION('',(0.0,0.0,1.0));
#8379=ORIENTED_EDGE('',*,*,#6803,.F.);
#8380=ORIENTED_EDGE('',*,*,#8357,.F.);
#8381=ORIENTED_EDGE('',*,*,#6160,.F.);
#8382=PLANE('',#8383);
#8383=AXIS2_PLACEMENT_3D('',#8384,#8385,#8386);
#8384=CARTESIAN_POINT('',(7.03,-1.07,-0.6));
#8385=DIRECTION('',(-3.188829919E-16,1.0,0.0));
#8386=DIRECTION('',(-1.0,-3.188829919E-16,0.0));
#8387=ADVANCED_FACE('NONE',(#8388),#8394,.F.);
#8388=FACE_BOUND('NONE',#8389,.T.);
#8389=EDGE_LOOP('',(#8390,#8391,#8392,#8393));
#8390=ORIENTED_EDGE('',*,*,#8342,.F.);
#8391=ORIENTED_EDGE('',*,*,#6811,.F.);
#8392=ORIENTED_EDGE('',*,*,#8374,.F.);
#8393=ORIENTED_EDGE('',*,*,#6152,.F.);
#8394=PLANE('',#8395);
#8395=AXIS2_PLACEMENT_3D('',#8396,#8397,#8398);
#8396=CARTESIAN_POINT('',(7.03,-2.81,-0.6));
#8397=DIRECTION('',(1.0,4.984837575E-16,0.0));
#8398=DIRECTION('',(-4.984837575E-16,1.0,0.0));
#8399=ADVANCED_FACE('NONE',(#8400),#8417,.T.);
#8400=FACE_BOUND('NONE',#8401,.T.);
#8401=EDGE_LOOP('',(#8402,#8403,#8411));
#8402=ORIENTED_EDGE('',*,*,#6000,.F.);
#8403=ORIENTED_EDGE('',*,*,#8404,.T.);
#8404=EDGE_CURVE('NONE',#5992,#8405,#8407,.F.);
#8405=VERTEX_POINT('NONE',#8406);
#8406=CARTESIAN_POINT('',(-5.35,3.45,2.872150035));
#8407=LINE('',#8408,#8409);
#8408=CARTESIAN_POINT('',(-7.35,3.45,2.872150035));
#8409=VECTOR('',#8410,1.0);
#8410=DIRECTION('',(-1.0,-2.168404345E-16,0.0));
#8411=ORIENTED_EDGE('',*,*,#8412,.T.);
#8412=EDGE_CURVE('NONE',#8405,#5969,#8413,.F.);
#8413=LINE('',#8414,#8415);
#8414=CARTESIAN_POINT('',(-5.35,3.45,3.322150035));
#8415=VECTOR('',#8416,1.0);
#8416=DIRECTION('',(0.0,0.0,-1.0));
#8417=PLANE('',#8418);
#8418=AXIS2_PLACEMENT_3D('',#8419,#8420,#8421);
#8419=CARTESIAN_POINT('',(-7.48099499E-16,3.45,0.0));
#8420=DIRECTION('',(2.168404345E-16,-1.0,0.0));
#8421=DIRECTION('',(1.0,2.168404345E-16,0.0));
#8422=ADVANCED_FACE('NONE',(#8423),#8440,.F.);
#8423=FACE_BOUND('NONE',#8424,.T.);
#8424=EDGE_LOOP('',(#8425,#8433,#8439));
#8425=ORIENTED_EDGE('',*,*,#8426,.T.);
#8426=EDGE_CURVE('NONE',#5971,#8427,#8429,.T.);
#8427=VERTEX_POINT('NONE',#8428);
#8428=CARTESIAN_POINT('',(-5.35,3.15,2.872150035));
#8429=LINE('',#8430,#8431);
#8430=CARTESIAN_POINT('',(-5.35,3.15,3.322150035));
#8431=VECTOR('',#8432,1.0);
#8432=DIRECTION('',(0.0,0.0,-1.0));
#8433=ORIENTED_EDGE('',*,*,#8434,.T.);
#8434=EDGE_CURVE('NONE',#8427,#5983,#8435,.T.);
#8435=LINE('',#8436,#8437);
#8436=CARTESIAN_POINT('',(-7.35,3.15,2.872150035));
#8437=VECTOR('',#8438,1.0);
#8438=DIRECTION('',(-1.0,-2.168404345E-16,0.0));
#8439=ORIENTED_EDGE('',*,*,#5982,.F.);
#8440=PLANE('',#8441);
#8441=AXIS2_PLACEMENT_3D('',#8442,#8443,#8444);
#8442=CARTESIAN_POINT('',(-7.149519167E-16,3.15,0.0));
#8443=DIRECTION('',(2.168404345E-16,-1.0,0.0));
#8444=DIRECTION('',(1.0,2.168404345E-16,0.0));
#8445=ADVANCED_FACE('NONE',(#8446),#8457,.F.);
#8446=FACE_BOUND('NONE',#8447,.T.);
#8447=EDGE_LOOP('',(#8448,#8449,#8455,#8456));
#8448=ORIENTED_EDGE('',*,*,#8434,.F.);
#8449=ORIENTED_EDGE('',*,*,#8450,.T.);
#8450=EDGE_CURVE('NONE',#8427,#8405,#8451,.T.);
#8451=LINE('',#8452,#8453);
#8452=CARTESIAN_POINT('',(-5.35,3.15,2.872150035));
#8453=VECTOR('',#8454,1.0);
#8454=DIRECTION('',(-1.104919411E-16,1.0,0.0));
#8455=ORIENTED_EDGE('',*,*,#8404,.F.);
#8456=ORIENTED_EDGE('',*,*,#5991,.F.);
#8457=PLANE('',#8458);
#8458=AXIS2_PLACEMENT_3D('',#8459,#8460,#8461);
#8459=CARTESIAN_POINT('',(-7.35,3.15,2.872150035));
#8460=DIRECTION('',(0.0,0.0,-1.0));
#8461=DIRECTION('',(-1.0,0.0,0.0));
#8462=ADVANCED_FACE('NONE',(#8463),#8469,.F.);
#8463=FACE_BOUND('NONE',#8464,.T.);
#8464=EDGE_LOOP('',(#8465,#8466,#8467,#8468));
#8465=ORIENTED_EDGE('',*,*,#8412,.F.);
#8466=ORIENTED_EDGE('',*,*,#8450,.F.);
#8467=ORIENTED_EDGE('',*,*,#8426,.F.);
#8468=ORIENTED_EDGE('',*,*,#5968,.F.);
#8469=PLANE('',#8470);
#8470=AXIS2_PLACEMENT_3D('',#8471,#8472,#8473);
#8471=CARTESIAN_POINT('',(-5.35,3.15,3.322150035));
#8472=DIRECTION('',(1.0,1.104919411E-16,0.0));
#8473=DIRECTION('',(-1.104919411E-16,1.0,0.0));
#8474=ADVANCED_FACE('NONE',(#8475),#8492,.F.);
#8475=FACE_BOUND('NONE',#8476,.T.);
#8476=EDGE_LOOP('',(#8477,#8485,#8491));
#8477=ORIENTED_EDGE('',*,*,#8478,.T.);
#8478=EDGE_CURVE('NONE',#5930,#8479,#8481,.T.);
#8479=VERTEX_POINT('NONE',#8480);
#8480=CARTESIAN_POINT('',(-5.35,3.15,3.322150035));
#8481=LINE('',#8482,#8483);
#8482=CARTESIAN_POINT('',(-7.35,3.15,3.322150035));
#8483=VECTOR('',#8484,1.0);
#8484=DIRECTION('',(1.0,2.168404345E-16,0.0));
#8485=ORIENTED_EDGE('',*,*,#8486,.T.);
#8486=EDGE_CURVE('NONE',#8479,#5939,#8487,.T.);
#8487=LINE('',#8488,#8489);
#8488=CARTESIAN_POINT('',(-5.35,3.15,3.322150035));
#8489=VECTOR('',#8490,1.0);
#8490=DIRECTION('',(0.0,0.0,-1.0));
#8491=ORIENTED_EDGE('',*,*,#5938,.F.);
#8492=PLANE('',#8493);
#8493=AXIS2_PLACEMENT_3D('',#8494,#8495,#8496);
#8494=CARTESIAN_POINT('',(-7.149519167E-16,3.15,0.0));
#8495=DIRECTION('',(2.168404345E-16,-1.0,0.0));
#8496=DIRECTION('',(1.0,2.168404345E-16,0.0));
#8497=ADVANCED_FACE('NONE',(#8498),#8515,.T.);
#8498=FACE_BOUND('NONE',#8499,.T.);
#8499=EDGE_LOOP('',(#8500,#8501,#8509));
#8500=ORIENTED_EDGE('',*,*,#5959,.F.);
#8501=ORIENTED_EDGE('',*,*,#8502,.T.);
#8502=EDGE_CURVE('NONE',#5948,#8503,#8505,.F.);
#8503=VERTEX_POINT('NONE',#8504);
#8504=CARTESIAN_POINT('',(-5.35,3.45,3.322150035));
#8505=LINE('',#8506,#8507);
#8506=CARTESIAN_POINT('',(-5.35,3.45,3.322150035));
#8507=VECTOR('',#8508,1.0);
#8508=DIRECTION('',(0.0,0.0,-1.0));
#8509=ORIENTED_EDGE('',*,*,#8510,.T.);
#8510=EDGE_CURVE('NONE',#8503,#5928,#8511,.F.);
#8511=LINE('',#8512,#8513);
#8512=CARTESIAN_POINT('',(-7.35,3.45,3.322150035));
#8513=VECTOR('',#8514,1.0);
#8514=DIRECTION('',(1.0,2.168404345E-16,0.0));
#8515=PLANE('',#8516);
#8516=AXIS2_PLACEMENT_3D('',#8517,#8518,#8519);
#8517=CARTESIAN_POINT('',(-7.48099499E-16,3.45,0.0));
#8518=DIRECTION('',(2.168404345E-16,-1.0,0.0));
#8519=DIRECTION('',(1.0,2.168404345E-16,0.0));
#8520=ADVANCED_FACE('NONE',(#8521),#8532,.F.);
#8521=FACE_BOUND('NONE',#8522,.T.);
#8522=EDGE_LOOP('',(#8523,#8524,#8530,#8531));
#8523=ORIENTED_EDGE('',*,*,#8510,.F.);
#8524=ORIENTED_EDGE('',*,*,#8525,.T.);
#8525=EDGE_CURVE('NONE',#8503,#8479,#8526,.F.);
#8526=LINE('',#8527,#8528);
#8527=CARTESIAN_POINT('',(-5.35,3.15,3.322150035));
#8528=VECTOR('',#8529,1.0);
#8529=DIRECTION('',(-1.104919411E-16,1.0,0.0));
#8530=ORIENTED_EDGE('',*,*,#8478,.F.);
#8531=ORIENTED_EDGE('',*,*,#5927,.F.);
#8532=PLANE('',#8533);
#8533=AXIS2_PLACEMENT_3D('',#8534,#8535,#8536);
#8534=CARTESIAN_POINT('',(-7.35,3.15,3.322150035));
#8535=DIRECTION('',(0.0,0.0,1.0));
#8536=DIRECTION('',(1.0,0.0,0.0));
#8537=ADVANCED_FACE('NONE',(#8538),#8544,.F.);
#8538=FACE_BOUND('NONE',#8539,.T.);
#8539=EDGE_LOOP('',(#8540,#8541,#8542,#8543));
#8540=ORIENTED_EDGE('',*,*,#8486,.F.);
#8541=ORIENTED_EDGE('',*,*,#8525,.F.);
#8542=ORIENTED_EDGE('',*,*,#8502,.F.);
#8543=ORIENTED_EDGE('',*,*,#5947,.F.);
#8544=PLANE('',#8545);
#8545=AXIS2_PLACEMENT_3D('',#8546,#8547,#8548);
#8546=CARTESIAN_POINT('',(-5.35,3.15,3.322150035));
#8547=DIRECTION('',(1.0,1.104919411E-16,0.0));
#8548=DIRECTION('',(-1.104919411E-16,1.0,0.0));
#8549=ADVANCED_FACE('NONE',(#8550),#8567,.F.);
#8550=FACE_BOUND('NONE',#8551,.T.);
#8551=EDGE_LOOP('',(#8552,#8560,#8566));
#8552=ORIENTED_EDGE('',*,*,#8553,.T.);
#8553=EDGE_CURVE('NONE',#174,#8554,#8556,.T.);
#8554=VERTEX_POINT('NONE',#8555);
#8555=CARTESIAN_POINT('',(-7.35,3.15,3.322150035));
#8556=LINE('',#8557,#8558);
#8557=CARTESIAN_POINT('',(-7.35,3.15,3.322150035));
#8558=VECTOR('',#8559,1.0);
#8559=DIRECTION('',(0.0,0.0,1.0));
#8560=ORIENTED_EDGE('',*,*,#8561,.T.);
#8561=EDGE_CURVE('NONE',#8554,#186,#8562,.T.);
#8562=LINE('',#8563,#8564);
#8563=CARTESIAN_POINT('',(-7.35,3.15,3.322150035));
#8564=VECTOR('',#8565,1.0);
#8565=DIRECTION('',(1.0,2.168404345E-16,0.0));
#8566=ORIENTED_EDGE('',*,*,#185,.F.);
#8567=PLANE('',#8568);
#8568=AXIS2_PLACEMENT_3D('',#8569,#8570,#8571);
#8569=CARTESIAN_POINT('',(-7.149519167E-16,3.15,0.0));
#8570=DIRECTION('',(2.168404345E-16,-1.0,0.0));
#8571=DIRECTION('',(1.0,2.168404345E-16,0.0));
#8572=ADVANCED_FACE('NONE',(#8573),#8590,.T.);
#8573=FACE_BOUND('NONE',#8574,.T.);
#8574=EDGE_LOOP('',(#8575,#8576,#8584));
#8575=ORIENTED_EDGE('',*,*,#203,.F.);
#8576=ORIENTED_EDGE('',*,*,#8577,.T.);
#8577=EDGE_CURVE('NONE',#195,#8578,#8580,.F.);
#8578=VERTEX_POINT('NONE',#8579);
#8579=CARTESIAN_POINT('',(-7.35,3.45,3.322150035));
#8580=LINE('',#8581,#8582);
#8581=CARTESIAN_POINT('',(-7.35,3.45,3.322150035));
#8582=VECTOR('',#8583,1.0);
#8583=DIRECTION('',(1.0,2.168404345E-16,0.0));
#8584=ORIENTED_EDGE('',*,*,#8585,.T.);
#8585=EDGE_CURVE('NONE',#8578,#172,#8586,.F.);
#8586=LINE('',#8587,#8588);
#8587=CARTESIAN_POINT('',(-7.35,3.45,3.322150035));
#8588=VECTOR('',#8589,1.0);
#8589=DIRECTION('',(0.0,0.0,1.0));
#8590=PLANE('',#8591);
#8591=AXIS2_PLACEMENT_3D('',#8592,#8593,#8594);
#8592=CARTESIAN_POINT('',(-7.48099499E-16,3.45,0.0));
#8593=DIRECTION('',(2.168404345E-16,-1.0,0.0));
#8594=DIRECTION('',(1.0,2.168404345E-16,0.0));
#8595=ADVANCED_FACE('NONE',(#8596),#8607,.F.);
#8596=FACE_BOUND('NONE',#8597,.T.);
#8597=EDGE_LOOP('',(#8598,#8599,#8605,#8606));
#8598=ORIENTED_EDGE('',*,*,#8585,.F.);
#8599=ORIENTED_EDGE('',*,*,#8600,.T.);
#8600=EDGE_CURVE('NONE',#8578,#8554,#8601,.F.);
#8601=LINE('',#8602,#8603);
#8602=CARTESIAN_POINT('',(-7.35,3.15,3.322150035));
#8603=VECTOR('',#8604,1.0);
#8604=DIRECTION('',(-1.104919411E-16,1.0,0.0));
#8605=ORIENTED_EDGE('',*,*,#8553,.F.);
#8606=ORIENTED_EDGE('',*,*,#171,.F.);
#8607=PLANE('',#8608);
#8608=AXIS2_PLACEMENT_3D('',#8609,#8610,#8611);
#8609=CARTESIAN_POINT('',(-7.35,3.15,3.322150035));
#8610=DIRECTION('',(-1.0,-1.104919411E-16,0.0));
#8611=DIRECTION('',(1.104919411E-16,-1.0,0.0));
#8612=ADVANCED_FACE('NONE',(#8613),#8619,.F.);
#8613=FACE_BOUND('NONE',#8614,.T.);
#8614=EDGE_LOOP('',(#8615,#8616,#8617,#8618));
#8615=ORIENTED_EDGE('',*,*,#8561,.F.);
#8616=ORIENTED_EDGE('',*,*,#8600,.F.);
#8617=ORIENTED_EDGE('',*,*,#8577,.F.);
#8618=ORIENTED_EDGE('',*,*,#194,.F.);
#8619=PLANE('',#8620);
#8620=AXIS2_PLACEMENT_3D('',#8621,#8622,#8623);
#8621=CARTESIAN_POINT('',(-7.35,3.15,3.322150035));
#8622=DIRECTION('',(0.0,0.0,1.0));
#8623=DIRECTION('',(1.0,0.0,0.0));
#8624=ADVANCED_FACE('NONE',(#8625),#8650,.F.);
#8625=FACE_BOUND('NONE',#8626,.T.);
#8626=EDGE_LOOP('',(#8627,#8635,#8643,#8649));
#8627=ORIENTED_EDGE('',*,*,#8628,.T.);
#8628=EDGE_CURVE('NONE',#224,#8629,#8631,.F.);
#8629=VERTEX_POINT('NONE',#8630);
#8630=CARTESIAN_POINT('',(-7.35,3.15,2.872150035));
#8631=LINE('',#8632,#8633);
#8632=CARTESIAN_POINT('',(-7.35,3.15,3.322150035));
#8633=VECTOR('',#8634,1.0);
#8634=DIRECTION('',(0.0,0.0,1.0));
#8635=ORIENTED_EDGE('',*,*,#8636,.T.);
#8636=EDGE_CURVE('NONE',#8629,#8637,#8639,.T.);
#8637=VERTEX_POINT('NONE',#8638);
#8638=CARTESIAN_POINT('',(-7.35,3.45,2.872150035));
#8639=LINE('',#8640,#8641);
#8640=CARTESIAN_POINT('',(-7.35,3.15,2.872150035));
#8641=VECTOR('',#8642,1.0);
#8642=DIRECTION('',(-1.104919411E-16,1.0,0.0));
#8643=ORIENTED_EDGE('',*,*,#8644,.T.);
#8644=EDGE_CURVE('NONE',#8637,#233,#8645,.T.);
#8645=LINE('',#8646,#8647);
#8646=CARTESIAN_POINT('',(-7.35,3.45,3.322150035));
#8647=VECTOR('',#8648,1.0);
#8648=DIRECTION('',(0.0,0.0,1.0));
#8649=ORIENTED_EDGE('',*,*,#232,.F.);
#8650=PLANE('',#8651);
#8651=AXIS2_PLACEMENT_3D('',#8652,#8653,#8654);
#8652=CARTESIAN_POINT('',(-7.35,3.15,3.322150035));
#8653=DIRECTION('',(-1.0,-1.104919411E-16,0.0));
#8654=DIRECTION('',(1.104919411E-16,-1.0,0.0));
#8655=ADVANCED_FACE('NONE',(#8656),#8672,.F.);
#8656=FACE_BOUND('NONE',#8657,.T.);
#8657=EDGE_LOOP('',(#8658,#8664,#8665,#8671));
#8658=ORIENTED_EDGE('',*,*,#8659,.T.);
#8659=EDGE_CURVE('NONE',#213,#8637,#8660,.T.);
#8660=LINE('',#8661,#8662);
#8661=CARTESIAN_POINT('',(-7.35,3.45,2.872150035));
#8662=VECTOR('',#8663,1.0);
#8663=DIRECTION('',(-1.0,-2.168404345E-16,0.0));
#8664=ORIENTED_EDGE('',*,*,#8636,.F.);
#8665=ORIENTED_EDGE('',*,*,#8666,.T.);
#8666=EDGE_CURVE('NONE',#8629,#215,#8667,.F.);
#8667=LINE('',#8668,#8669);
#8668=CARTESIAN_POINT('',(-7.35,3.15,2.872150035));
#8669=VECTOR('',#8670,1.0);
#8670=DIRECTION('',(-1.0,-2.168404345E-16,0.0));
#8671=ORIENTED_EDGE('',*,*,#212,.F.);
#8672=PLANE('',#8673);
#8673=AXIS2_PLACEMENT_3D('',#8674,#8675,#8676);
#8674=CARTESIAN_POINT('',(-7.35,3.15,2.872150035));
#8675=DIRECTION('',(0.0,0.0,-1.0));
#8676=DIRECTION('',(-1.0,0.0,0.0));
#8677=ADVANCED_FACE('NONE',(#8678),#8683,.F.);
#8678=FACE_BOUND('NONE',#8679,.T.);
#8679=EDGE_LOOP('',(#8680,#8681,#8682));
#8680=ORIENTED_EDGE('',*,*,#8666,.F.);
#8681=ORIENTED_EDGE('',*,*,#8628,.F.);
#8682=ORIENTED_EDGE('',*,*,#223,.F.);
#8683=PLANE('',#8684);
#8684=AXIS2_PLACEMENT_3D('',#8685,#8686,#8687);
#8685=CARTESIAN_POINT('',(-7.149519167E-16,3.15,0.0));
#8686=DIRECTION('',(2.168404345E-16,-1.0,0.0));
#8687=DIRECTION('',(1.0,2.168404345E-16,0.0));
#8688=ADVANCED_FACE('NONE',(#8689),#8694,.T.);
#8689=FACE_BOUND('NONE',#8690,.T.);
#8690=EDGE_LOOP('',(#8691,#8692,#8693));
#8691=ORIENTED_EDGE('',*,*,#244,.F.);
#8692=ORIENTED_EDGE('',*,*,#8644,.F.);
#8693=ORIENTED_EDGE('',*,*,#8659,.F.);
#8694=PLANE('',#8695);
#8695=AXIS2_PLACEMENT_3D('',#8696,#8697,#8698);
#8696=CARTESIAN_POINT('',(-7.48099499E-16,3.45,0.0));
#8697=DIRECTION('',(2.168404345E-16,-1.0,0.0));
#8698=DIRECTION('',(1.0,2.168404345E-16,0.0));
#8699=MANIFOLD_SOLID_BREP('Boss-Extrude9',#8700);
#8700=CLOSED_SHELL('NONE',(#8701,#8794,#8850,#8893,#8933,#8973,#9047,#9103,#9134,#9181,#9302,#9423,#9438,#9503,#9543,#9581,#9607,#9633,#9664,#9688,#9712,#9729,#9751,#9772,#9798,#9823,#9866,#9883,#9900,#9914,#9931,#9943,#9955,#9972,#9989,#10006,#10023,#10040,#10052,#10064,#10076,#10093,#10105,#10136,#10160,#10191,#10222,#10253,#10270,#10282,#10298,#10329,#10353,#10377,#10394,#10434,#10465,#10496,#10518,#10536));
#8701=ADVANCED_FACE('NONE',(#8702),#8789,.T.);
#8702=FACE_BOUND('NONE',#8703,.T.);
#8703=EDGE_LOOP('',(#8704,#8719,#8727,#8736,#8744,#8753,#8761,#8770,#8778));
#8704=ORIENTED_EDGE('',*,*,#8705,.T.);
#8705=EDGE_CURVE('NONE',#8706,#8708,#8710,.T.);
#8706=VERTEX_POINT('NONE',#8707);
#8707=CARTESIAN_POINT('',(-6.35,2.6,4.097150035));
#8708=VERTEX_POINT('NONE',#8709);
#8709=CARTESIAN_POINT('',(-5.35,2.599571453,3.097150035));
#8710=B_SPLINE_CURVE_WITH_KNOTS('',3,(#8711,#8712,#8713,#8714,#8715,#8716,#8717,#8718),.UNSPECIFIED.,.F.,.U.,(4,2,2,4),(0.002180736,0.002571506,0.002962276,0.003743817),.UNSPECIFIED.);
#8711=CARTESIAN_POINT('',(-6.35,2.6,4.097150035));
#8712=CARTESIAN_POINT('',(-6.219743086,2.6,4.097150035));
#8713=CARTESIAN_POINT('',(-6.08812699,2.599988805,4.07102761));
#8714=CARTESIAN_POINT('',(-5.84707184,2.599946053,3.971265743));
#8715=CARTESIAN_POINT('',(-5.735902883,2.599914305,3.89718291));
#8716=CARTESIAN_POINT('',(-5.457829191,2.599795244,3.6193595));
#8717=CARTESIAN_POINT('',(-5.35,2.599683875,3.359482323));
#8718=CARTESIAN_POINT('',(-5.35,2.599571453,3.097150035));
#8719=ORIENTED_EDGE('',*,*,#8720,.T.);
#8720=EDGE_CURVE('NONE',#8708,#8721,#8723,.T.);
#8721=VERTEX_POINT('NONE',#8722);
#8722=CARTESIAN_POINT('',(-5.35,3.15,3.097150035));
#8723=LINE('',#8724,#8725);
#8724=CARTESIAN_POINT('',(-5.35,-4.251,3.097150035));
#8725=VECTOR('',#8726,1.0);
#8726=DIRECTION('',(-1.104919411E-16,1.0,0.0));
#8727=ORIENTED_EDGE('',*,*,#8728,.T.);
#8728=EDGE_CURVE('NONE',#8721,#8729,#8731,.F.);
#8729=VERTEX_POINT('NONE',#8730);
#8730=CARTESIAN_POINT('',(-5.375641237,3.15,3.322150035));
#8731=CIRCLE('',#8732,1.0);
#8732=AXIS2_PLACEMENT_3D('',#8733,#8734,#8735);
#8733=CARTESIAN_POINT('',(-6.35,3.15,3.097150035));
#8734=DIRECTION('',(-2.168404345E-16,1.0,0.0));
#8735=DIRECTION('',(1.0,2.168404345E-16,-5.204170428E-15));
#8736=ORIENTED_EDGE('',*,*,#8737,.T.);
#8737=EDGE_CURVE('NONE',#8729,#8738,#8740,.F.);
#8738=VERTEX_POINT('NONE',#8739);
#8739=CARTESIAN_POINT('',(-5.375641237,3.45,3.322150035));
#8740=LINE('',#8741,#8742);
#8741=CARTESIAN_POINT('',(-5.375641237,-4.251,3.322150035));
#8742=VECTOR('',#8743,1.0);
#8743=DIRECTION('',(1.104919411E-16,-1.0,0.0));
#8744=ORIENTED_EDGE('',*,*,#8745,.T.);
#8745=EDGE_CURVE('NONE',#8738,#8746,#8748,.F.);
#8746=VERTEX_POINT('NONE',#8747);
#8747=CARTESIAN_POINT('',(-7.324358763,3.45,3.322150035));
#8748=CIRCLE('',#8749,1.0);
#8749=AXIS2_PLACEMENT_3D('',#8750,#8751,#8752);
#8750=CARTESIAN_POINT('',(-6.35,3.45,3.097150035));
#8751=DIRECTION('',(-1.104919411E-16,1.0,0.0));
#8752=DIRECTION('',(-1.0,-1.104919411E-16,0.0));
#8753=ORIENTED_EDGE('',*,*,#8754,.T.);
#8754=EDGE_CURVE('NONE',#8746,#8755,#8757,.F.);
#8755=VERTEX_POINT('NONE',#8756);
#8756=CARTESIAN_POINT('',(-7.324358763,3.15,3.322150035));
#8757=LINE('',#8758,#8759);
#8758=CARTESIAN_POINT('',(-7.324358763,-4.251,3.322150035));
#8759=VECTOR('',#8760,1.0);
#8760=DIRECTION('',(-1.104919411E-16,1.0,0.0));
#8761=ORIENTED_EDGE('',*,*,#8762,.T.);
#8762=EDGE_CURVE('NONE',#8755,#8763,#8765,.F.);
#8763=VERTEX_POINT('NONE',#8764);
#8764=CARTESIAN_POINT('',(-7.35,3.15,3.097150035));
#8765=CIRCLE('',#8766,1.0);
#8766=AXIS2_PLACEMENT_3D('',#8767,#8768,#8769);
#8767=CARTESIAN_POINT('',(-6.35,3.15,3.097150035));
#8768=DIRECTION('',(-2.168404345E-16,1.0,0.0));
#8769=DIRECTION('',(1.0,2.168404345E-16,0.0));
#8770=ORIENTED_EDGE('',*,*,#8771,.T.);
#8771=EDGE_CURVE('NONE',#8763,#8772,#8774,.F.);
#8772=VERTEX_POINT('NONE',#8773);
#8773=CARTESIAN_POINT('',(-7.35,2.599571453,3.097150035));
#8774=LINE('',#8775,#8776);
#8775=CARTESIAN_POINT('',(-7.35,-4.251,3.097150035));
#8776=VECTOR('',#8777,1.0);
#8777=DIRECTION('',(-1.104919411E-16,1.0,0.0));
#8778=ORIENTED_EDGE('',*,*,#8779,.T.);
#8779=EDGE_CURVE('NONE',#8772,#8706,#8780,.T.);
#8780=B_SPLINE_CURVE_WITH_KNOTS('',3,(#8781,#8782,#8783,#8784,#8785,#8786,#8787,#8788),.UNSPECIFIED.,.F.,.U.,(4,2,2,4),(6.176795043E-04,0.001399208,0.001789972,0.002180736),.UNSPECIFIED.);
#8781=CARTESIAN_POINT('',(-7.35,2.599571453,3.097150035));
#8782=CARTESIAN_POINT('',(-7.35,2.599683827,3.35936959));
#8783=CARTESIAN_POINT('',(-7.242246188,2.599795211,3.619280603));
#8784=CARTESIAN_POINT('',(-6.964069695,2.599914317,3.8972121));
#8785=CARTESIAN_POINT('',(-6.852949398,2.599946049,3.971257038));
#8786=CARTESIAN_POINT('',(-6.611850667,2.599988809,4.071036772));
#8787=CARTESIAN_POINT('',(-6.480254922,2.6,4.097150035));
#8788=CARTESIAN_POINT('',(-6.35,2.6,4.097150035));
#8789=CYLINDRICAL_SURFACE('',#8790,1.0);
#8790=AXIS2_PLACEMENT_3D('',#8791,#8792,#8793);
#8791=CARTESIAN_POINT('',(-6.35,-4.251,3.097150035));
#8792=DIRECTION('',(-1.104919411E-16,1.0,0.0));
#8793=DIRECTION('',(-1.0,-1.104919411E-16,0.0));
#8794=ADVANCED_FACE('NONE',(#8795),#8845,.F.);
#8795=FACE_BOUND('NONE',#8796,.T.);
#8796=EDGE_LOOP('',(#8797,#8810,#8816,#8817,#8828,#8836));
#8797=ORIENTED_EDGE('',*,*,#8798,.T.);
#8798=EDGE_CURVE('NONE',#8799,#8801,#8803,.F.);
#8799=VERTEX_POINT('NONE',#8800);
#8800=CARTESIAN_POINT('',(-6.885,2.599770745,3.097150035));
#8801=VERTEX_POINT('NONE',#8802);
#8802=CARTESIAN_POINT('',(-6.35,2.6,3.632150035));
#8803=B_SPLINE_CURVE_WITH_KNOTS('',3,(#8804,#8805,#8806,#8807,#8808,#8809),.UNSPECIFIED.,.F.,.U.,(4,2,4),(0.002178774,0.002597126,0.003015478),.UNSPECIFIED.);
#8804=CARTESIAN_POINT('',(-6.35,2.6,3.632150035));
#8805=CARTESIAN_POINT('',(-6.490547022,2.6,3.632150035));
#8806=CARTESIAN_POINT('',(-6.629727505,2.599975101,3.574044078));
#8807=CARTESIAN_POINT('',(-6.826943095,2.599890576,3.376793898));
#8808=CARTESIAN_POINT('',(-6.885,2.59983078,3.237250094));
#8809=CARTESIAN_POINT('',(-6.885,2.599770745,3.097150035));
#8810=ORIENTED_EDGE('',*,*,#8811,.T.);
#8811=EDGE_CURVE('NONE',#8801,#8706,#8812,.T.);
#8812=LINE('',#8813,#8814);
#8813=CARTESIAN_POINT('',(-6.35,2.6,4.121357041));
#8814=VECTOR('',#8815,1.0);
#8815=DIRECTION('',(1.224646687E-16,6.331740687E-17,1.0));
#8816=ORIENTED_EDGE('',*,*,#8779,.F.);
#8817=ORIENTED_EDGE('',*,*,#8818,.T.);
#8818=EDGE_CURVE('NONE',#8772,#8819,#8821,.F.);
#8819=VERTEX_POINT('NONE',#8820);
#8820=CARTESIAN_POINT('',(-6.35,2.599142907,2.097150035));
#8821=B_SPLINE_CURVE_WITH_KNOTS('',3,(#8822,#8823,#8824,#8825,#8826,#8827),.UNSPECIFIED.,.F.,.U.,(4,2,4),(0.005307765,0.006088827,0.006869889),.UNSPECIFIED.);
#8822=CARTESIAN_POINT('',(-6.35,2.599142907,2.097150035));
#8823=CARTESIAN_POINT('',(-6.611754494,2.599142907,2.097150035));
#8824=CARTESIAN_POINT('',(-6.871083415,2.599188701,2.204009994));
#8825=CARTESIAN_POINT('',(-7.24316775,2.599348165,2.576114117));
#8826=CARTESIAN_POINT('',(-7.35,2.599459147,2.835086993));
#8827=CARTESIAN_POINT('',(-7.35,2.599571453,3.097150035));
#8828=ORIENTED_EDGE('',*,*,#8829,.T.);
#8829=EDGE_CURVE('NONE',#8819,#8830,#8832,.F.);
#8830=VERTEX_POINT('NONE',#8831);
#8831=CARTESIAN_POINT('',(-6.35,2.599541489,2.562150035));
#8832=LINE('',#8833,#8834);
#8833=CARTESIAN_POINT('',(-6.35,2.59912201,2.072771743));
#8834=VECTOR('',#8835,1.0);
#8835=DIRECTION('',(0.0,-8.571666501E-04,-0.999999633));
#8836=ORIENTED_EDGE('',*,*,#8837,.T.);
#8837=EDGE_CURVE('NONE',#8830,#8799,#8838,.F.);
#8838=B_SPLINE_CURVE_WITH_KNOTS('',3,(#8839,#8840,#8841,#8842,#8843,#8844),.UNSPECIFIED.,.F.,.U.,(4,2,4),(0.003015478,0.003433348,0.003851218),.UNSPECIFIED.);
#8839=CARTESIAN_POINT('',(-6.885,2.599770745,3.097150035));
#8840=CARTESIAN_POINT('',(-6.885,2.599710779,2.957211212));
#8841=CARTESIAN_POINT('',(-6.82653435,2.599650652,2.816896807));
#8842=CARTESIAN_POINT('',(-6.629364195,2.599566319,2.620093954));
#8843=CARTESIAN_POINT('',(-6.490092862,2.599541489,2.562150035));
#8844=CARTESIAN_POINT('',(-6.35,2.599541489,2.562150035));
#8845=CONICAL_SURFACE('',#8846,1.024292743,1.570367743);
#8846=AXIS2_PLACEMENT_3D('',#8847,#8848,#8849);
#8847=CARTESIAN_POINT('',(-6.35,2.599561005,3.097064392));
#8848=DIRECTION('',(0.0,-0.999999908,4.285833644E-04));
#8849=DIRECTION('',(0.0,-4.285833644E-04,-0.999999908));
#8850=ADVANCED_FACE('NONE',(#8851),#8888,.T.);
#8851=FACE_BOUND('NONE',#8852,.T.);
#8852=EDGE_LOOP('',(#8853,#8864,#8865,#8873,#8882));
#8853=ORIENTED_EDGE('',*,*,#8854,.T.);
#8854=EDGE_CURVE('NONE',#8855,#8801,#8857,.T.);
#8855=VERTEX_POINT('NONE',#8856);
#8856=CARTESIAN_POINT('',(-5.815,2.599770745,3.097150035));
#8857=B_SPLINE_CURVE_WITH_KNOTS('',3,(#8858,#8859,#8860,#8861,#8862,#8863),.UNSPECIFIED.,.F.,.U.,(4,2,4),(0.001342498,0.001760636,0.002178774),.UNSPECIFIED.);
#8858=CARTESIAN_POINT('',(-5.815,2.599770745,3.097150035));
#8859=CARTESIAN_POINT('',(-5.815,2.599830473,3.236534968));
#8860=CARTESIAN_POINT('',(-5.872505084,2.599890308,3.376167507));
#8861=CARTESIAN_POINT('',(-6.070540229,2.599975247,3.574386225));
#8862=CARTESIAN_POINT('',(-6.209524735,2.6,3.632150035));
#8863=CARTESIAN_POINT('',(-6.35,2.6,3.632150035));
#8864=ORIENTED_EDGE('',*,*,#8798,.F.);
#8865=ORIENTED_EDGE('',*,*,#8866,.T.);
#8866=EDGE_CURVE('NONE',#8799,#8867,#8869,.T.);
#8867=VERTEX_POINT('NONE',#8868);
#8868=CARTESIAN_POINT('',(-6.885,1.29,3.097150035));
#8869=LINE('',#8870,#8871);
#8870=CARTESIAN_POINT('',(-6.885,4.251,3.097150035));
#8871=VECTOR('',#8872,1.0);
#8872=DIRECTION('',(9.856383386E-17,-1.0,0.0));
#8873=ORIENTED_EDGE('',*,*,#8874,.T.);
#8874=EDGE_CURVE('NONE',#8867,#8875,#8877,.T.);
#8875=VERTEX_POINT('NONE',#8876);
#8876=CARTESIAN_POINT('',(-5.815,1.29,3.097150035));
#8877=CIRCLE('',#8878,0.535);
#8878=AXIS2_PLACEMENT_3D('',#8879,#8880,#8881);
#8879=CARTESIAN_POINT('',(-6.35,1.29,3.097150035));
#8880=DIRECTION('',(-9.856383386E-17,1.0,0.0));
#8881=DIRECTION('',(-1.0,-9.856383386E-17,0.0));
#8882=ORIENTED_EDGE('',*,*,#8883,.T.);
#8883=EDGE_CURVE('NONE',#8875,#8855,#8884,.F.);
#8884=LINE('',#8885,#8886);
#8885=CARTESIAN_POINT('',(-5.815,4.251,3.097150035));
#8886=VECTOR('',#8887,1.0);
#8887=DIRECTION('',(9.856383386E-17,-1.0,0.0));
#8888=CYLINDRICAL_SURFACE('',#8889,0.535);
#8889=AXIS2_PLACEMENT_3D('',#8890,#8891,#8892);
#8890=CARTESIAN_POINT('',(-6.35,4.251,3.097150035));
#8891=DIRECTION('',(9.856383386E-17,-1.0,0.0));
#8892=DIRECTION('',(1.0,9.856383386E-17,0.0));
#8893=ADVANCED_FACE('NONE',(#8894),#8928,.F.);
#8894=FACE_BOUND('NONE',#8895,.T.);
#8895=EDGE_LOOP('',(#8896,#8906,#8914,#8922));
#8896=ORIENTED_EDGE('',*,*,#8897,.T.);
#8897=EDGE_CURVE('NONE',#8898,#8900,#8902,.F.);
#8898=VERTEX_POINT('NONE',#8899);
#8899=CARTESIAN_POINT('',(-6.9,-3.25,0.999712991));
#8900=VERTEX_POINT('NONE',#8901);
#8901=CARTESIAN_POINT('',(-5.8,-3.25,0.999712991));
#8902=LINE('',#8903,#8904);
#8903=CARTESIAN_POINT('',(-5.8,-3.25,0.999712991));
#8904=VECTOR('',#8905,1.0);
#8905=DIRECTION('',(-1.0,0.0,6.652489415E-16));
#8906=ORIENTED_EDGE('',*,*,#8907,.T.);
#8907=EDGE_CURVE('NONE',#8900,#8908,#8910,.F.);
#8908=VERTEX_POINT('NONE',#8909);
#8909=CARTESIAN_POINT('',(-5.8,-1.036532275,0.999712991));
#8910=LINE('',#8911,#8912);
#8911=CARTESIAN_POINT('',(-5.8,-1.036532275,0.999712991));
#8912=VECTOR('',#8913,1.0);
#8913=DIRECTION('',(0.0,-1.0,0.0));
#8914=ORIENTED_EDGE('',*,*,#8915,.T.);
#8915=EDGE_CURVE('NONE',#8908,#8916,#8918,.T.);
#8916=VERTEX_POINT('NONE',#8917);
#8917=CARTESIAN_POINT('',(-6.9,-1.036532275,0.999712991));
#8918=LINE('',#8919,#8920);
#8919=CARTESIAN_POINT('',(-5.8,-1.036532275,0.999712991));
#8920=VECTOR('',#8921,1.0);
#8921=DIRECTION('',(-1.0,-1.104919411E-16,6.652489415E-16));
#8922=ORIENTED_EDGE('',*,*,#8923,.T.);
#8923=EDGE_CURVE('NONE',#8916,#8898,#8924,.T.);
#8924=LINE('',#8925,#8926);
#8925=CARTESIAN_POINT('',(-6.9,-1.036532275,0.999712991));
#8926=VECTOR('',#8927,1.0);
#8927=DIRECTION('',(0.0,-1.0,0.0));
#8928=PLANE('',#8929);
#8929=AXIS2_PLACEMENT_3D('',#8930,#8931,#8932);
#8930=CARTESIAN_POINT('',(-5.8,-1.036532275,0.999712991));
#8931=DIRECTION('',(-6.652489415E-16,0.0,-1.0));
#8932=DIRECTION('',(-1.0,0.0,6.652489415E-16));
#8933=ADVANCED_FACE('NONE',(#8934),#8968,.F.);
#8934=FACE_BOUND('NONE',#8935,.T.);
#8935=EDGE_LOOP('',(#8936,#8946,#8954,#8962));
#8936=ORIENTED_EDGE('',*,*,#8937,.T.);
#8937=EDGE_CURVE('NONE',#8938,#8940,#8942,.F.);
#8938=VERTEX_POINT('NONE',#8939);
#8939=CARTESIAN_POINT('',(-5.8,-3.696532275,1.549571274));
#8940=VERTEX_POINT('NONE',#8941);
#8941=CARTESIAN_POINT('',(-6.9,-3.696532275,1.549571274));
#8942=LINE('',#8943,#8944);
#8943=CARTESIAN_POINT('',(-5.8,-3.696532275,1.549571274));
#8944=VECTOR('',#8945,1.0);
#8945=DIRECTION('',(1.0,1.104919411E-16,0.0));
#8946=ORIENTED_EDGE('',*,*,#8947,.T.);
#8947=EDGE_CURVE('NONE',#8940,#8948,#8950,.T.);
#8948=VERTEX_POINT('NONE',#8949);
#8949=CARTESIAN_POINT('',(-6.9,-3.696532275,2.81));
#8950=LINE('',#8951,#8952);
#8951=CARTESIAN_POINT('',(-6.9,-3.696532275,1.039712991));
#8952=VECTOR('',#8953,1.0);
#8953=DIRECTION('',(9.799108662E-16,0.0,1.0));
#8954=ORIENTED_EDGE('',*,*,#8955,.T.);
#8955=EDGE_CURVE('NONE',#8948,#8956,#8958,.F.);
#8956=VERTEX_POINT('NONE',#8957);
#8957=CARTESIAN_POINT('',(-5.8,-3.696532275,2.81));
#8958=LINE('',#8959,#8960);
#8959=CARTESIAN_POINT('',(-5.8,-3.696532275,2.81));
#8960=VECTOR('',#8961,1.0);
#8961=DIRECTION('',(-1.0,-1.104919411E-16,6.652489415E-16));
#8962=ORIENTED_EDGE('',*,*,#8963,.T.);
#8963=EDGE_CURVE('NONE',#8956,#8938,#8964,.F.);
#8964=LINE('',#8965,#8966);
#8965=CARTESIAN_POINT('',(-5.8,-3.696532275,1.039712991));
#8966=VECTOR('',#8967,1.0);
#8967=DIRECTION('',(9.799108662E-16,0.0,1.0));
#8968=PLANE('',#8969);
#8969=AXIS2_PLACEMENT_3D('',#8970,#8971,#8972);
#8970=CARTESIAN_POINT('',(-5.8,-3.696532275,1.039712991));
#8971=DIRECTION('',(1.104919411E-16,-1.0,-1.082722538E-31));
#8972=DIRECTION('',(1.0,1.104919411E-16,0.0));
#8973=ADVANCED_FACE('NONE',(#8974,#9008),#9042,.F.);
#8974=FACE_BOUND('NONE',#8975,.T.);
#8975=EDGE_LOOP('',(#8976,#8986,#8994,#9002));
#8976=ORIENTED_EDGE('',*,*,#8977,.T.);
#8977=EDGE_CURVE('NONE',#8978,#8980,#8982,.F.);
#8978=VERTEX_POINT('NONE',#8979);
#8979=CARTESIAN_POINT('',(-5.67,-2.81,4.649712991));
#8980=VERTEX_POINT('NONE',#8981);
#8981=CARTESIAN_POINT('',(-7.03,-2.81,4.649712991));
#8982=LINE('',#8983,#8984);
#8983=CARTESIAN_POINT('',(-7.03,-2.81,4.649712991));
#8984=VECTOR('',#8985,1.0);
#8985=DIRECTION('',(1.0,0.0,-6.652489415E-16));
#8986=ORIENTED_EDGE('',*,*,#8987,.T.);
#8987=EDGE_CURVE('NONE',#8980,#8988,#8990,.F.);
#8988=VERTEX_POINT('NONE',#8989);
#8989=CARTESIAN_POINT('',(-7.03,-1.07,4.649712991));
#8990=LINE('',#8991,#8992);
#8991=CARTESIAN_POINT('',(-7.03,-1.07,4.649712991));
#8992=VECTOR('',#8993,1.0);
#8993=DIRECTION('',(0.0,-1.0,0.0));
#8994=ORIENTED_EDGE('',*,*,#8995,.T.);
#8995=EDGE_CURVE('NONE',#8988,#8996,#8998,.F.);
#8996=VERTEX_POINT('NONE',#8997);
#8997=CARTESIAN_POINT('',(-5.67,-1.07,4.649712991));
#8998=LINE('',#8999,#9000);
#8999=CARTESIAN_POINT('',(-7.03,-1.07,4.649712991));
#9000=VECTOR('',#9001,1.0);
#9001=DIRECTION('',(-1.0,0.0,6.652489415E-16));
#9002=ORIENTED_EDGE('',*,*,#9003,.T.);
#9003=EDGE_CURVE('NONE',#8996,#8978,#9004,.F.);
#9004=LINE('',#9005,#9006);
#9005=CARTESIAN_POINT('',(-5.67,-1.07,4.649712991));
#9006=VECTOR('',#9007,1.0);
#9007=DIRECTION('',(0.0,1.0,0.0));
#9008=FACE_BOUND('NONE',#9009,.T.);
#9009=EDGE_LOOP('',(#9010,#9020,#9028,#9036));
#9010=ORIENTED_EDGE('',*,*,#9011,.T.);
#9011=EDGE_CURVE('NONE',#9012,#9014,#9016,.F.);
#9012=VERTEX_POINT('NONE',#9013);
#9013=CARTESIAN_POINT('',(-7.39,-3.25,4.649712991));
#9014=VERTEX_POINT('NONE',#9015);
#9015=CARTESIAN_POINT('',(-5.31,-3.25,4.649712991));
#9016=LINE('',#9017,#9018);
#9017=CARTESIAN_POINT('',(-5.31,-3.25,4.649712991));
#9018=VECTOR('',#9019,1.0);
#9019=DIRECTION('',(-1.0,-2.085004178E-16,0.0));
#9020=ORIENTED_EDGE('',*,*,#9021,.T.);
#9021=EDGE_CURVE('NONE',#9014,#9022,#9024,.F.);
#9022=VERTEX_POINT('NONE',#9023);
#9023=CARTESIAN_POINT('',(-5.31,0.39,4.649712991));
#9024=LINE('',#9025,#9026);
#9025=CARTESIAN_POINT('',(-5.31,-3.58,4.649712991));
#9026=VECTOR('',#9027,1.0);
#9027=DIRECTION('',(0.0,-1.0,0.0));
#9028=ORIENTED_EDGE('',*,*,#9029,.T.);
#9029=EDGE_CURVE('NONE',#9022,#9030,#9032,.T.);
#9030=VERTEX_POINT('NONE',#9031);
#9031=CARTESIAN_POINT('',(-7.39,0.39,4.649712991));
#9032=LINE('',#9033,#9034);
#9033=CARTESIAN_POINT('',(-5.31,0.39,4.649712991));
#9034=VECTOR('',#9035,1.0);
#9035=DIRECTION('',(-1.0,-1.104919411E-16,6.652489415E-16));
#9036=ORIENTED_EDGE('',*,*,#9037,.T.);
#9037=EDGE_CURVE('NONE',#9030,#9012,#9038,.T.);
#9038=LINE('',#9039,#9040);
#9039=CARTESIAN_POINT('',(-7.39,-3.58,4.649712991));
#9040=VECTOR('',#9041,1.0);
#9041=DIRECTION('',(0.0,-1.0,0.0));
#9042=PLANE('',#9043);
#9043=AXIS2_PLACEMENT_3D('',#9044,#9045,#9046);
#9044=CARTESIAN_POINT('',(-5.31,-3.58,4.649712991));
#9045=DIRECTION('',(-6.652489415E-16,0.0,-1.0));
#9046=DIRECTION('',(-1.0,0.0,6.652489415E-16));
#9047=ADVANCED_FACE('NONE',(#9048),#9098,.F.);
#9048=FACE_BOUND('NONE',#9049,.T.);
#9049=EDGE_LOOP('',(#9050,#9060,#9068,#9076,#9084,#9092));
#9050=ORIENTED_EDGE('',*,*,#9051,.T.);
#9051=EDGE_CURVE('NONE',#9052,#9054,#9056,.F.);
#9052=VERTEX_POINT('NONE',#9053);
#9053=CARTESIAN_POINT('',(-6.9,-6.55,3.35));
#9054=VERTEX_POINT('NONE',#9055);
#9055=CARTESIAN_POINT('',(-6.55,-7.75,3.35));
#9056=LINE('',#9057,#9058);
#9057=CARTESIAN_POINT('',(-7.435620124,-4.713588145,3.35));
#9058=VECTOR('',#9059,1.0);
#9059=DIRECTION('',(-0.28,0.96,1.862697036E-16));
#9060=ORIENTED_EDGE('',*,*,#9061,.T.);
#9061=EDGE_CURVE('NONE',#9054,#9062,#9064,.F.);
#9062=VERTEX_POINT('NONE',#9063);
#9063=CARTESIAN_POINT('',(-6.15,-7.75,3.35));
#9064=LINE('',#9065,#9066);
#9065=CARTESIAN_POINT('',(-5.8,-7.75,3.35));
#9066=VECTOR('',#9067,1.0);
#9067=DIRECTION('',(-1.0,-1.104919411E-16,6.652489415E-16));
#9068=ORIENTED_EDGE('',*,*,#9069,.T.);
#9069=EDGE_CURVE('NONE',#9062,#9070,#9072,.F.);
#9070=VERTEX_POINT('NONE',#9071);
#9071=CARTESIAN_POINT('',(-5.8,-6.55,3.35));
#9072=LINE('',#9073,#9074);
#9073=CARTESIAN_POINT('',(-5.178139876,-4.417908145,3.35));
#9074=VECTOR('',#9075,1.0);
#9075=DIRECTION('',(-0.28,-0.96,1.862697036E-16));
#9076=ORIENTED_EDGE('',*,*,#9077,.T.);
#9077=EDGE_CURVE('NONE',#9070,#9078,#9080,.F.);
#9078=VERTEX_POINT('NONE',#9079);
#9079=CARTESIAN_POINT('',(-5.8,-4.236532275,3.35));
#9080=LINE('',#9081,#9082);
#9081=CARTESIAN_POINT('',(-5.8,-4.236532275,3.35));
#9082=VECTOR('',#9083,1.0);
#9083=DIRECTION('',(2.468677119E-16,-1.0,0.0));
#9084=ORIENTED_EDGE('',*,*,#9085,.T.);
#9085=EDGE_CURVE('NONE',#9078,#9086,#9088,.T.);
#9086=VERTEX_POINT('NONE',#9087);
#9087=CARTESIAN_POINT('',(-6.9,-4.236532275,3.35));
#9088=LINE('',#9089,#9090);
#9089=CARTESIAN_POINT('',(-5.8,-4.236532275,3.35));
#9090=VECTOR('',#9091,1.0);
#9091=DIRECTION('',(-1.0,-1.104919411E-16,6.652489415E-16));
#9092=ORIENTED_EDGE('',*,*,#9093,.T.);
#9093=EDGE_CURVE('NONE',#9086,#9052,#9094,.T.);
#9094=LINE('',#9095,#9096);
#9095=CARTESIAN_POINT('',(-6.9,-4.236532275,3.35));
#9096=VECTOR('',#9097,1.0);
#9097=DIRECTION('',(2.468677119E-16,-1.0,0.0));
#9098=PLANE('',#9099);
#9099=AXIS2_PLACEMENT_3D('',#9100,#9101,#9102);
#9100=CARTESIAN_POINT('',(-5.8,-4.236532275,3.35));
#9101=DIRECTION('',(-6.652489415E-16,-1.64228484E-31,-1.0));
#9102=DIRECTION('',(-1.0,0.0,6.652489415E-16));
#9103=ADVANCED_FACE('NONE',(#9104),#9129,.F.);
#9104=FACE_BOUND('NONE',#9105,.T.);
#9105=EDGE_LOOP('',(#9106,#9114,#9122,#9128));
#9106=ORIENTED_EDGE('',*,*,#9107,.T.);
#9107=EDGE_CURVE('NONE',#9054,#9108,#9110,.F.);
#9108=VERTEX_POINT('NONE',#9109);
#9109=CARTESIAN_POINT('',(-6.55,-7.75,2.85));
#9110=LINE('',#9111,#9112);
#9111=CARTESIAN_POINT('',(-6.55,-7.75,0.85));
#9112=VECTOR('',#9113,1.0);
#9113=DIRECTION('',(6.652489415E-16,1.234338559E-16,1.0));
#9114=ORIENTED_EDGE('',*,*,#9115,.T.);
#9115=EDGE_CURVE('NONE',#9108,#9116,#9118,.F.);
#9116=VERTEX_POINT('NONE',#9117);
#9117=CARTESIAN_POINT('',(-6.15,-7.75,2.85));
#9118=LINE('',#9119,#9120);
#9119=CARTESIAN_POINT('',(-5.8,-7.75,2.85));
#9120=VECTOR('',#9121,1.0);
#9121=DIRECTION('',(-1.0,-1.104919411E-16,6.652489415E-16));
#9122=ORIENTED_EDGE('',*,*,#9123,.T.);
#9123=EDGE_CURVE('NONE',#9116,#9062,#9124,.T.);
#9124=LINE('',#9125,#9126);
#9125=CARTESIAN_POINT('',(-6.15,-7.75,0.85));
#9126=VECTOR('',#9127,1.0);
#9127=DIRECTION('',(6.652489415E-16,1.234338559E-16,1.0));
#9128=ORIENTED_EDGE('',*,*,#9061,.F.);
#9129=PLANE('',#9130);
#9130=AXIS2_PLACEMENT_3D('',#9131,#9132,#9133);
#9131=CARTESIAN_POINT('',(-5.8,-7.75,2.85));
#9132=DIRECTION('',(-1.104919411E-16,1.0,1.916729642E-31));
#9133=DIRECTION('',(-1.0,-1.104919411E-16,0.0));
#9134=ADVANCED_FACE('NONE',(#9135),#9176,.F.);
#9135=FACE_BOUND('NONE',#9136,.T.);
#9136=EDGE_LOOP('',(#9137,#9145,#9153,#9161,#9169,#9175));
#9137=ORIENTED_EDGE('',*,*,#9138,.T.);
#9138=EDGE_CURVE('NONE',#9108,#9139,#9141,.F.);
#9139=VERTEX_POINT('NONE',#9140);
#9140=CARTESIAN_POINT('',(-6.9,-6.55,2.85));
#9141=LINE('',#9142,#9143);
#9142=CARTESIAN_POINT('',(-7.435620124,-4.713588145,2.85));
#9143=VECTOR('',#9144,1.0);
#9144=DIRECTION('',(0.28,-0.96,-6.777320191E-17));
#9145=ORIENTED_EDGE('',*,*,#9146,.T.);
#9146=EDGE_CURVE('NONE',#9139,#9147,#9149,.T.);
#9147=VERTEX_POINT('NONE',#9148);
#9148=CARTESIAN_POINT('',(-6.9,-4.236532275,2.85));
#9149=LINE('',#9150,#9151);
#9150=CARTESIAN_POINT('',(-6.9,-4.236532275,2.85));
#9151=VECTOR('',#9152,1.0);
#9152=DIRECTION('',(0.0,1.0,-1.234338559E-16));
#9153=ORIENTED_EDGE('',*,*,#9154,.T.);
#9154=EDGE_CURVE('NONE',#9147,#9155,#9157,.F.);
#9155=VERTEX_POINT('NONE',#9156);
#9156=CARTESIAN_POINT('',(-5.8,-4.236532275,2.85));
#9157=LINE('',#9158,#9159);
#9158=CARTESIAN_POINT('',(-5.8,-4.236532275,2.85));
#9159=VECTOR('',#9160,1.0);
#9160=DIRECTION('',(-1.0,-1.104919411E-16,6.652489415E-16));
#9161=ORIENTED_EDGE('',*,*,#9162,.T.);
#9162=EDGE_CURVE('NONE',#9155,#9163,#9165,.F.);
#9163=VERTEX_POINT('NONE',#9164);
#9164=CARTESIAN_POINT('',(-5.8,-6.55,2.85));
#9165=LINE('',#9166,#9167);
#9166=CARTESIAN_POINT('',(-5.8,-4.236532275,2.85));
#9167=VECTOR('',#9168,1.0);
#9168=DIRECTION('',(0.0,1.0,-1.234338559E-16));
#9169=ORIENTED_EDGE('',*,*,#9170,.T.);
#9170=EDGE_CURVE('NONE',#9163,#9116,#9171,.F.);
#9171=LINE('',#9172,#9173);
#9172=CARTESIAN_POINT('',(-5.178139876,-4.417908145,2.85));
#9173=VECTOR('',#9174,1.0);
#9174=DIRECTION('',(0.28,0.96,-3.047662053E-16));
#9175=ORIENTED_EDGE('',*,*,#9115,.F.);
#9176=PLANE('',#9177);
#9177=AXIS2_PLACEMENT_3D('',#9178,#9179,#9180);
#9178=CARTESIAN_POINT('',(-5.8,-4.236532275,2.85));
#9179=DIRECTION('',(6.652489415E-16,1.234338559E-16,1.0));
#9180=DIRECTION('',(1.0,0.0,-6.652489415E-16));
#9181=ADVANCED_FACE('NONE',(#9182),#9297,.T.);
#9182=FACE_BOUND('NONE',#9183,.T.);
#9183=EDGE_LOOP('',(#9184,#9194,#9200,#9201,#9208,#9209,#9215,#9216,#9225,#9233,#9242,#9250,#9259,#9267,#9275,#9283,#9290,#9291));
#9184=ORIENTED_EDGE('',*,*,#9185,.T.);
#9185=EDGE_CURVE('NONE',#9186,#9188,#9190,.T.);
#9186=VERTEX_POINT('NONE',#9187);
#9187=CARTESIAN_POINT('',(-5.8,-3.25,0.9));
#9188=VERTEX_POINT('NONE',#9189);
#9189=CARTESIAN_POINT('',(-5.8,-3.696532275,0.9));
#9190=LINE('',#9191,#9192);
#9191=CARTESIAN_POINT('',(-5.8,-1.036532275,0.9));
#9192=VECTOR('',#9193,1.0);
#9193=DIRECTION('',(1.104919411E-16,-1.0,1.151880795E-32));
#9194=ORIENTED_EDGE('',*,*,#9195,.T.);
#9195=EDGE_CURVE('NONE',#9188,#8938,#9196,.T.);
#9196=LINE('',#9197,#9198);
#9197=CARTESIAN_POINT('',(-5.8,-3.696532275,1.039712991));
#9198=VECTOR('',#9199,1.0);
#9199=DIRECTION('',(9.799108662E-16,0.0,1.0));
#9200=ORIENTED_EDGE('',*,*,#8963,.F.);
#9201=ORIENTED_EDGE('',*,*,#9202,.T.);
#9202=EDGE_CURVE('NONE',#8956,#9078,#9203,.T.);
#9203=CIRCLE('',#9204,0.54);
#9204=AXIS2_PLACEMENT_3D('',#9205,#9206,#9207);
#9205=CARTESIAN_POINT('',(-5.8,-4.236532275,2.81));
#9206=DIRECTION('',(1.0,1.104919411E-16,-6.652489415E-16));
#9207=DIRECTION('',(6.652489415E-16,7.350464689E-32,1.0));
#9208=ORIENTED_EDGE('',*,*,#9077,.F.);
#9209=ORIENTED_EDGE('',*,*,#9210,.T.);
#9210=EDGE_CURVE('NONE',#9070,#9163,#9211,.T.);
#9211=LINE('',#9212,#9213);
#9212=CARTESIAN_POINT('',(-5.8,-6.55,1.039712991));
#9213=VECTOR('',#9214,1.0);
#9214=DIRECTION('',(-6.652489415E-16,-1.234338559E-16,-1.0));
#9215=ORIENTED_EDGE('',*,*,#9162,.F.);
#9216=ORIENTED_EDGE('',*,*,#9217,.T.);
#9217=EDGE_CURVE('NONE',#9155,#9218,#9220,.T.);
#9218=VERTEX_POINT('NONE',#9219);
#9219=CARTESIAN_POINT('',(-5.8,-4.196532275,2.81));
#9220=CIRCLE('',#9221,0.04);
#9221=AXIS2_PLACEMENT_3D('',#9222,#9223,#9224);
#9222=CARTESIAN_POINT('',(-5.8,-4.236532275,2.81));
#9223=DIRECTION('',(-1.0,-1.104919411E-16,6.652489415E-16));
#9224=DIRECTION('',(6.652489415E-16,7.350464689E-32,1.0));
#9225=ORIENTED_EDGE('',*,*,#9226,.T.);
#9226=EDGE_CURVE('NONE',#9218,#9227,#9229,.T.);
#9227=VERTEX_POINT('NONE',#9228);
#9228=CARTESIAN_POINT('',(-5.8,-4.196532275,1.039712991));
#9229=LINE('',#9230,#9231);
#9230=CARTESIAN_POINT('',(-5.8,-4.196532275,1.039712991));
#9231=VECTOR('',#9232,1.0);
#9232=DIRECTION('',(-9.799108662E-16,0.0,-1.0));
#9233=ORIENTED_EDGE('',*,*,#9234,.T.);
#9234=EDGE_CURVE('NONE',#9227,#9235,#9237,.T.);
#9235=VERTEX_POINT('NONE',#9236);
#9236=CARTESIAN_POINT('',(-5.8,-3.656532275,0.499712991));
#9237=CIRCLE('',#9238,0.54);
#9238=AXIS2_PLACEMENT_3D('',#9239,#9240,#9241);
#9239=CARTESIAN_POINT('',(-5.8,-3.656532275,1.039712991));
#9240=DIRECTION('',(1.0,1.104919411E-16,-6.652489415E-16));
#9241=DIRECTION('',(6.652489415E-16,7.350464689E-32,1.0));
#9242=ORIENTED_EDGE('',*,*,#9243,.T.);
#9243=EDGE_CURVE('NONE',#9235,#9244,#9246,.T.);
#9244=VERTEX_POINT('NONE',#9245);
#9245=CARTESIAN_POINT('',(-5.8,-1.036532275,0.499712991));
#9246=LINE('',#9247,#9248);
#9247=CARTESIAN_POINT('',(-5.8,-1.036532275,0.499712991));
#9248=VECTOR('',#9249,1.0);
#9249=DIRECTION('',(0.0,1.0,0.0));
#9250=ORIENTED_EDGE('',*,*,#9251,.T.);
#9251=EDGE_CURVE('NONE',#9244,#9252,#9254,.T.);
#9252=VERTEX_POINT('NONE',#9253);
#9253=CARTESIAN_POINT('',(-5.8,-0.496532275,1.039712991));
#9254=CIRCLE('',#9255,0.54);
#9255=AXIS2_PLACEMENT_3D('',#9256,#9257,#9258);
#9256=CARTESIAN_POINT('',(-5.8,-1.036532275,1.039712991));
#9257=DIRECTION('',(1.0,1.104919411E-16,-6.652489415E-16));
#9258=DIRECTION('',(-6.652489415E-16,-7.350464689E-32,-1.0));
#9259=ORIENTED_EDGE('',*,*,#9260,.T.);
#9260=EDGE_CURVE('NONE',#9252,#9261,#9263,.T.);
#9261=VERTEX_POINT('NONE',#9262);
#9262=CARTESIAN_POINT('',(-5.8,-0.496532275,1.949712991));
#9263=LINE('',#9264,#9265);
#9264=CARTESIAN_POINT('',(-5.8,-0.496532275,1.949712991));
#9265=VECTOR('',#9266,1.0);
#9266=DIRECTION('',(9.53144767E-16,0.0,1.0));
#9267=ORIENTED_EDGE('',*,*,#9268,.T.);
#9268=EDGE_CURVE('NONE',#9261,#9269,#9271,.T.);
#9269=VERTEX_POINT('NONE',#9270);
#9270=CARTESIAN_POINT('',(-5.8,-0.996532275,1.949712991));
#9271=LINE('',#9272,#9273);
#9272=CARTESIAN_POINT('',(-5.8,-0.996532275,1.949712991));
#9273=VECTOR('',#9274,1.0);
#9274=DIRECTION('',(0.0,-1.0,0.0));
#9275=ORIENTED_EDGE('',*,*,#9276,.T.);
#9276=EDGE_CURVE('NONE',#9269,#9277,#9279,.T.);
#9277=VERTEX_POINT('NONE',#9278);
#9278=CARTESIAN_POINT('',(-5.8,-0.996532275,1.039712991));
#9279=LINE('',#9280,#9281);
#9280=CARTESIAN_POINT('',(-5.8,-0.996532275,1.949712991));
#9281=VECTOR('',#9282,1.0);
#9282=DIRECTION('',(-9.53144767E-16,0.0,-1.0));
#9283=ORIENTED_EDGE('',*,*,#9284,.T.);
#9284=EDGE_CURVE('NONE',#9277,#8908,#9285,.T.);
#9285=CIRCLE('',#9286,0.04);
#9286=AXIS2_PLACEMENT_3D('',#9287,#9288,#9289);
#9287=CARTESIAN_POINT('',(-5.8,-1.036532275,1.039712991));
#9288=DIRECTION('',(-1.0,-1.104919411E-16,6.652489415E-16));
#9289=DIRECTION('',(-6.652489415E-16,-7.350464689E-32,-1.0));
#9290=ORIENTED_EDGE('',*,*,#8907,.F.);
#9291=ORIENTED_EDGE('',*,*,#9292,.T.);
#9292=EDGE_CURVE('NONE',#8900,#9186,#9293,.T.);
#9293=LINE('',#9294,#9295);
#9294=CARTESIAN_POINT('',(-5.8,-3.25,1.039712991));
#9295=VECTOR('',#9296,1.0);
#9296=DIRECTION('',(-6.652489415E-16,0.0,-1.0));
#9297=PLANE('',#9298);
#9298=AXIS2_PLACEMENT_3D('',#9299,#9300,#9301);
#9299=CARTESIAN_POINT('',(-5.8,-1.036532275,1.039712991));
#9300=DIRECTION('',(1.0,1.104919411E-16,-6.652489415E-16));
#9301=DIRECTION('',(-6.652489415E-16,0.0,-1.0));
#9302=ADVANCED_FACE('NONE',(#9303),#9418,.F.);
#9303=FACE_BOUND('NONE',#9304,.T.);
#9304=EDGE_LOOP('',(#9305,#9313,#9321,#9327,#9328,#9337,#9345,#9353,#9361,#9370,#9378,#9387,#9395,#9402,#9403,#9409,#9410,#9417));
#9305=ORIENTED_EDGE('',*,*,#9306,.T.);
#9306=EDGE_CURVE('NONE',#8940,#9307,#9309,.F.);
#9307=VERTEX_POINT('NONE',#9308);
#9308=CARTESIAN_POINT('',(-6.9,-3.696532275,0.9));
#9309=LINE('',#9310,#9311);
#9310=CARTESIAN_POINT('',(-6.9,-3.696532275,1.039712991));
#9311=VECTOR('',#9312,1.0);
#9312=DIRECTION('',(9.799108662E-16,0.0,1.0));
#9313=ORIENTED_EDGE('',*,*,#9314,.T.);
#9314=EDGE_CURVE('NONE',#9307,#9315,#9317,.F.);
#9315=VERTEX_POINT('NONE',#9316);
#9316=CARTESIAN_POINT('',(-6.9,-3.25,0.9));
#9317=LINE('',#9318,#9319);
#9318=CARTESIAN_POINT('',(-6.9,-1.036532275,0.9));
#9319=VECTOR('',#9320,1.0);
#9320=DIRECTION('',(1.104919411E-16,-1.0,1.151880795E-32));
#9321=ORIENTED_EDGE('',*,*,#9322,.T.);
#9322=EDGE_CURVE('NONE',#9315,#8898,#9323,.F.);
#9323=LINE('',#9324,#9325);
#9324=CARTESIAN_POINT('',(-6.9,-3.25,1.039712991));
#9325=VECTOR('',#9326,1.0);
#9326=DIRECTION('',(-6.652489415E-16,0.0,-1.0));
#9327=ORIENTED_EDGE('',*,*,#8923,.F.);
#9328=ORIENTED_EDGE('',*,*,#9329,.T.);
#9329=EDGE_CURVE('NONE',#8916,#9330,#9332,.F.);
#9330=VERTEX_POINT('NONE',#9331);
#9331=CARTESIAN_POINT('',(-6.9,-0.996532275,1.039712991));
#9332=CIRCLE('',#9333,0.04);
#9333=AXIS2_PLACEMENT_3D('',#9334,#9335,#9336);
#9334=CARTESIAN_POINT('',(-6.9,-1.036532275,1.039712991));
#9335=DIRECTION('',(-1.0,-1.104919411E-16,6.652489415E-16));
#9336=DIRECTION('',(-6.652489415E-16,-7.350464689E-32,-1.0));
#9337=ORIENTED_EDGE('',*,*,#9338,.T.);
#9338=EDGE_CURVE('NONE',#9330,#9339,#9341,.F.);
#9339=VERTEX_POINT('NONE',#9340);
#9340=CARTESIAN_POINT('',(-6.9,-0.996532275,1.949712991));
#9341=LINE('',#9342,#9343);
#9342=CARTESIAN_POINT('',(-6.9,-0.996532275,1.949712991));
#9343=VECTOR('',#9344,1.0);
#9344=DIRECTION('',(-9.53144767E-16,0.0,-1.0));
#9345=ORIENTED_EDGE('',*,*,#9346,.T.);
#9346=EDGE_CURVE('NONE',#9339,#9347,#9349,.F.);
#9347=VERTEX_POINT('NONE',#9348);
#9348=CARTESIAN_POINT('',(-6.9,-0.496532275,1.949712991));
#9349=LINE('',#9350,#9351);
#9350=CARTESIAN_POINT('',(-6.9,-0.996532275,1.949712991));
#9351=VECTOR('',#9352,1.0);
#9352=DIRECTION('',(0.0,-1.0,0.0));
#9353=ORIENTED_EDGE('',*,*,#9354,.T.);
#9354=EDGE_CURVE('NONE',#9347,#9355,#9357,.F.);
#9355=VERTEX_POINT('NONE',#9356);
#9356=CARTESIAN_POINT('',(-6.9,-0.496532275,1.039712991));
#9357=LINE('',#9358,#9359);
#9358=CARTESIAN_POINT('',(-6.9,-0.496532275,1.949712991));
#9359=VECTOR('',#9360,1.0);
#9360=DIRECTION('',(9.53144767E-16,0.0,1.0));
#9361=ORIENTED_EDGE('',*,*,#9362,.T.);
#9362=EDGE_CURVE('NONE',#9355,#9363,#9365,.F.);
#9363=VERTEX_POINT('NONE',#9364);
#9364=CARTESIAN_POINT('',(-6.9,-1.036532275,0.499712991));
#9365=CIRCLE('',#9366,0.54);
#9366=AXIS2_PLACEMENT_3D('',#9367,#9368,#9369);
#9367=CARTESIAN_POINT('',(-6.9,-1.036532275,1.039712991));
#9368=DIRECTION('',(1.0,1.104919411E-16,-6.652489415E-16));
#9369=DIRECTION('',(-6.652489415E-16,-7.350464689E-32,-1.0));
#9370=ORIENTED_EDGE('',*,*,#9371,.T.);
#9371=EDGE_CURVE('NONE',#9363,#9372,#9374,.F.);
#9372=VERTEX_POINT('NONE',#9373);
#9373=CARTESIAN_POINT('',(-6.9,-3.656532275,0.499712991));
#9374=LINE('',#9375,#9376);
#9375=CARTESIAN_POINT('',(-6.9,-1.036532275,0.499712991));
#9376=VECTOR('',#9377,1.0);
#9377=DIRECTION('',(0.0,1.0,0.0));
#9378=ORIENTED_EDGE('',*,*,#9379,.T.);
#9379=EDGE_CURVE('NONE',#9372,#9380,#9382,.F.);
#9380=VERTEX_POINT('NONE',#9381);
#9381=CARTESIAN_POINT('',(-6.9,-4.196532275,1.039712991));
#9382=CIRCLE('',#9383,0.54);
#9383=AXIS2_PLACEMENT_3D('',#9384,#9385,#9386);
#9384=CARTESIAN_POINT('',(-6.9,-3.656532275,1.039712991));
#9385=DIRECTION('',(1.0,1.104919411E-16,-6.652489415E-16));
#9386=DIRECTION('',(6.652489415E-16,7.350464689E-32,1.0));
#9387=ORIENTED_EDGE('',*,*,#9388,.T.);
#9388=EDGE_CURVE('NONE',#9380,#9389,#9391,.F.);
#9389=VERTEX_POINT('NONE',#9390);
#9390=CARTESIAN_POINT('',(-6.9,-4.196532275,2.81));
#9391=LINE('',#9392,#9393);
#9392=CARTESIAN_POINT('',(-6.9,-4.196532275,1.039712991));
#9393=VECTOR('',#9394,1.0);
#9394=DIRECTION('',(-9.799108662E-16,0.0,-1.0));
#9395=ORIENTED_EDGE('',*,*,#9396,.T.);
#9396=EDGE_CURVE('NONE',#9389,#9147,#9397,.F.);
#9397=CIRCLE('',#9398,0.04);
#9398=AXIS2_PLACEMENT_3D('',#9399,#9400,#9401);
#9399=CARTESIAN_POINT('',(-6.9,-4.236532275,2.81));
#9400=DIRECTION('',(-1.0,-1.104919411E-16,6.652489415E-16));
#9401=DIRECTION('',(6.652489415E-16,7.350464689E-32,1.0));
#9402=ORIENTED_EDGE('',*,*,#9146,.F.);
#9403=ORIENTED_EDGE('',*,*,#9404,.T.);
#9404=EDGE_CURVE('NONE',#9139,#9052,#9405,.F.);
#9405=LINE('',#9406,#9407);
#9406=CARTESIAN_POINT('',(-6.9,-6.55,1.039712991));
#9407=VECTOR('',#9408,1.0);
#9408=DIRECTION('',(-6.652489415E-16,-1.234338559E-16,-1.0));
#9409=ORIENTED_EDGE('',*,*,#9093,.F.);
#9410=ORIENTED_EDGE('',*,*,#9411,.T.);
#9411=EDGE_CURVE('NONE',#9086,#8948,#9412,.F.);
#9412=CIRCLE('',#9413,0.54);
#9413=AXIS2_PLACEMENT_3D('',#9414,#9415,#9416);
#9414=CARTESIAN_POINT('',(-6.9,-4.236532275,2.81));
#9415=DIRECTION('',(1.0,1.104919411E-16,-6.652489415E-16));
#9416=DIRECTION('',(6.652489415E-16,7.350464689E-32,1.0));
#9417=ORIENTED_EDGE('',*,*,#8947,.F.);
#9418=PLANE('',#9419);
#9419=AXIS2_PLACEMENT_3D('',#9420,#9421,#9422);
#9420=CARTESIAN_POINT('',(-6.9,-1.036532275,1.039712991));
#9421=DIRECTION('',(1.0,1.104919411E-16,-6.652489415E-16));
#9422=DIRECTION('',(-6.652489415E-16,0.0,-1.0));
#9423=ADVANCED_FACE('NONE',(#9424),#9433,.T.);
#9424=FACE_BOUND('NONE',#9425,.T.);
#9425=EDGE_LOOP('',(#9426,#9432));
#9426=ORIENTED_EDGE('',*,*,#9427,.T.);
#9427=EDGE_CURVE('NONE',#8738,#8746,#9428,.F.);
#9428=LINE('',#9429,#9430);
#9429=CARTESIAN_POINT('',(-7.35,3.45,3.322150035));
#9430=VECTOR('',#9431,1.0);
#9431=DIRECTION('',(1.0,2.168404345E-16,0.0));
#9432=ORIENTED_EDGE('',*,*,#8745,.F.);
#9433=PLANE('',#9434);
#9434=AXIS2_PLACEMENT_3D('',#9435,#9436,#9437);
#9435=CARTESIAN_POINT('',(-6.35,3.45,3.097150035));
#9436=DIRECTION('',(-1.104919411E-16,1.0,0.0));
#9437=DIRECTION('',(-1.0,-1.104919411E-16,0.0));
#9438=ADVANCED_FACE('NONE',(#9439,#9464),#9498,.F.);
#9439=FACE_BOUND('NONE',#9440,.T.);
#9440=EDGE_LOOP('',(#9441,#9449,#9450,#9458));
#9441=ORIENTED_EDGE('',*,*,#9442,.T.);
#9442=EDGE_CURVE('NONE',#9443,#9030,#9445,.T.);
#9443=VERTEX_POINT('NONE',#9444);
#9444=CARTESIAN_POINT('',(-7.39,0.39,1.949712991));
#9445=LINE('',#9446,#9447);
#9446=CARTESIAN_POINT('',(-7.39,0.39,4.649712991));
#9447=VECTOR('',#9448,1.0);
#9448=DIRECTION('',(9.637352644E-16,0.0,1.0));
#9449=ORIENTED_EDGE('',*,*,#9029,.F.);
#9450=ORIENTED_EDGE('',*,*,#9451,.T.);
#9451=EDGE_CURVE('NONE',#9022,#9452,#9454,.F.);
#9452=VERTEX_POINT('NONE',#9453);
#9453=CARTESIAN_POINT('',(-5.31,0.39,1.949712991));
#9454=LINE('',#9455,#9456);
#9455=CARTESIAN_POINT('',(-5.31,0.39,4.649712991));
#9456=VECTOR('',#9457,1.0);
#9457=DIRECTION('',(9.637352644E-16,0.0,1.0));
#9458=ORIENTED_EDGE('',*,*,#9459,.T.);
#9459=EDGE_CURVE('NONE',#9452,#9443,#9460,.T.);
#9460=LINE('',#9461,#9462);
#9461=CARTESIAN_POINT('',(-5.31,0.39,1.949712991));
#9462=VECTOR('',#9463,1.0);
#9463=DIRECTION('',(-1.0,-1.104919411E-16,6.652489415E-16));
#9464=FACE_BOUND('NONE',#9465,.T.);
#9465=EDGE_LOOP('',(#9466,#9476,#9484,#9492));
#9466=ORIENTED_EDGE('',*,*,#9467,.T.);
#9467=EDGE_CURVE('NONE',#9468,#9470,#9472,.F.);
#9468=VERTEX_POINT('NONE',#9469);
#9469=CARTESIAN_POINT('',(-5.8,0.39,2.547150035));
#9470=VERTEX_POINT('NONE',#9471);
#9471=CARTESIAN_POINT('',(-5.8,0.39,3.647150035));
#9472=LINE('',#9473,#9474);
#9473=CARTESIAN_POINT('',(-5.8,0.39,3.647150035));
#9474=VECTOR('',#9475,1.0);
#9475=DIRECTION('',(0.0,0.0,-1.0));
#9476=ORIENTED_EDGE('',*,*,#9477,.T.);
#9477=EDGE_CURVE('NONE',#9470,#9478,#9480,.F.);
#9478=VERTEX_POINT('NONE',#9479);
#9479=CARTESIAN_POINT('',(-6.9,0.39,3.647150035));
#9480=LINE('',#9481,#9482);
#9481=CARTESIAN_POINT('',(-6.9,0.39,3.647150035));
#9482=VECTOR('',#9483,1.0);
#9483=DIRECTION('',(1.0,9.856383386E-17,0.0));
#9484=ORIENTED_EDGE('',*,*,#9485,.T.);
#9485=EDGE_CURVE('NONE',#9478,#9486,#9488,.F.);
#9486=VERTEX_POINT('NONE',#9487);
#9487=CARTESIAN_POINT('',(-6.9,0.39,2.547150035));
#9488=LINE('',#9489,#9490);
#9489=CARTESIAN_POINT('',(-6.9,0.39,3.647150035));
#9490=VECTOR('',#9491,1.0);
#9491=DIRECTION('',(0.0,0.0,1.0));
#9492=ORIENTED_EDGE('',*,*,#9493,.T.);
#9493=EDGE_CURVE('NONE',#9486,#9468,#9494,.F.);
#9494=LINE('',#9495,#9496);
#9495=CARTESIAN_POINT('',(-6.9,0.39,2.547150035));
#9496=VECTOR('',#9497,1.0);
#9497=DIRECTION('',(-1.0,-9.856383386E-17,0.0));
#9498=PLANE('',#9499);
#9499=AXIS2_PLACEMENT_3D('',#9500,#9501,#9502);
#9500=CARTESIAN_POINT('',(-5.31,0.39,4.649712991));
#9501=DIRECTION('',(1.104919411E-16,-1.0,-1.064849801E-31));
#9502=DIRECTION('',(1.0,1.104919411E-16,0.0));
#9503=ADVANCED_FACE('NONE',(#9504),#9538,.F.);
#9504=FACE_BOUND('NONE',#9505,.T.);
#9505=EDGE_LOOP('',(#9506,#9516,#9524,#9532));
#9506=ORIENTED_EDGE('',*,*,#9507,.T.);
#9507=EDGE_CURVE('NONE',#9508,#9510,#9512,.T.);
#9508=VERTEX_POINT('NONE',#9509);
#9509=CARTESIAN_POINT('',(-7.39,-3.58,5.149712991));
#9510=VERTEX_POINT('NONE',#9511);
#9511=CARTESIAN_POINT('',(-7.39,-3.58,1.949712991));
#9512=LINE('',#9513,#9514);
#9513=CARTESIAN_POINT('',(-7.39,-3.58,4.649712991));
#9514=VECTOR('',#9515,1.0);
#9515=DIRECTION('',(-6.424901763E-16,0.0,-1.0));
#9516=ORIENTED_EDGE('',*,*,#9517,.T.);
#9517=EDGE_CURVE('NONE',#9510,#9518,#9520,.F.);
#9518=VERTEX_POINT('NONE',#9519);
#9519=CARTESIAN_POINT('',(-5.31,-3.58,1.949712991));
#9520=LINE('',#9521,#9522);
#9521=CARTESIAN_POINT('',(-5.31,-3.58,1.949712991));
#9522=VECTOR('',#9523,1.0);
#9523=DIRECTION('',(-1.0,-1.104919411E-16,6.652489415E-16));
#9524=ORIENTED_EDGE('',*,*,#9525,.T.);
#9525=EDGE_CURVE('NONE',#9518,#9526,#9528,.F.);
#9526=VERTEX_POINT('NONE',#9527);
#9527=CARTESIAN_POINT('',(-5.31,-3.58,5.149712991));
#9528=LINE('',#9529,#9530);
#9529=CARTESIAN_POINT('',(-5.31,-3.58,4.649712991));
#9530=VECTOR('',#9531,1.0);
#9531=DIRECTION('',(-6.424901763E-16,0.0,-1.0));
#9532=ORIENTED_EDGE('',*,*,#9533,.T.);
#9533=EDGE_CURVE('NONE',#9526,#9508,#9534,.F.);
#9534=LINE('',#9535,#9536);
#9535=CARTESIAN_POINT('',(-5.31,-3.58,5.149712991));
#9536=VECTOR('',#9537,1.0);
#9537=DIRECTION('',(1.0,0.0,0.0));
#9538=PLANE('',#9539);
#9539=AXIS2_PLACEMENT_3D('',#9540,#9541,#9542);
#9540=CARTESIAN_POINT('',(-5.31,-3.58,4.649712991));
#9541=DIRECTION('',(-1.104919411E-16,1.0,7.098998674E-32));
#9542=DIRECTION('',(-1.0,-1.104919411E-16,0.0));
#9543=ADVANCED_FACE('NONE',(#9544,#9560),#9576,.F.);
#9544=FACE_BOUND('NONE',#9545,.T.);
#9545=EDGE_LOOP('',(#9546,#9552,#9553,#9559));
#9546=ORIENTED_EDGE('',*,*,#9547,.T.);
#9547=EDGE_CURVE('NONE',#9339,#9269,#9548,.F.);
#9548=LINE('',#9549,#9550);
#9549=CARTESIAN_POINT('',(-5.8,-0.996532275,1.949712991));
#9550=VECTOR('',#9551,1.0);
#9551=DIRECTION('',(-1.0,-1.104919411E-16,6.652489415E-16));
#9552=ORIENTED_EDGE('',*,*,#9268,.F.);
#9553=ORIENTED_EDGE('',*,*,#9554,.T.);
#9554=EDGE_CURVE('NONE',#9261,#9347,#9555,.T.);
#9555=LINE('',#9556,#9557);
#9556=CARTESIAN_POINT('',(-5.8,-0.496532275,1.949712991));
#9557=VECTOR('',#9558,1.0);
#9558=DIRECTION('',(-1.0,-1.104919411E-16,6.652489415E-16));
#9559=ORIENTED_EDGE('',*,*,#9346,.F.);
#9560=FACE_BOUND('NONE',#9561,.T.);
#9561=EDGE_LOOP('',(#9562,#9568,#9569,#9575));
#9562=ORIENTED_EDGE('',*,*,#9563,.T.);
#9563=EDGE_CURVE('NONE',#9510,#9443,#9564,.T.);
#9564=LINE('',#9565,#9566);
#9565=CARTESIAN_POINT('',(-7.39,-3.58,1.949712991));
#9566=VECTOR('',#9567,1.0);
#9567=DIRECTION('',(-2.184790272E-16,1.0,0.0));
#9568=ORIENTED_EDGE('',*,*,#9459,.F.);
#9569=ORIENTED_EDGE('',*,*,#9570,.T.);
#9570=EDGE_CURVE('NONE',#9452,#9518,#9571,.F.);
#9571=LINE('',#9572,#9573);
#9572=CARTESIAN_POINT('',(-5.31,-3.58,1.949712991));
#9573=VECTOR('',#9574,1.0);
#9574=DIRECTION('',(-2.184790272E-16,1.0,0.0));
#9575=ORIENTED_EDGE('',*,*,#9517,.F.);
#9576=PLANE('',#9577);
#9577=AXIS2_PLACEMENT_3D('',#9578,#9579,#9580);
#9578=CARTESIAN_POINT('',(-5.31,-3.58,1.949712991));
#9579=DIRECTION('',(6.652489415E-16,1.453429416E-31,1.0));
#9580=DIRECTION('',(1.0,0.0,-6.652489415E-16));
#9581=ADVANCED_FACE('NONE',(#9582),#9602,.F.);
#9582=FACE_BOUND('NONE',#9583,.T.);
#9583=EDGE_LOOP('',(#9584,#9585,#9593,#9599,#9600,#9601));
#9584=ORIENTED_EDGE('',*,*,#9021,.F.);
#9585=ORIENTED_EDGE('',*,*,#9586,.T.);
#9586=EDGE_CURVE('NONE',#9014,#9587,#9589,.F.);
#9587=VERTEX_POINT('NONE',#9588);
#9588=CARTESIAN_POINT('',(-5.31,-3.25,5.149712991));
#9589=LINE('',#9590,#9591);
#9590=CARTESIAN_POINT('',(-5.31,-3.25,5.149712991));
#9591=VECTOR('',#9592,1.0);
#9592=DIRECTION('',(0.0,0.0,-1.0));
#9593=ORIENTED_EDGE('',*,*,#9594,.T.);
#9594=EDGE_CURVE('NONE',#9587,#9526,#9595,.F.);
#9595=LINE('',#9596,#9597);
#9596=CARTESIAN_POINT('',(-5.31,-3.58,5.149712991));
#9597=VECTOR('',#9598,1.0);
#9598=DIRECTION('',(0.0,1.0,0.0));
#9599=ORIENTED_EDGE('',*,*,#9525,.F.);
#9600=ORIENTED_EDGE('',*,*,#9570,.F.);
#9601=ORIENTED_EDGE('',*,*,#9451,.F.);
#9602=PLANE('',#9603);
#9603=AXIS2_PLACEMENT_3D('',#9604,#9605,#9606);
#9604=CARTESIAN_POINT('',(-5.31,1.149116188E-16,5.42786003E-15));
#9605=DIRECTION('',(-1.0,0.0,9.637352644E-16));
#9606=DIRECTION('',(9.637352644E-16,0.0,1.0));
#9607=ADVANCED_FACE('NONE',(#9608),#9628,.T.);
#9608=FACE_BOUND('NONE',#9609,.T.);
#9609=EDGE_LOOP('',(#9610,#9611,#9612,#9613,#9614,#9622));
#9610=ORIENTED_EDGE('',*,*,#9037,.F.);
#9611=ORIENTED_EDGE('',*,*,#9442,.F.);
#9612=ORIENTED_EDGE('',*,*,#9563,.F.);
#9613=ORIENTED_EDGE('',*,*,#9507,.F.);
#9614=ORIENTED_EDGE('',*,*,#9615,.T.);
#9615=EDGE_CURVE('NONE',#9508,#9616,#9618,.F.);
#9616=VERTEX_POINT('NONE',#9617);
#9617=CARTESIAN_POINT('',(-7.39,-3.25,5.149712991));
#9618=LINE('',#9619,#9620);
#9619=CARTESIAN_POINT('',(-7.39,-3.58,5.149712991));
#9620=VECTOR('',#9621,1.0);
#9621=DIRECTION('',(0.0,-1.0,0.0));
#9622=ORIENTED_EDGE('',*,*,#9623,.T.);
#9623=EDGE_CURVE('NONE',#9616,#9012,#9624,.T.);
#9624=LINE('',#9625,#9626);
#9625=CARTESIAN_POINT('',(-7.39,-3.25,5.149712991));
#9626=VECTOR('',#9627,1.0);
#9627=DIRECTION('',(0.0,0.0,-1.0));
#9628=PLANE('',#9629);
#9629=AXIS2_PLACEMENT_3D('',#9630,#9631,#9632);
#9630=CARTESIAN_POINT('',(-7.39,-1.149116188E-16,6.811577828E-15));
#9631=DIRECTION('',(-1.0,0.0,9.637352644E-16));
#9632=DIRECTION('',(9.637352644E-16,0.0,1.0));
#9633=ADVANCED_FACE('NONE',(#9634),#9659,.F.);
#9634=FACE_BOUND('NONE',#9635,.T.);
#9635=EDGE_LOOP('',(#9636,#9637,#9645,#9653));
#9636=ORIENTED_EDGE('',*,*,#9467,.F.);
#9637=ORIENTED_EDGE('',*,*,#9638,.T.);
#9638=EDGE_CURVE('NONE',#9468,#9639,#9641,.F.);
#9639=VERTEX_POINT('NONE',#9640);
#9640=CARTESIAN_POINT('',(-5.8,1.29,2.547150035));
#9641=LINE('',#9642,#9643);
#9642=CARTESIAN_POINT('',(-5.8,1.29,2.547150035));
#9643=VECTOR('',#9644,1.0);
#9644=DIRECTION('',(1.104919411E-16,-1.0,-8.471987687E-32));
#9645=ORIENTED_EDGE('',*,*,#9646,.T.);
#9646=EDGE_CURVE('NONE',#9639,#9647,#9649,.F.);
#9647=VERTEX_POINT('NONE',#9648);
#9648=CARTESIAN_POINT('',(-5.8,1.29,3.647150035));
#9649=LINE('',#9650,#9651);
#9650=CARTESIAN_POINT('',(-5.8,1.29,3.647150035));
#9651=VECTOR('',#9652,1.0);
#9652=DIRECTION('',(0.0,0.0,-1.0));
#9653=ORIENTED_EDGE('',*,*,#9654,.T.);
#9654=EDGE_CURVE('NONE',#9647,#9470,#9655,.T.);
#9655=LINE('',#9656,#9657);
#9656=CARTESIAN_POINT('',(-5.8,1.29,3.647150035));
#9657=VECTOR('',#9658,1.0);
#9658=DIRECTION('',(1.104919411E-16,-1.0,-8.471987687E-32));
#9659=PLANE('',#9660);
#9660=AXIS2_PLACEMENT_3D('',#9661,#9662,#9663);
#9661=CARTESIAN_POINT('',(-5.8,1.29,3.647150035));
#9662=DIRECTION('',(-1.0,-1.104919411E-16,0.0));
#9663=DIRECTION('',(1.104919411E-16,-1.0,0.0));
#9664=ADVANCED_FACE('NONE',(#9665),#9683,.F.);
#9665=FACE_BOUND('NONE',#9666,.T.);
#9666=EDGE_LOOP('',(#9667,#9668,#9676,#9682));
#9667=ORIENTED_EDGE('',*,*,#9493,.F.);
#9668=ORIENTED_EDGE('',*,*,#9669,.T.);
#9669=EDGE_CURVE('NONE',#9486,#9670,#9672,.F.);
#9670=VERTEX_POINT('NONE',#9671);
#9671=CARTESIAN_POINT('',(-6.9,1.29,2.547150035));
#9672=LINE('',#9673,#9674);
#9673=CARTESIAN_POINT('',(-6.9,1.29,2.547150035));
#9674=VECTOR('',#9675,1.0);
#9675=DIRECTION('',(1.104919411E-16,-1.0,-8.471987687E-32));
#9676=ORIENTED_EDGE('',*,*,#9677,.T.);
#9677=EDGE_CURVE('NONE',#9670,#9639,#9678,.F.);
#9678=LINE('',#9679,#9680);
#9679=CARTESIAN_POINT('',(-6.9,1.29,2.547150035));
#9680=VECTOR('',#9681,1.0);
#9681=DIRECTION('',(-1.0,-9.856383386E-17,0.0));
#9682=ORIENTED_EDGE('',*,*,#9638,.F.);
#9683=PLANE('',#9684);
#9684=AXIS2_PLACEMENT_3D('',#9685,#9686,#9687);
#9685=CARTESIAN_POINT('',(-6.9,1.29,2.547150035));
#9686=DIRECTION('',(8.350315868E-48,-8.471987687E-32,1.0));
#9687=DIRECTION('',(0.0,-1.0,-8.471987687E-32));
#9688=ADVANCED_FACE('NONE',(#9689),#9707,.F.);
#9689=FACE_BOUND('NONE',#9690,.T.);
#9690=EDGE_LOOP('',(#9691,#9692,#9700,#9706));
#9691=ORIENTED_EDGE('',*,*,#9485,.F.);
#9692=ORIENTED_EDGE('',*,*,#9693,.T.);
#9693=EDGE_CURVE('NONE',#9478,#9694,#9696,.F.);
#9694=VERTEX_POINT('NONE',#9695);
#9695=CARTESIAN_POINT('',(-6.9,1.29,3.647150035));
#9696=LINE('',#9697,#9698);
#9697=CARTESIAN_POINT('',(-6.9,1.29,3.647150035));
#9698=VECTOR('',#9699,1.0);
#9699=DIRECTION('',(1.104919411E-16,-1.0,-8.471987687E-32));
#9700=ORIENTED_EDGE('',*,*,#9701,.T.);
#9701=EDGE_CURVE('NONE',#9694,#9670,#9702,.F.);
#9702=LINE('',#9703,#9704);
#9703=CARTESIAN_POINT('',(-6.9,1.29,3.647150035));
#9704=VECTOR('',#9705,1.0);
#9705=DIRECTION('',(0.0,0.0,1.0));
#9706=ORIENTED_EDGE('',*,*,#9669,.F.);
#9707=PLANE('',#9708);
#9708=AXIS2_PLACEMENT_3D('',#9709,#9710,#9711);
#9709=CARTESIAN_POINT('',(-6.9,1.29,3.647150035));
#9710=DIRECTION('',(1.0,1.104919411E-16,0.0));
#9711=DIRECTION('',(-1.104919411E-16,1.0,0.0));
#9712=ADVANCED_FACE('NONE',(#9713),#9724,.F.);
#9713=FACE_BOUND('NONE',#9714,.T.);
#9714=EDGE_LOOP('',(#9715,#9716,#9717,#9723));
#9715=ORIENTED_EDGE('',*,*,#9477,.F.);
#9716=ORIENTED_EDGE('',*,*,#9654,.F.);
#9717=ORIENTED_EDGE('',*,*,#9718,.T.);
#9718=EDGE_CURVE('NONE',#9647,#9694,#9719,.F.);
#9719=LINE('',#9720,#9721);
#9720=CARTESIAN_POINT('',(-6.9,1.29,3.647150035));
#9721=VECTOR('',#9722,1.0);
#9722=DIRECTION('',(1.0,9.856383386E-17,0.0));
#9723=ORIENTED_EDGE('',*,*,#9693,.F.);
#9724=PLANE('',#9725);
#9725=AXIS2_PLACEMENT_3D('',#9726,#9727,#9728);
#9726=CARTESIAN_POINT('',(-6.9,1.29,3.647150035));
#9727=DIRECTION('',(-8.350315868E-48,8.471987687E-32,-1.0));
#9728=DIRECTION('',(0.0,1.0,8.471987687E-32));
#9729=ADVANCED_FACE('NONE',(#9730,#9740),#9746,.F.);
#9730=FACE_BOUND('NONE',#9731,.T.);
#9731=EDGE_LOOP('',(#9732,#9739));
#9732=ORIENTED_EDGE('',*,*,#9733,.T.);
#9733=EDGE_CURVE('NONE',#8867,#8875,#9734,.F.);
#9734=CIRCLE('',#9735,0.535);
#9735=AXIS2_PLACEMENT_3D('',#9736,#9737,#9738);
#9736=CARTESIAN_POINT('',(-6.35,1.29,3.097150035));
#9737=DIRECTION('',(-9.856383386E-17,1.0,0.0));
#9738=DIRECTION('',(-1.0,-9.856383386E-17,0.0));
#9739=ORIENTED_EDGE('',*,*,#8874,.F.);
#9740=FACE_BOUND('NONE',#9741,.T.);
#9741=EDGE_LOOP('',(#9742,#9743,#9744,#9745));
#9742=ORIENTED_EDGE('',*,*,#9646,.F.);
#9743=ORIENTED_EDGE('',*,*,#9677,.F.);
#9744=ORIENTED_EDGE('',*,*,#9701,.F.);
#9745=ORIENTED_EDGE('',*,*,#9718,.F.);
#9746=PLANE('',#9747);
#9747=AXIS2_PLACEMENT_3D('',#9748,#9749,#9750);
#9748=CARTESIAN_POINT('',(-1.378826422E-16,1.29,7.624788918E-32));
#9749=DIRECTION('',(9.856383386E-17,-1.0,0.0));
#9750=DIRECTION('',(1.0,9.856383386E-17,0.0));
#9751=ADVANCED_FACE('NONE',(#9752),#9767,.T.);
#9752=FACE_BOUND('NONE',#9753,.T.);
#9753=EDGE_LOOP('',(#9754,#9755,#9756,#9765,#9766));
#9754=ORIENTED_EDGE('',*,*,#8866,.F.);
#9755=ORIENTED_EDGE('',*,*,#8837,.F.);
#9756=ORIENTED_EDGE('',*,*,#9757,.T.);
#9757=EDGE_CURVE('NONE',#8830,#8855,#9758,.T.);
#9758=B_SPLINE_CURVE_WITH_KNOTS('',3,(#9759,#9760,#9761,#9762,#9763,#9764),.UNSPECIFIED.,.F.,.U.,(4,2,4),(5.062863522E-04,9.243922866E-04,0.001342498),.UNSPECIFIED.);
#9759=CARTESIAN_POINT('',(-6.35,2.599541489,2.562150035));
#9760=CARTESIAN_POINT('',(-6.209828121,2.599541489,2.562150035));
#9761=CARTESIAN_POINT('',(-6.070752568,2.599566155,2.619710978));
#9762=CARTESIAN_POINT('',(-5.872329561,2.599651253,2.818298581));
#9763=CARTESIAN_POINT('',(-5.815,2.599711021,2.95777583));
#9764=CARTESIAN_POINT('',(-5.815,2.599770745,3.097150035));
#9765=ORIENTED_EDGE('',*,*,#8883,.F.);
#9766=ORIENTED_EDGE('',*,*,#9733,.F.);
#9767=CYLINDRICAL_SURFACE('',#9768,0.535);
#9768=AXIS2_PLACEMENT_3D('',#9769,#9770,#9771);
#9769=CARTESIAN_POINT('',(-6.35,4.251,3.097150035));
#9770=DIRECTION('',(9.856383386E-17,-1.0,0.0));
#9771=DIRECTION('',(1.0,9.856383386E-17,0.0));
#9772=ADVANCED_FACE('NONE',(#9773),#9793,.F.);
#9773=FACE_BOUND('NONE',#9774,.T.);
#9774=EDGE_LOOP('',(#9775,#9776,#9777,#9778,#9779,#9792));
#9775=ORIENTED_EDGE('',*,*,#8811,.F.);
#9776=ORIENTED_EDGE('',*,*,#8854,.F.);
#9777=ORIENTED_EDGE('',*,*,#9757,.F.);
#9778=ORIENTED_EDGE('',*,*,#8829,.F.);
#9779=ORIENTED_EDGE('',*,*,#9780,.T.);
#9780=EDGE_CURVE('NONE',#8819,#8708,#9781,.F.);
#9781=B_SPLINE_CURVE_WITH_KNOTS('',3,(#9782,#9783,#9784,#9785,#9786,#9787,#9788,#9789,#9790,#9791),.UNSPECIFIED.,.F.,.U.,(4,2,2,2,4),(0.003743817,0.004134804,0.004525791,0.004916778,0.005307765),.UNSPECIFIED.);
#9782=CARTESIAN_POINT('',(-5.35,2.599571453,3.097150035));
#9783=CARTESIAN_POINT('',(-5.35,2.599515211,2.965911042));
#9784=CARTESIAN_POINT('',(-5.376179361,2.599459108,2.834994952));
#9785=CARTESIAN_POINT('',(-5.476151677,2.59935571,2.593720761));
#9786=CARTESIAN_POINT('',(-5.550761273,2.599307904,2.482167126));
#9787=CARTESIAN_POINT('',(-5.735087129,2.599228919,2.297857421));
#9788=CARTESIAN_POINT('',(-5.846723436,2.599196937,2.223229135));
#9789=CARTESIAN_POINT('',(-6.087813922,2.599154135,2.123351545));
#9790=CARTESIAN_POINT('',(-6.218969851,2.599142907,2.097150035));
#9791=CARTESIAN_POINT('',(-6.35,2.599142907,2.097150035));
#9792=ORIENTED_EDGE('',*,*,#8705,.F.);
#9793=CONICAL_SURFACE('',#9794,1.024292743,1.570367743);
#9794=AXIS2_PLACEMENT_3D('',#9795,#9796,#9797);
#9795=CARTESIAN_POINT('',(-6.35,2.599561005,3.097064392));
#9796=DIRECTION('',(0.0,-0.999999908,4.285833644E-04));
#9797=DIRECTION('',(0.0,-4.285833644E-04,-0.999999908));
#9798=ADVANCED_FACE('NONE',(#9799),#9818,.T.);
#9799=FACE_BOUND('NONE',#9800,.T.);
#9800=EDGE_LOOP('',(#9801,#9811));
#9801=ORIENTED_EDGE('',*,*,#9802,.T.);
#9802=EDGE_CURVE('NONE',#9803,#9805,#9807,.F.);
#9803=VERTEX_POINT('NONE',#9804);
#9804=CARTESIAN_POINT('',(-7.324358763,3.45,2.872150035));
#9805=VERTEX_POINT('NONE',#9806);
#9806=CARTESIAN_POINT('',(-5.375641237,3.45,2.872150035));
#9807=LINE('',#9808,#9809);
#9808=CARTESIAN_POINT('',(-7.35,3.45,2.872150035));
#9809=VECTOR('',#9810,1.0);
#9810=DIRECTION('',(-1.0,-2.168404345E-16,0.0));
#9811=ORIENTED_EDGE('',*,*,#9812,.T.);
#9812=EDGE_CURVE('NONE',#9805,#9803,#9813,.T.);
#9813=CIRCLE('',#9814,1.0);
#9814=AXIS2_PLACEMENT_3D('',#9815,#9816,#9817);
#9815=CARTESIAN_POINT('',(-6.35,3.45,3.097150035));
#9816=DIRECTION('',(-1.104919411E-16,1.0,0.0));
#9817=DIRECTION('',(-1.0,-1.104919411E-16,0.0));
#9818=PLANE('',#9819);
#9819=AXIS2_PLACEMENT_3D('',#9820,#9821,#9822);
#9820=CARTESIAN_POINT('',(-6.35,3.45,3.097150035));
#9821=DIRECTION('',(-1.104919411E-16,1.0,0.0));
#9822=DIRECTION('',(-1.0,-1.104919411E-16,0.0));
#9823=ADVANCED_FACE('NONE',(#9824),#9861,.T.);
#9824=FACE_BOUND('NONE',#9825,.T.);
#9825=EDGE_LOOP('',(#9826,#9827,#9828,#9829,#9830,#9839,#9845,#9846,#9854));
#9826=ORIENTED_EDGE('',*,*,#8720,.F.);
#9827=ORIENTED_EDGE('',*,*,#9780,.F.);
#9828=ORIENTED_EDGE('',*,*,#8818,.F.);
#9829=ORIENTED_EDGE('',*,*,#8771,.F.);
#9830=ORIENTED_EDGE('',*,*,#9831,.T.);
#9831=EDGE_CURVE('NONE',#8763,#9832,#9834,.F.);
#9832=VERTEX_POINT('NONE',#9833);
#9833=CARTESIAN_POINT('',(-7.324358763,3.15,2.872150035));
#9834=CIRCLE('',#9835,1.0);
#9835=AXIS2_PLACEMENT_3D('',#9836,#9837,#9838);
#9836=CARTESIAN_POINT('',(-6.35,3.15,3.097150035));
#9837=DIRECTION('',(-2.168404345E-16,1.0,0.0));
#9838=DIRECTION('',(1.0,2.168404345E-16,6.071532166E-15));
#9839=ORIENTED_EDGE('',*,*,#9840,.T.);
#9840=EDGE_CURVE('NONE',#9832,#9803,#9841,.F.);
#9841=LINE('',#9842,#9843);
#9842=CARTESIAN_POINT('',(-7.324358763,-4.251,2.872150035));
#9843=VECTOR('',#9844,1.0);
#9844=DIRECTION('',(1.104919411E-16,-1.0,0.0));
#9845=ORIENTED_EDGE('',*,*,#9812,.F.);
#9846=ORIENTED_EDGE('',*,*,#9847,.T.);
#9847=EDGE_CURVE('NONE',#9805,#9848,#9850,.F.);
#9848=VERTEX_POINT('NONE',#9849);
#9849=CARTESIAN_POINT('',(-5.375641237,3.15,2.872150035));
#9850=LINE('',#9851,#9852);
#9851=CARTESIAN_POINT('',(-5.375641237,-4.251,2.872150035));
#9852=VECTOR('',#9853,1.0);
#9853=DIRECTION('',(-1.104919411E-16,1.0,0.0));
#9854=ORIENTED_EDGE('',*,*,#9855,.T.);
#9855=EDGE_CURVE('NONE',#9848,#8721,#9856,.F.);
#9856=CIRCLE('',#9857,1.0);
#9857=AXIS2_PLACEMENT_3D('',#9858,#9859,#9860);
#9858=CARTESIAN_POINT('',(-6.35,3.15,3.097150035));
#9859=DIRECTION('',(-2.168404345E-16,1.0,0.0));
#9860=DIRECTION('',(1.0,2.168404345E-16,0.0));
#9861=CYLINDRICAL_SURFACE('',#9862,1.0);
#9862=AXIS2_PLACEMENT_3D('',#9863,#9864,#9865);
#9863=CARTESIAN_POINT('',(-6.35,-4.251,3.097150035));
#9864=DIRECTION('',(-1.104919411E-16,1.0,0.0));
#9865=DIRECTION('',(-1.0,-1.104919411E-16,0.0));
#9866=ADVANCED_FACE('NONE',(#9867),#9878,.F.);
#9867=FACE_BOUND('NONE',#9868,.T.);
#9868=EDGE_LOOP('',(#9869,#9870,#9876,#9877));
#9869=ORIENTED_EDGE('',*,*,#8737,.F.);
#9870=ORIENTED_EDGE('',*,*,#9871,.T.);
#9871=EDGE_CURVE('NONE',#8729,#8755,#9872,.F.);
#9872=LINE('',#9873,#9874);
#9873=CARTESIAN_POINT('',(-7.35,3.15,3.322150035));
#9874=VECTOR('',#9875,1.0);
#9875=DIRECTION('',(1.0,2.168404345E-16,0.0));
#9876=ORIENTED_EDGE('',*,*,#8754,.F.);
#9877=ORIENTED_EDGE('',*,*,#9427,.F.);
#9878=PLANE('',#9879);
#9879=AXIS2_PLACEMENT_3D('',#9880,#9881,#9882);
#9880=CARTESIAN_POINT('',(-7.35,3.15,3.322150035));
#9881=DIRECTION('',(0.0,0.0,1.0));
#9882=DIRECTION('',(1.0,0.0,0.0));
#9883=ADVANCED_FACE('NONE',(#9884),#9895,.F.);
#9884=FACE_BOUND('NONE',#9885,.T.);
#9885=EDGE_LOOP('',(#9886,#9887,#9893,#9894));
#9886=ORIENTED_EDGE('',*,*,#9840,.F.);
#9887=ORIENTED_EDGE('',*,*,#9888,.T.);
#9888=EDGE_CURVE('NONE',#9832,#9848,#9889,.F.);
#9889=LINE('',#9890,#9891);
#9890=CARTESIAN_POINT('',(-7.35,3.15,2.872150035));
#9891=VECTOR('',#9892,1.0);
#9892=DIRECTION('',(-1.0,-2.168404345E-16,0.0));
#9893=ORIENTED_EDGE('',*,*,#9847,.F.);
#9894=ORIENTED_EDGE('',*,*,#9802,.F.);
#9895=PLANE('',#9896);
#9896=AXIS2_PLACEMENT_3D('',#9897,#9898,#9899);
#9897=CARTESIAN_POINT('',(-7.35,3.15,2.872150035));
#9898=DIRECTION('',(0.0,0.0,-1.0));
#9899=DIRECTION('',(-1.0,0.0,0.0));
#9900=ADVANCED_FACE('NONE',(#9901),#9909,.F.);
#9901=FACE_BOUND('NONE',#9902,.T.);
#9902=EDGE_LOOP('',(#9903,#9904,#9905,#9906,#9907,#9908));
#9903=ORIENTED_EDGE('',*,*,#9888,.F.);
#9904=ORIENTED_EDGE('',*,*,#9831,.F.);
#9905=ORIENTED_EDGE('',*,*,#8762,.F.);
#9906=ORIENTED_EDGE('',*,*,#9871,.F.);
#9907=ORIENTED_EDGE('',*,*,#8728,.F.);
#9908=ORIENTED_EDGE('',*,*,#9855,.F.);
#9909=PLANE('',#9910);
#9910=AXIS2_PLACEMENT_3D('',#9911,#9912,#9913);
#9911=CARTESIAN_POINT('',(-7.149519167E-16,3.15,0.0));
#9912=DIRECTION('',(2.168404345E-16,-1.0,0.0));
#9913=DIRECTION('',(1.0,2.168404345E-16,0.0));
#9914=ADVANCED_FACE('NONE',(#9915),#9926,.F.);
#9915=FACE_BOUND('NONE',#9916,.T.);
#9916=EDGE_LOOP('',(#9917,#9918,#9924,#9925));
#9917=ORIENTED_EDGE('',*,*,#9338,.F.);
#9918=ORIENTED_EDGE('',*,*,#9919,.T.);
#9919=EDGE_CURVE('NONE',#9330,#9277,#9920,.F.);
#9920=LINE('',#9921,#9922);
#9921=CARTESIAN_POINT('',(-5.8,-0.996532275,1.039712991));
#9922=VECTOR('',#9923,1.0);
#9923=DIRECTION('',(-1.0,-1.104919411E-16,6.652489415E-16));
#9924=ORIENTED_EDGE('',*,*,#9276,.F.);
#9925=ORIENTED_EDGE('',*,*,#9547,.F.);
#9926=PLANE('',#9927);
#9927=AXIS2_PLACEMENT_3D('',#9928,#9929,#9930);
#9928=CARTESIAN_POINT('',(-5.8,-0.996532275,1.949712991));
#9929=DIRECTION('',(-1.104919411E-16,1.0,1.053148155E-31));
#9930=DIRECTION('',(-1.0,-1.104919411E-16,0.0));
#9931=ADVANCED_FACE('NONE',(#9932),#9938,.F.);
#9932=FACE_BOUND('NONE',#9933,.T.);
#9933=EDGE_LOOP('',(#9934,#9935,#9936,#9937));
#9934=ORIENTED_EDGE('',*,*,#9329,.F.);
#9935=ORIENTED_EDGE('',*,*,#8915,.F.);
#9936=ORIENTED_EDGE('',*,*,#9284,.F.);
#9937=ORIENTED_EDGE('',*,*,#9919,.F.);
#9938=CYLINDRICAL_SURFACE('',#9939,0.04);
#9939=AXIS2_PLACEMENT_3D('',#9940,#9941,#9942);
#9940=CARTESIAN_POINT('',(-5.8,-1.036532275,1.039712991));
#9941=DIRECTION('',(-1.0,-1.104919411E-16,6.652489415E-16));
#9942=DIRECTION('',(6.652489415E-16,7.350464689E-32,1.0));
#9943=ADVANCED_FACE('NONE',(#9944),#9950,.T.);
#9944=FACE_BOUND('NONE',#9945,.T.);
#9945=EDGE_LOOP('',(#9946,#9947,#9948,#9949));
#9946=ORIENTED_EDGE('',*,*,#9411,.F.);
#9947=ORIENTED_EDGE('',*,*,#9085,.F.);
#9948=ORIENTED_EDGE('',*,*,#9202,.F.);
#9949=ORIENTED_EDGE('',*,*,#8955,.F.);
#9950=CYLINDRICAL_SURFACE('',#9951,0.54);
#9951=AXIS2_PLACEMENT_3D('',#9952,#9953,#9954);
#9952=CARTESIAN_POINT('',(-5.8,-4.236532275,2.81));
#9953=DIRECTION('',(-1.0,-1.104919411E-16,6.652489415E-16));
#9954=DIRECTION('',(6.652489415E-16,7.350464689E-32,1.0));
#9955=ADVANCED_FACE('NONE',(#9956),#9967,.F.);
#9956=FACE_BOUND('NONE',#9957,.T.);
#9957=EDGE_LOOP('',(#9958,#9959,#9965,#9966));
#9958=ORIENTED_EDGE('',*,*,#9396,.F.);
#9959=ORIENTED_EDGE('',*,*,#9960,.T.);
#9960=EDGE_CURVE('NONE',#9389,#9218,#9961,.F.);
#9961=LINE('',#9962,#9963);
#9962=CARTESIAN_POINT('',(-5.8,-4.196532275,2.81));
#9963=VECTOR('',#9964,1.0);
#9964=DIRECTION('',(-1.0,-1.104919411E-16,6.652489415E-16));
#9965=ORIENTED_EDGE('',*,*,#9217,.F.);
#9966=ORIENTED_EDGE('',*,*,#9154,.F.);
#9967=CYLINDRICAL_SURFACE('',#9968,0.04);
#9968=AXIS2_PLACEMENT_3D('',#9969,#9970,#9971);
#9969=CARTESIAN_POINT('',(-5.8,-4.236532275,2.81));
#9970=DIRECTION('',(-1.0,-1.104919411E-16,6.652489415E-16));
#9971=DIRECTION('',(6.652489415E-16,7.350464689E-32,1.0));
#9972=ADVANCED_FACE('NONE',(#9973),#9984,.F.);
#9973=FACE_BOUND('NONE',#9974,.T.);
#9974=EDGE_LOOP('',(#9975,#9976,#9982,#9983));
#9975=ORIENTED_EDGE('',*,*,#9388,.F.);
#9976=ORIENTED_EDGE('',*,*,#9977,.T.);
#9977=EDGE_CURVE('NONE',#9380,#9227,#9978,.F.);
#9978=LINE('',#9979,#9980);
#9979=CARTESIAN_POINT('',(-5.8,-4.196532275,1.039712991));
#9980=VECTOR('',#9981,1.0);
#9981=DIRECTION('',(-1.0,-1.104919411E-16,6.652489415E-16));
#9982=ORIENTED_EDGE('',*,*,#9226,.F.);
#9983=ORIENTED_EDGE('',*,*,#9960,.F.);
#9984=PLANE('',#9985);
#9985=AXIS2_PLACEMENT_3D('',#9986,#9987,#9988);
#9986=CARTESIAN_POINT('',(-5.8,-4.196532275,1.039712991));
#9987=DIRECTION('',(-1.104919411E-16,1.0,1.082722538E-31));
#9988=DIRECTION('',(-1.0,-1.104919411E-16,0.0));
#9989=ADVANCED_FACE('NONE',(#9990),#10001,.T.);
#9990=FACE_BOUND('NONE',#9991,.T.);
#9991=EDGE_LOOP('',(#9992,#9993,#9999,#10000));
#9992=ORIENTED_EDGE('',*,*,#9379,.F.);
#9993=ORIENTED_EDGE('',*,*,#9994,.T.);
#9994=EDGE_CURVE('NONE',#9372,#9235,#9995,.F.);
#9995=LINE('',#9996,#9997);
#9996=CARTESIAN_POINT('',(-5.8,-3.656532275,0.499712991));
#9997=VECTOR('',#9998,1.0);
#9998=DIRECTION('',(-1.0,-1.104919411E-16,6.652489415E-16));
#9999=ORIENTED_EDGE('',*,*,#9234,.F.);
#10000=ORIENTED_EDGE('',*,*,#9977,.F.);
#10001=CYLINDRICAL_SURFACE('',#10002,0.54);
#10002=AXIS2_PLACEMENT_3D('',#10003,#10004,#10005);
#10003=CARTESIAN_POINT('',(-5.8,-3.656532275,1.039712991));
#10004=DIRECTION('',(-1.0,-1.104919411E-16,6.652489415E-16));
#10005=DIRECTION('',(6.652489415E-16,7.350464689E-32,1.0));
#10006=ADVANCED_FACE('NONE',(#10007),#10018,.F.);
#10007=FACE_BOUND('NONE',#10008,.T.);
#10008=EDGE_LOOP('',(#10009,#10010,#10016,#10017));
#10009=ORIENTED_EDGE('',*,*,#9371,.F.);
#10010=ORIENTED_EDGE('',*,*,#10011,.T.);
#10011=EDGE_CURVE('NONE',#9363,#9244,#10012,.F.);
#10012=LINE('',#10013,#10014);
#10013=CARTESIAN_POINT('',(-5.8,-1.036532275,0.499712991));
#10014=VECTOR('',#10015,1.0);
#10015=DIRECTION('',(-1.0,-1.104919411E-16,6.652489415E-16));
#10016=ORIENTED_EDGE('',*,*,#9243,.F.);
#10017=ORIENTED_EDGE('',*,*,#9994,.F.);
#10018=PLANE('',#10019);
#10019=AXIS2_PLACEMENT_3D('',#10020,#10021,#10022);
#10020=CARTESIAN_POINT('',(-5.8,-1.036532275,0.499712991));
#10021=DIRECTION('',(6.652489415E-16,0.0,1.0));
#10022=DIRECTION('',(1.0,0.0,-6.652489415E-16));
#10023=ADVANCED_FACE('NONE',(#10024),#10035,.T.);
#10024=FACE_BOUND('NONE',#10025,.T.);
#10025=EDGE_LOOP('',(#10026,#10027,#10033,#10034));
#10026=ORIENTED_EDGE('',*,*,#9362,.F.);
#10027=ORIENTED_EDGE('',*,*,#10028,.T.);
#10028=EDGE_CURVE('NONE',#9355,#9252,#10029,.F.);
#10029=LINE('',#10030,#10031);
#10030=CARTESIAN_POINT('',(-5.8,-0.496532275,1.039712991));
#10031=VECTOR('',#10032,1.0);
#10032=DIRECTION('',(-1.0,-1.104919411E-16,6.652489415E-16));
#10033=ORIENTED_EDGE('',*,*,#9251,.F.);
#10034=ORIENTED_EDGE('',*,*,#10011,.F.);
#10035=CYLINDRICAL_SURFACE('',#10036,0.54);
#10036=AXIS2_PLACEMENT_3D('',#10037,#10038,#10039);
#10037=CARTESIAN_POINT('',(-5.8,-1.036532275,1.039712991));
#10038=DIRECTION('',(-1.0,-1.104919411E-16,6.652489415E-16));
#10039=DIRECTION('',(6.652489415E-16,7.350464689E-32,1.0));
#10040=ADVANCED_FACE('NONE',(#10041),#10047,.F.);
#10041=FACE_BOUND('NONE',#10042,.T.);
#10042=EDGE_LOOP('',(#10043,#10044,#10045,#10046));
#10043=ORIENTED_EDGE('',*,*,#9354,.F.);
#10044=ORIENTED_EDGE('',*,*,#9554,.F.);
#10045=ORIENTED_EDGE('',*,*,#9260,.F.);
#10046=ORIENTED_EDGE('',*,*,#10028,.F.);
#10047=PLANE('',#10048);
#10048=AXIS2_PLACEMENT_3D('',#10049,#10050,#10051);
#10049=CARTESIAN_POINT('',(-5.8,-0.496532275,1.949712991));
#10050=DIRECTION('',(1.104919411E-16,-1.0,-1.053148155E-31));
#10051=DIRECTION('',(1.0,1.104919411E-16,0.0));
#10052=ADVANCED_FACE('NONE',(#10053),#10059,.T.);
#10053=FACE_BOUND('NONE',#10054,.T.);
#10054=EDGE_LOOP('',(#10055,#10056,#10057,#10058));
#10055=ORIENTED_EDGE('',*,*,#9051,.F.);
#10056=ORIENTED_EDGE('',*,*,#9404,.F.);
#10057=ORIENTED_EDGE('',*,*,#9138,.F.);
#10058=ORIENTED_EDGE('',*,*,#9107,.F.);
#10059=PLANE('',#10060);
#10060=AXIS2_PLACEMENT_3D('',#10061,#10062,#10063);
#10061=CARTESIAN_POINT('',(-6.9,-6.55,0.85));
#10062=DIRECTION('',(-0.96,-0.28,6.732004635E-16));
#10063=DIRECTION('',(0.28,-0.96,0.0));
#10064=ADVANCED_FACE('NONE',(#10065),#10071,.T.);
#10065=FACE_BOUND('NONE',#10066,.T.);
#10066=EDGE_LOOP('',(#10067,#10068,#10069,#10070));
#10067=ORIENTED_EDGE('',*,*,#9069,.F.);
#10068=ORIENTED_EDGE('',*,*,#9123,.F.);
#10069=ORIENTED_EDGE('',*,*,#9170,.F.);
#10070=ORIENTED_EDGE('',*,*,#9210,.F.);
#10071=PLANE('',#10072);
#10072=AXIS2_PLACEMENT_3D('',#10073,#10074,#10075);
#10073=CARTESIAN_POINT('',(-5.8,-6.55,0.85));
#10074=DIRECTION('',(0.96,-0.28,-6.040775042E-16));
#10075=DIRECTION('',(0.28,0.96,0.0));
#10076=ADVANCED_FACE('NONE',(#10077),#10088,.F.);
#10077=FACE_BOUND('NONE',#10078,.T.);
#10078=EDGE_LOOP('',(#10079,#10080,#10081,#10087));
#10079=ORIENTED_EDGE('',*,*,#9011,.F.);
#10080=ORIENTED_EDGE('',*,*,#9623,.F.);
#10081=ORIENTED_EDGE('',*,*,#10082,.T.);
#10082=EDGE_CURVE('NONE',#9616,#9587,#10083,.F.);
#10083=LINE('',#10084,#10085);
#10084=CARTESIAN_POINT('',(-5.31,-3.25,5.149712991));
#10085=VECTOR('',#10086,1.0);
#10086=DIRECTION('',(-1.0,-2.085004178E-16,0.0));
#10087=ORIENTED_EDGE('',*,*,#9586,.F.);
#10088=PLANE('',#10089);
#10089=AXIS2_PLACEMENT_3D('',#10090,#10091,#10092);
#10090=CARTESIAN_POINT('',(-5.31,-3.25,5.149712991));
#10091=DIRECTION('',(2.085004178E-16,-1.0,0.0));
#10092=DIRECTION('',(1.0,2.085004178E-16,0.0));
#10093=ADVANCED_FACE('NONE',(#10094),#10100,.T.);
#10094=FACE_BOUND('NONE',#10095,.T.);
#10095=EDGE_LOOP('',(#10096,#10097,#10098,#10099));
#10096=ORIENTED_EDGE('',*,*,#9594,.F.);
#10097=ORIENTED_EDGE('',*,*,#10082,.F.);
#10098=ORIENTED_EDGE('',*,*,#9615,.F.);
#10099=ORIENTED_EDGE('',*,*,#9533,.F.);
#10100=PLANE('',#10101);
#10101=AXIS2_PLACEMENT_3D('',#10102,#10103,#10104);
#10102=CARTESIAN_POINT('',(0.0,0.0,5.149712991));
#10103=DIRECTION('',(0.0,0.0,1.0));
#10104=DIRECTION('',(1.0,0.0,0.0));
#10105=ADVANCED_FACE('NONE',(#10106),#10131,.F.);
#10106=FACE_BOUND('NONE',#10107,.T.);
#10107=EDGE_LOOP('',(#10108,#10116,#10117,#10125));
#10108=ORIENTED_EDGE('',*,*,#10109,.T.);
#10109=EDGE_CURVE('NONE',#10110,#9315,#10112,.T.);
#10110=VERTEX_POINT('NONE',#10111);
#10111=CARTESIAN_POINT('',(-7.39,-3.25,0.9));
#10112=LINE('',#10113,#10114);
#10113=CARTESIAN_POINT('',(-7.39,-3.25,0.9));
#10114=VECTOR('',#10115,1.0);
#10115=DIRECTION('',(1.0,0.0,1.042502089E-16));
#10116=ORIENTED_EDGE('',*,*,#9314,.F.);
#10117=ORIENTED_EDGE('',*,*,#10118,.T.);
#10118=EDGE_CURVE('NONE',#9307,#10119,#10121,.F.);
#10119=VERTEX_POINT('NONE',#10120);
#10120=CARTESIAN_POINT('',(-7.39,-3.696532275,0.9));
#10121=LINE('',#10122,#10123);
#10122=CARTESIAN_POINT('',(-7.39,-3.696532275,0.9));
#10123=VECTOR('',#10124,1.0);
#10124=DIRECTION('',(1.0,0.0,1.042502089E-16));
#10125=ORIENTED_EDGE('',*,*,#10126,.T.);
#10126=EDGE_CURVE('NONE',#10119,#10110,#10127,.T.);
#10127=LINE('',#10128,#10129);
#10128=CARTESIAN_POINT('',(-7.39,-3.696532275,0.9));
#10129=VECTOR('',#10130,1.0);
#10130=DIRECTION('',(0.0,1.0,0.0));
#10131=PLANE('',#10132);
#10132=AXIS2_PLACEMENT_3D('',#10133,#10134,#10135);
#10133=CARTESIAN_POINT('',(-7.39,-3.696532275,0.9));
#10134=DIRECTION('',(-1.042502089E-16,0.0,1.0));
#10135=DIRECTION('',(1.0,0.0,1.042502089E-16));
#10136=ADVANCED_FACE('NONE',(#10137),#10155,.T.);
#10137=FACE_BOUND('NONE',#10138,.T.);
#10138=EDGE_LOOP('',(#10139,#10140,#10148,#10154));
#10139=ORIENTED_EDGE('',*,*,#9306,.F.);
#10140=ORIENTED_EDGE('',*,*,#10141,.T.);
#10141=EDGE_CURVE('NONE',#8940,#10142,#10144,.T.);
#10142=VERTEX_POINT('NONE',#10143);
#10143=CARTESIAN_POINT('',(-7.39,-3.696532275,1.549571274));
#10144=LINE('',#10145,#10146);
#10145=CARTESIAN_POINT('',(-5.31,-3.696532275,1.549571274));
#10146=VECTOR('',#10147,1.0);
#10147=DIRECTION('',(-1.0,0.0,0.0));
#10148=ORIENTED_EDGE('',*,*,#10149,.T.);
#10149=EDGE_CURVE('NONE',#10142,#10119,#10150,.T.);
#10150=LINE('',#10151,#10152);
#10151=CARTESIAN_POINT('',(-7.39,-3.696532275,1.549571274));
#10152=VECTOR('',#10153,1.0);
#10153=DIRECTION('',(-1.335283398E-15,0.0,-1.0));
#10154=ORIENTED_EDGE('',*,*,#10118,.F.);
#10155=PLANE('',#10156);
#10156=AXIS2_PLACEMENT_3D('',#10157,#10158,#10159);
#10157=CARTESIAN_POINT('',(0.0,-3.696532275,0.0));
#10158=DIRECTION('',(0.0,-1.0,0.0));
#10159=DIRECTION('',(0.0,0.0,-1.0));
#10160=ADVANCED_FACE('NONE',(#10161),#10186,.F.);
#10161=FACE_BOUND('NONE',#10162,.T.);
#10162=EDGE_LOOP('',(#10163,#10164,#10172,#10180));
#10163=ORIENTED_EDGE('',*,*,#9185,.F.);
#10164=ORIENTED_EDGE('',*,*,#10165,.T.);
#10165=EDGE_CURVE('NONE',#9186,#10166,#10168,.T.);
#10166=VERTEX_POINT('NONE',#10167);
#10167=CARTESIAN_POINT('',(-5.31,-3.25,0.9));
#10168=LINE('',#10169,#10170);
#10169=CARTESIAN_POINT('',(-7.39,-3.25,0.9));
#10170=VECTOR('',#10171,1.0);
#10171=DIRECTION('',(1.0,0.0,1.042502089E-16));
#10172=ORIENTED_EDGE('',*,*,#10173,.T.);
#10173=EDGE_CURVE('NONE',#10166,#10174,#10176,.F.);
#10174=VERTEX_POINT('NONE',#10175);
#10175=CARTESIAN_POINT('',(-5.31,-3.696532275,0.9));
#10176=LINE('',#10177,#10178);
#10177=CARTESIAN_POINT('',(-5.31,-3.696532275,0.9));
#10178=VECTOR('',#10179,1.0);
#10179=DIRECTION('',(0.0,1.0,0.0));
#10180=ORIENTED_EDGE('',*,*,#10181,.T.);
#10181=EDGE_CURVE('NONE',#10174,#9188,#10182,.F.);
#10182=LINE('',#10183,#10184);
#10183=CARTESIAN_POINT('',(-7.39,-3.696532275,0.9));
#10184=VECTOR('',#10185,1.0);
#10185=DIRECTION('',(1.0,0.0,1.042502089E-16));
#10186=PLANE('',#10187);
#10187=AXIS2_PLACEMENT_3D('',#10188,#10189,#10190);
#10188=CARTESIAN_POINT('',(-7.39,-3.696532275,0.9));
#10189=DIRECTION('',(-1.042502089E-16,0.0,1.0));
#10190=DIRECTION('',(1.0,0.0,1.042502089E-16));
#10191=ADVANCED_FACE('NONE',(#10192),#10217,.F.);
#10192=FACE_BOUND('NONE',#10193,.T.);
#10193=EDGE_LOOP('',(#10194,#10202,#10210,#10216));
#10194=ORIENTED_EDGE('',*,*,#10195,.T.);
#10195=EDGE_CURVE('NONE',#10166,#10196,#10198,.T.);
#10196=VERTEX_POINT('NONE',#10197);
#10197=CARTESIAN_POINT('',(-5.31,-3.25,1.549571274));
#10198=LINE('',#10199,#10200);
#10199=CARTESIAN_POINT('',(-5.31,-3.25,0.9));
#10200=VECTOR('',#10201,1.0);
#10201=DIRECTION('',(0.0,0.0,1.0));
#10202=ORIENTED_EDGE('',*,*,#10203,.T.);
#10203=EDGE_CURVE('NONE',#10196,#10204,#10206,.F.);
#10204=VERTEX_POINT('NONE',#10205);
#10205=CARTESIAN_POINT('',(-5.31,-3.696532275,1.549571274));
#10206=LINE('',#10207,#10208);
#10207=CARTESIAN_POINT('',(-5.31,-3.696532275,1.549571274));
#10208=VECTOR('',#10209,1.0);
#10209=DIRECTION('',(0.0,1.0,0.0));
#10210=ORIENTED_EDGE('',*,*,#10211,.T.);
#10211=EDGE_CURVE('NONE',#10204,#10174,#10212,.F.);
#10212=LINE('',#10213,#10214);
#10213=CARTESIAN_POINT('',(-5.31,-3.696532275,0.9));
#10214=VECTOR('',#10215,1.0);
#10215=DIRECTION('',(0.0,0.0,1.0));
#10216=ORIENTED_EDGE('',*,*,#10173,.F.);
#10217=PLANE('',#10218);
#10218=AXIS2_PLACEMENT_3D('',#10219,#10220,#10221);
#10219=CARTESIAN_POINT('',(-5.31,-3.696532275,0.9));
#10220=DIRECTION('',(-1.0,0.0,0.0));
#10221=DIRECTION('',(0.0,0.0,1.0));
#10222=ADVANCED_FACE('NONE',(#10223),#10248,.F.);
#10223=FACE_BOUND('NONE',#10224,.T.);
#10224=EDGE_LOOP('',(#10225,#10233,#10239,#10240,#10241,#10247));
#10225=ORIENTED_EDGE('',*,*,#10226,.T.);
#10226=EDGE_CURVE('NONE',#10196,#10227,#10229,.T.);
#10227=VERTEX_POINT('NONE',#10228);
#10228=CARTESIAN_POINT('',(-7.39,-3.25,1.549571274));
#10229=LINE('',#10230,#10231);
#10230=CARTESIAN_POINT('',(-5.31,-3.25,1.549571274));
#10231=VECTOR('',#10232,1.0);
#10232=DIRECTION('',(-1.0,0.0,0.0));
#10233=ORIENTED_EDGE('',*,*,#10234,.T.);
#10234=EDGE_CURVE('NONE',#10227,#10142,#10235,.F.);
#10235=LINE('',#10236,#10237);
#10236=CARTESIAN_POINT('',(-7.39,-3.696532275,1.549571274));
#10237=VECTOR('',#10238,1.0);
#10238=DIRECTION('',(0.0,1.0,0.0));
#10239=ORIENTED_EDGE('',*,*,#10141,.F.);
#10240=ORIENTED_EDGE('',*,*,#8937,.F.);
#10241=ORIENTED_EDGE('',*,*,#10242,.T.);
#10242=EDGE_CURVE('NONE',#8938,#10204,#10243,.F.);
#10243=LINE('',#10244,#10245);
#10244=CARTESIAN_POINT('',(-5.31,-3.696532275,1.549571274));
#10245=VECTOR('',#10246,1.0);
#10246=DIRECTION('',(-1.0,0.0,0.0));
#10247=ORIENTED_EDGE('',*,*,#10203,.F.);
#10248=PLANE('',#10249);
#10249=AXIS2_PLACEMENT_3D('',#10250,#10251,#10252);
#10250=CARTESIAN_POINT('',(-5.31,-3.696532275,1.549571274));
#10251=DIRECTION('',(0.0,0.0,-1.0));
#10252=DIRECTION('',(-1.0,0.0,0.0));
#10253=ADVANCED_FACE('NONE',(#10254),#10265,.F.);
#10254=FACE_BOUND('NONE',#10255,.T.);
#10255=EDGE_LOOP('',(#10256,#10262,#10263,#10264));
#10256=ORIENTED_EDGE('',*,*,#10257,.T.);
#10257=EDGE_CURVE('NONE',#10227,#10110,#10258,.T.);
#10258=LINE('',#10259,#10260);
#10259=CARTESIAN_POINT('',(-7.39,-3.25,1.549571274));
#10260=VECTOR('',#10261,1.0);
#10261=DIRECTION('',(-1.335283398E-15,0.0,-1.0));
#10262=ORIENTED_EDGE('',*,*,#10126,.F.);
#10263=ORIENTED_EDGE('',*,*,#10149,.F.);
#10264=ORIENTED_EDGE('',*,*,#10234,.F.);
#10265=PLANE('',#10266);
#10266=AXIS2_PLACEMENT_3D('',#10267,#10268,#10269);
#10267=CARTESIAN_POINT('',(-7.39,-3.696532275,1.549571274));
#10268=DIRECTION('',(1.0,0.0,-1.335283398E-15));
#10269=DIRECTION('',(-1.335283398E-15,0.0,-1.0));
#10270=ADVANCED_FACE('NONE',(#10271),#10277,.T.);
#10271=FACE_BOUND('NONE',#10272,.T.);
#10272=EDGE_LOOP('',(#10273,#10274,#10275,#10276));
#10273=ORIENTED_EDGE('',*,*,#10242,.F.);
#10274=ORIENTED_EDGE('',*,*,#9195,.F.);
#10275=ORIENTED_EDGE('',*,*,#10181,.F.);
#10276=ORIENTED_EDGE('',*,*,#10211,.F.);
#10277=PLANE('',#10278);
#10278=AXIS2_PLACEMENT_3D('',#10279,#10280,#10281);
#10279=CARTESIAN_POINT('',(0.0,-3.696532275,0.0));
#10280=DIRECTION('',(0.0,-1.0,0.0));
#10281=DIRECTION('',(0.0,0.0,-1.0));
#10282=ADVANCED_FACE('NONE',(#10283),#10293,.F.);
#10283=FACE_BOUND('NONE',#10284,.T.);
#10284=EDGE_LOOP('',(#10285,#10286,#10287,#10288,#10289,#10290,#10291,#10292));
#10285=ORIENTED_EDGE('',*,*,#9292,.F.);
#10286=ORIENTED_EDGE('',*,*,#8897,.F.);
#10287=ORIENTED_EDGE('',*,*,#9322,.F.);
#10288=ORIENTED_EDGE('',*,*,#10109,.F.);
#10289=ORIENTED_EDGE('',*,*,#10257,.F.);
#10290=ORIENTED_EDGE('',*,*,#10226,.F.);
#10291=ORIENTED_EDGE('',*,*,#10195,.F.);
#10292=ORIENTED_EDGE('',*,*,#10165,.F.);
#10293=PLANE('',#10294);
#10294=AXIS2_PLACEMENT_3D('',#10295,#10296,#10297);
#10295=CARTESIAN_POINT('',(0.0,-3.25,0.0));
#10296=DIRECTION('',(0.0,-1.0,0.0));
#10297=DIRECTION('',(0.0,0.0,-1.0));
#10298=ADVANCED_FACE('NONE',(#10299),#10324,.T.);
#10299=FACE_BOUND('NONE',#10300,.T.);
#10300=EDGE_LOOP('',(#10301,#10309,#10310,#10318));
#10301=ORIENTED_EDGE('',*,*,#10302,.T.);
#10302=EDGE_CURVE('NONE',#10303,#8988,#10305,.F.);
#10303=VERTEX_POINT('NONE',#10304);
#10304=CARTESIAN_POINT('',(-7.03,-1.07,5.35));
#10305=LINE('',#10306,#10307);
#10306=CARTESIAN_POINT('',(-7.03,-1.07,2.441274629));
#10307=VECTOR('',#10308,1.0);
#10308=DIRECTION('',(0.0,0.0,1.0));
#10309=ORIENTED_EDGE('',*,*,#8987,.F.);
#10310=ORIENTED_EDGE('',*,*,#10311,.T.);
#10311=EDGE_CURVE('NONE',#8980,#10312,#10314,.T.);
#10312=VERTEX_POINT('NONE',#10313);
#10313=CARTESIAN_POINT('',(-7.03,-2.81,5.35));
#10314=LINE('',#10315,#10316);
#10315=CARTESIAN_POINT('',(-7.03,-2.81,2.441274629));
#10316=VECTOR('',#10317,1.0);
#10317=DIRECTION('',(0.0,0.0,1.0));
#10318=ORIENTED_EDGE('',*,*,#10319,.T.);
#10319=EDGE_CURVE('NONE',#10312,#10303,#10320,.F.);
#10320=LINE('',#10321,#10322);
#10321=CARTESIAN_POINT('',(-7.03,-1.07,5.35));
#10322=VECTOR('',#10323,1.0);
#10323=DIRECTION('',(0.0,-1.0,0.0));
#10324=PLANE('',#10325);
#10325=AXIS2_PLACEMENT_3D('',#10326,#10327,#10328);
#10326=CARTESIAN_POINT('',(-7.03,-1.07,2.441274629));
#10327=DIRECTION('',(-1.0,0.0,0.0));
#10328=DIRECTION('',(0.0,0.0,1.0));
#10329=ADVANCED_FACE('NONE',(#10330),#10348,.T.);
#10330=FACE_BOUND('NONE',#10331,.T.);
#10331=EDGE_LOOP('',(#10332,#10340,#10341,#10342));
#10332=ORIENTED_EDGE('',*,*,#10333,.T.);
#10333=EDGE_CURVE('NONE',#10334,#8996,#10336,.F.);
#10334=VERTEX_POINT('NONE',#10335);
#10335=CARTESIAN_POINT('',(-5.67,-1.07,5.35));
#10336=LINE('',#10337,#10338);
#10337=CARTESIAN_POINT('',(-5.67,-1.07,2.441274629));
#10338=VECTOR('',#10339,1.0);
#10339=DIRECTION('',(0.0,0.0,1.0));
#10340=ORIENTED_EDGE('',*,*,#8995,.F.);
#10341=ORIENTED_EDGE('',*,*,#10302,.F.);
#10342=ORIENTED_EDGE('',*,*,#10343,.T.);
#10343=EDGE_CURVE('NONE',#10303,#10334,#10344,.F.);
#10344=LINE('',#10345,#10346);
#10345=CARTESIAN_POINT('',(-7.03,-1.07,5.35));
#10346=VECTOR('',#10347,1.0);
#10347=DIRECTION('',(-1.0,0.0,0.0));
#10348=PLANE('',#10349);
#10349=AXIS2_PLACEMENT_3D('',#10350,#10351,#10352);
#10350=CARTESIAN_POINT('',(-7.03,-1.07,2.441274629));
#10351=DIRECTION('',(0.0,1.0,0.0));
#10352=DIRECTION('',(0.0,0.0,1.0));
#10353=ADVANCED_FACE('NONE',(#10354),#10372,.T.);
#10354=FACE_BOUND('NONE',#10355,.T.);
#10355=EDGE_LOOP('',(#10356,#10364,#10365,#10366));
#10356=ORIENTED_EDGE('',*,*,#10357,.T.);
#10357=EDGE_CURVE('NONE',#10358,#8978,#10360,.F.);
#10358=VERTEX_POINT('NONE',#10359);
#10359=CARTESIAN_POINT('',(-5.67,-2.81,5.35));
#10360=LINE('',#10361,#10362);
#10361=CARTESIAN_POINT('',(-5.67,-2.81,2.441274629));
#10362=VECTOR('',#10363,1.0);
#10363=DIRECTION('',(0.0,0.0,1.0));
#10364=ORIENTED_EDGE('',*,*,#9003,.F.);
#10365=ORIENTED_EDGE('',*,*,#10333,.F.);
#10366=ORIENTED_EDGE('',*,*,#10367,.T.);
#10367=EDGE_CURVE('NONE',#10334,#10358,#10368,.F.);
#10368=LINE('',#10369,#10370);
#10369=CARTESIAN_POINT('',(-5.67,-1.07,5.35));
#10370=VECTOR('',#10371,1.0);
#10371=DIRECTION('',(0.0,1.0,0.0));
#10372=PLANE('',#10373);
#10373=AXIS2_PLACEMENT_3D('',#10374,#10375,#10376);
#10374=CARTESIAN_POINT('',(-5.67,-1.07,2.441274629));
#10375=DIRECTION('',(1.0,0.0,0.0));
#10376=DIRECTION('',(0.0,0.0,-1.0));
#10377=ADVANCED_FACE('NONE',(#10378),#10389,.T.);
#10378=FACE_BOUND('NONE',#10379,.T.);
#10379=EDGE_LOOP('',(#10380,#10381,#10382,#10383));
#10380=ORIENTED_EDGE('',*,*,#10311,.F.);
#10381=ORIENTED_EDGE('',*,*,#8977,.F.);
#10382=ORIENTED_EDGE('',*,*,#10357,.F.);
#10383=ORIENTED_EDGE('',*,*,#10384,.T.);
#10384=EDGE_CURVE('NONE',#10358,#10312,#10385,.F.);
#10385=LINE('',#10386,#10387);
#10386=CARTESIAN_POINT('',(-7.03,-2.81,5.35));
#10387=VECTOR('',#10388,1.0);
#10388=DIRECTION('',(1.0,0.0,0.0));
#10389=PLANE('',#10390);
#10390=AXIS2_PLACEMENT_3D('',#10391,#10392,#10393);
#10391=CARTESIAN_POINT('',(-7.03,-2.81,2.441274629));
#10392=DIRECTION('',(0.0,-1.0,0.0));
#10393=DIRECTION('',(0.0,0.0,-1.0));
#10394=ADVANCED_FACE('NONE',(#10395),#10429,.F.);
#10395=FACE_BOUND('NONE',#10396,.T.);
#10396=EDGE_LOOP('',(#10397,#10407,#10415,#10423));
#10397=ORIENTED_EDGE('',*,*,#10398,.T.);
#10398=EDGE_CURVE('NONE',#10399,#10401,#10403,.F.);
#10399=VERTEX_POINT('NONE',#10400);
#10400=CARTESIAN_POINT('',(-6.95,-2.73,4.649712991));
#10401=VERTEX_POINT('NONE',#10402);
#10402=CARTESIAN_POINT('',(-6.95,-1.15,4.649712991));
#10403=LINE('',#10404,#10405);
#10404=CARTESIAN_POINT('',(-6.95,-1.15,4.649712991));
#10405=VECTOR('',#10406,1.0);
#10406=DIRECTION('',(0.0,-1.0,0.0));
#10407=ORIENTED_EDGE('',*,*,#10408,.T.);
#10408=EDGE_CURVE('NONE',#10401,#10409,#10411,.T.);
#10409=VERTEX_POINT('NONE',#10410);
#10410=CARTESIAN_POINT('',(-6.95,-1.15,5.35));
#10411=LINE('',#10412,#10413);
#10412=CARTESIAN_POINT('',(-6.95,-1.15,2.441274629));
#10413=VECTOR('',#10414,1.0);
#10414=DIRECTION('',(0.0,0.0,1.0));
#10415=ORIENTED_EDGE('',*,*,#10416,.T.);
#10416=EDGE_CURVE('NONE',#10409,#10417,#10419,.T.);
#10417=VERTEX_POINT('NONE',#10418);
#10418=CARTESIAN_POINT('',(-6.95,-2.73,5.35));
#10419=LINE('',#10420,#10421);
#10420=CARTESIAN_POINT('',(-6.95,-1.15,5.35));
#10421=VECTOR('',#10422,1.0);
#10422=DIRECTION('',(0.0,-1.0,0.0));
#10423=ORIENTED_EDGE('',*,*,#10424,.T.);
#10424=EDGE_CURVE('NONE',#10417,#10399,#10425,.F.);
#10425=LINE('',#10426,#10427);
#10426=CARTESIAN_POINT('',(-6.95,-2.73,2.441274629));
#10427=VECTOR('',#10428,1.0);
#10428=DIRECTION('',(0.0,0.0,1.0));
#10429=PLANE('',#10430);
#10430=AXIS2_PLACEMENT_3D('',#10431,#10432,#10433);
#10431=CARTESIAN_POINT('',(-6.95,-1.15,2.441274629));
#10432=DIRECTION('',(-1.0,0.0,0.0));
#10433=DIRECTION('',(0.0,0.0,1.0));
#10434=ADVANCED_FACE('NONE',(#10435),#10460,.F.);
#10435=FACE_BOUND('NONE',#10436,.T.);
#10436=EDGE_LOOP('',(#10437,#10445,#10453,#10459));
#10437=ORIENTED_EDGE('',*,*,#10438,.T.);
#10438=EDGE_CURVE('NONE',#10401,#10439,#10441,.F.);
#10439=VERTEX_POINT('NONE',#10440);
#10440=CARTESIAN_POINT('',(-5.75,-1.15,4.649712991));
#10441=LINE('',#10442,#10443);
#10442=CARTESIAN_POINT('',(-6.95,-1.15,4.649712991));
#10443=VECTOR('',#10444,1.0);
#10444=DIRECTION('',(-1.0,0.0,6.652489415E-16));
#10445=ORIENTED_EDGE('',*,*,#10446,.T.);
#10446=EDGE_CURVE('NONE',#10439,#10447,#10449,.T.);
#10447=VERTEX_POINT('NONE',#10448);
#10448=CARTESIAN_POINT('',(-5.75,-1.15,5.35));
#10449=LINE('',#10450,#10451);
#10450=CARTESIAN_POINT('',(-5.75,-1.15,2.441274629));
#10451=VECTOR('',#10452,1.0);
#10452=DIRECTION('',(0.0,0.0,1.0));
#10453=ORIENTED_EDGE('',*,*,#10454,.T.);
#10454=EDGE_CURVE('NONE',#10447,#10409,#10455,.T.);
#10455=LINE('',#10456,#10457);
#10456=CARTESIAN_POINT('',(-6.95,-1.15,5.35));
#10457=VECTOR('',#10458,1.0);
#10458=DIRECTION('',(-1.0,0.0,0.0));
#10459=ORIENTED_EDGE('',*,*,#10408,.F.);
#10460=PLANE('',#10461);
#10461=AXIS2_PLACEMENT_3D('',#10462,#10463,#10464);
#10462=CARTESIAN_POINT('',(-6.95,-1.15,2.441274629));
#10463=DIRECTION('',(0.0,1.0,0.0));
#10464=DIRECTION('',(0.0,0.0,1.0));
#10465=ADVANCED_FACE('NONE',(#10466),#10491,.F.);
#10466=FACE_BOUND('NONE',#10467,.T.);
#10467=EDGE_LOOP('',(#10468,#10476,#10484,#10490));
#10468=ORIENTED_EDGE('',*,*,#10469,.T.);
#10469=EDGE_CURVE('NONE',#10439,#10470,#10472,.F.);
#10470=VERTEX_POINT('NONE',#10471);
#10471=CARTESIAN_POINT('',(-5.75,-2.73,4.649712991));
#10472=LINE('',#10473,#10474);
#10473=CARTESIAN_POINT('',(-5.75,-1.15,4.649712991));
#10474=VECTOR('',#10475,1.0);
#10475=DIRECTION('',(0.0,1.0,0.0));
#10476=ORIENTED_EDGE('',*,*,#10477,.T.);
#10477=EDGE_CURVE('NONE',#10470,#10478,#10480,.T.);
#10478=VERTEX_POINT('NONE',#10479);
#10479=CARTESIAN_POINT('',(-5.75,-2.73,5.35));
#10480=LINE('',#10481,#10482);
#10481=CARTESIAN_POINT('',(-5.75,-2.73,2.441274629));
#10482=VECTOR('',#10483,1.0);
#10483=DIRECTION('',(0.0,0.0,1.0));
#10484=ORIENTED_EDGE('',*,*,#10485,.T.);
#10485=EDGE_CURVE('NONE',#10478,#10447,#10486,.T.);
#10486=LINE('',#10487,#10488);
#10487=CARTESIAN_POINT('',(-5.75,-1.15,5.35));
#10488=VECTOR('',#10489,1.0);
#10489=DIRECTION('',(0.0,1.0,0.0));
#10490=ORIENTED_EDGE('',*,*,#10446,.F.);
#10491=PLANE('',#10492);
#10492=AXIS2_PLACEMENT_3D('',#10493,#10494,#10495);
#10493=CARTESIAN_POINT('',(-5.75,-1.15,2.441274629));
#10494=DIRECTION('',(1.0,0.0,0.0));
#10495=DIRECTION('',(0.0,0.0,-1.0));
#10496=ADVANCED_FACE('NONE',(#10497),#10513,.F.);
#10497=FACE_BOUND('NONE',#10498,.T.);
#10498=EDGE_LOOP('',(#10499,#10505,#10506,#10512));
#10499=ORIENTED_EDGE('',*,*,#10500,.T.);
#10500=EDGE_CURVE('NONE',#10470,#10399,#10501,.F.);
#10501=LINE('',#10502,#10503);
#10502=CARTESIAN_POINT('',(-6.95,-2.73,4.649712991));
#10503=VECTOR('',#10504,1.0);
#10504=DIRECTION('',(1.0,0.0,-6.652489415E-16));
#10505=ORIENTED_EDGE('',*,*,#10424,.F.);
#10506=ORIENTED_EDGE('',*,*,#10507,.T.);
#10507=EDGE_CURVE('NONE',#10417,#10478,#10508,.T.);
#10508=LINE('',#10509,#10510);
#10509=CARTESIAN_POINT('',(-6.95,-2.73,5.35));
#10510=VECTOR('',#10511,1.0);
#10511=DIRECTION('',(1.0,0.0,0.0));
#10512=ORIENTED_EDGE('',*,*,#10477,.F.);
#10513=PLANE('',#10514);
#10514=AXIS2_PLACEMENT_3D('',#10515,#10516,#10517);
#10515=CARTESIAN_POINT('',(-6.95,-2.73,2.441274629));
#10516=DIRECTION('',(0.0,-1.0,0.0));
#10517=DIRECTION('',(0.0,0.0,-1.0));
#10518=ADVANCED_FACE('NONE',(#10519,#10525),#10531,.T.);
#10519=FACE_BOUND('NONE',#10520,.T.);
#10520=EDGE_LOOP('',(#10521,#10522,#10523,#10524));
#10521=ORIENTED_EDGE('',*,*,#10416,.F.);
#10522=ORIENTED_EDGE('',*,*,#10454,.F.);
#10523=ORIENTED_EDGE('',*,*,#10485,.F.);
#10524=ORIENTED_EDGE('',*,*,#10507,.F.);
#10525=FACE_BOUND('NONE',#10526,.T.);
#10526=EDGE_LOOP('',(#10527,#10528,#10529,#10530));
#10527=ORIENTED_EDGE('',*,*,#10319,.F.);
#10528=ORIENTED_EDGE('',*,*,#10384,.F.);
#10529=ORIENTED_EDGE('',*,*,#10367,.F.);
#10530=ORIENTED_EDGE('',*,*,#10343,.F.);
#10531=PLANE('',#10532);
#10532=AXIS2_PLACEMENT_3D('',#10533,#10534,#10535);
#10533=CARTESIAN_POINT('',(0.0,0.0,5.35));
#10534=DIRECTION('',(0.0,0.0,1.0));
#10535=DIRECTION('',(1.0,0.0,0.0));
#10536=ADVANCED_FACE('NONE',(#10537),#10543,.F.);
#10537=FACE_BOUND('NONE',#10538,.T.);
#10538=EDGE_LOOP('',(#10539,#10540,#10541,#10542));
#10539=ORIENTED_EDGE('',*,*,#10398,.F.);
#10540=ORIENTED_EDGE('',*,*,#10500,.F.);
#10541=ORIENTED_EDGE('',*,*,#10469,.F.);
#10542=ORIENTED_EDGE('',*,*,#10438,.F.);
#10543=PLANE('',#10544);
#10544=AXIS2_PLACEMENT_3D('',#10545,#10546,#10547);
#10545=CARTESIAN_POINT('',(-5.31,-3.58,4.649712991));
#10546=DIRECTION('',(-6.652489415E-16,0.0,-1.0));
#10547=DIRECTION('',(-1.0,0.0,6.652489415E-16));
#10548=MANIFOLD_SOLID_BREP('LPattern6[1]',#10549);
#10549=CLOSED_SHELL('NONE',(#10550,#10643,#10699,#10742,#10782,#10822,#10896,#10952,#10983,#11030,#11151,#11272,#11287,#11352,#11392,#11430,#11456,#11482,#11513,#11537,#11561,#11578,#11600,#11621,#11647,#11672,#11715,#11732,#11749,#11763,#11780,#11792,#11804,#11821,#11838,#11855,#11872,#11889,#11901,#11913,#11925,#11942,#11954,#11985,#12009,#12040,#12071,#12102,#12119,#12131,#12147,#12178,#12202,#12226,#12243,#12283,#12314,#12345,#12367,#12385));
#10550=ADVANCED_FACE('NONE',(#10551),#10638,.T.);
#10551=FACE_BOUND('NONE',#10552,.T.);
#10552=EDGE_LOOP('',(#10553,#10568,#10576,#10585,#10593,#10602,#10610,#10619,#10627));
#10553=ORIENTED_EDGE('',*,*,#10554,.T.);
#10554=EDGE_CURVE('NONE',#10555,#10557,#10559,.T.);
#10555=VERTEX_POINT('NONE',#10556);
#10556=CARTESIAN_POINT('',(-3.81,2.6,4.097150035));
#10557=VERTEX_POINT('NONE',#10558);
#10558=CARTESIAN_POINT('',(-2.81,2.599571453,3.097150035));
#10559=B_SPLINE_CURVE_WITH_KNOTS('',3,(#10560,#10561,#10562,#10563,#10564,#10565,#10566,#10567),.UNSPECIFIED.,.F.,.U.,(4,2,2,4),(0.002180736,0.002571506,0.002962276,0.003743817),.UNSPECIFIED.);
#10560=CARTESIAN_POINT('',(-3.81,2.6,4.097150035));
#10561=CARTESIAN_POINT('',(-3.679743086,2.6,4.097150035));
#10562=CARTESIAN_POINT('',(-3.54812699,2.599988805,4.07102761));
#10563=CARTESIAN_POINT('',(-3.30707184,2.599946053,3.971265743));
#10564=CARTESIAN_POINT('',(-3.195902883,2.599914305,3.89718291));
#10565=CARTESIAN_POINT('',(-2.917829191,2.599795244,3.6193595));
#10566=CARTESIAN_POINT('',(-2.81,2.599683875,3.359482323));
#10567=CARTESIAN_POINT('',(-2.81,2.599571453,3.097150035));
#10568=ORIENTED_EDGE('',*,*,#10569,.T.);
#10569=EDGE_CURVE('NONE',#10557,#10570,#10572,.T.);
#10570=VERTEX_POINT('NONE',#10571);
#10571=CARTESIAN_POINT('',(-2.81,3.15,3.097150035));
#10572=LINE('',#10573,#10574);
#10573=CARTESIAN_POINT('',(-2.81,-4.251,3.097150035));
#10574=VECTOR('',#10575,1.0);
#10575=DIRECTION('',(-1.104919411E-16,1.0,0.0));
#10576=ORIENTED_EDGE('',*,*,#10577,.T.);
#10577=EDGE_CURVE('NONE',#10570,#10578,#10580,.F.);
#10578=VERTEX_POINT('NONE',#10579);
#10579=CARTESIAN_POINT('',(-2.835641237,3.15,3.322150035));
#10580=CIRCLE('',#10581,1.0);
#10581=AXIS2_PLACEMENT_3D('',#10582,#10583,#10584);
#10582=CARTESIAN_POINT('',(-3.81,3.15,3.097150035));
#10583=DIRECTION('',(-2.168404345E-16,1.0,0.0));
#10584=DIRECTION('',(1.0,2.168404345E-16,-5.204170428E-15));
#10585=ORIENTED_EDGE('',*,*,#10586,.T.);
#10586=EDGE_CURVE('NONE',#10578,#10587,#10589,.F.);
#10587=VERTEX_POINT('NONE',#10588);
#10588=CARTESIAN_POINT('',(-2.835641237,3.45,3.322150035));
#10589=LINE('',#10590,#10591);
#10590=CARTESIAN_POINT('',(-2.835641237,-4.251,3.322150035));
#10591=VECTOR('',#10592,1.0);
#10592=DIRECTION('',(1.104919411E-16,-1.0,0.0));
#10593=ORIENTED_EDGE('',*,*,#10594,.T.);
#10594=EDGE_CURVE('NONE',#10587,#10595,#10597,.F.);
#10595=VERTEX_POINT('NONE',#10596);
#10596=CARTESIAN_POINT('',(-4.784358763,3.45,3.322150035));
#10597=CIRCLE('',#10598,1.0);
#10598=AXIS2_PLACEMENT_3D('',#10599,#10600,#10601);
#10599=CARTESIAN_POINT('',(-3.81,3.45,3.097150035));
#10600=DIRECTION('',(-1.104919411E-16,1.0,0.0));
#10601=DIRECTION('',(-1.0,-1.104919411E-16,0.0));
#10602=ORIENTED_EDGE('',*,*,#10603,.T.);
#10603=EDGE_CURVE('NONE',#10595,#10604,#10606,.F.);
#10604=VERTEX_POINT('NONE',#10605);
#10605=CARTESIAN_POINT('',(-4.784358763,3.15,3.322150035));
#10606=LINE('',#10607,#10608);
#10607=CARTESIAN_POINT('',(-4.784358763,-4.251,3.322150035));
#10608=VECTOR('',#10609,1.0);
#10609=DIRECTION('',(-1.104919411E-16,1.0,0.0));
#10610=ORIENTED_EDGE('',*,*,#10611,.T.);
#10611=EDGE_CURVE('NONE',#10604,#10612,#10614,.F.);
#10612=VERTEX_POINT('NONE',#10613);
#10613=CARTESIAN_POINT('',(-4.81,3.15,3.097150035));
#10614=CIRCLE('',#10615,1.0);
#10615=AXIS2_PLACEMENT_3D('',#10616,#10617,#10618);
#10616=CARTESIAN_POINT('',(-3.81,3.15,3.097150035));
#10617=DIRECTION('',(-2.168404345E-16,1.0,0.0));
#10618=DIRECTION('',(1.0,2.168404345E-16,-6.071532166E-15));
#10619=ORIENTED_EDGE('',*,*,#10620,.T.);
#10620=EDGE_CURVE('NONE',#10612,#10621,#10623,.F.);
#10621=VERTEX_POINT('NONE',#10622);
#10622=CARTESIAN_POINT('',(-4.81,2.599571453,3.097150035));
#10623=LINE('',#10624,#10625);
#10624=CARTESIAN_POINT('',(-4.81,-4.251,3.097150035));
#10625=VECTOR('',#10626,1.0);
#10626=DIRECTION('',(-1.104919411E-16,1.0,0.0));
#10627=ORIENTED_EDGE('',*,*,#10628,.T.);
#10628=EDGE_CURVE('NONE',#10621,#10555,#10629,.T.);
#10629=B_SPLINE_CURVE_WITH_KNOTS('',3,(#10630,#10631,#10632,#10633,#10634,#10635,#10636,#10637),.UNSPECIFIED.,.F.,.U.,(4,2,2,4),(6.176795043E-04,0.001399208,0.001789972,0.002180736),.UNSPECIFIED.);
#10630=CARTESIAN_POINT('',(-4.81,2.599571453,3.097150035));
#10631=CARTESIAN_POINT('',(-4.81,2.599683827,3.35936959));
#10632=CARTESIAN_POINT('',(-4.702246188,2.599795211,3.619280603));
#10633=CARTESIAN_POINT('',(-4.424069695,2.599914317,3.8972121));
#10634=CARTESIAN_POINT('',(-4.312949398,2.599946049,3.971257038));
#10635=CARTESIAN_POINT('',(-4.071850667,2.599988809,4.071036772));
#10636=CARTESIAN_POINT('',(-3.940254922,2.6,4.097150035));
#10637=CARTESIAN_POINT('',(-3.81,2.6,4.097150035));
#10638=CYLINDRICAL_SURFACE('',#10639,1.0);
#10639=AXIS2_PLACEMENT_3D('',#10640,#10641,#10642);
#10640=CARTESIAN_POINT('',(-3.81,-4.251,3.097150035));
#10641=DIRECTION('',(-1.104919411E-16,1.0,0.0));
#10642=DIRECTION('',(-1.0,-1.104919411E-16,0.0));
#10643=ADVANCED_FACE('NONE',(#10644),#10694,.F.);
#10644=FACE_BOUND('NONE',#10645,.T.);
#10645=EDGE_LOOP('',(#10646,#10659,#10665,#10666,#10677,#10685));
#10646=ORIENTED_EDGE('',*,*,#10647,.T.);
#10647=EDGE_CURVE('NONE',#10648,#10650,#10652,.F.);
#10648=VERTEX_POINT('NONE',#10649);
#10649=CARTESIAN_POINT('',(-4.345,2.599770745,3.097150035));
#10650=VERTEX_POINT('NONE',#10651);
#10651=CARTESIAN_POINT('',(-3.81,2.6,3.632150035));
#10652=B_SPLINE_CURVE_WITH_KNOTS('',3,(#10653,#10654,#10655,#10656,#10657,#10658),.UNSPECIFIED.,.F.,.U.,(4,2,4),(0.002178774,0.002597126,0.003015478),.UNSPECIFIED.);
#10653=CARTESIAN_POINT('',(-3.81,2.6,3.632150035));
#10654=CARTESIAN_POINT('',(-3.950547022,2.6,3.632150035));
#10655=CARTESIAN_POINT('',(-4.089727505,2.599975101,3.574044078));
#10656=CARTESIAN_POINT('',(-4.286943095,2.599890576,3.376793898));
#10657=CARTESIAN_POINT('',(-4.345,2.59983078,3.237250094));
#10658=CARTESIAN_POINT('',(-4.345,2.599770745,3.097150035));
#10659=ORIENTED_EDGE('',*,*,#10660,.T.);
#10660=EDGE_CURVE('NONE',#10650,#10555,#10661,.T.);
#10661=LINE('',#10662,#10663);
#10662=CARTESIAN_POINT('',(-3.81,2.6,4.121357041));
#10663=VECTOR('',#10664,1.0);
#10664=DIRECTION('',(1.224646687E-16,6.331740687E-17,1.0));
#10665=ORIENTED_EDGE('',*,*,#10628,.F.);
#10666=ORIENTED_EDGE('',*,*,#10667,.T.);
#10667=EDGE_CURVE('NONE',#10621,#10668,#10670,.F.);
#10668=VERTEX_POINT('NONE',#10669);
#10669=CARTESIAN_POINT('',(-3.81,2.599142907,2.097150035));
#10670=B_SPLINE_CURVE_WITH_KNOTS('',3,(#10671,#10672,#10673,#10674,#10675,#10676),.UNSPECIFIED.,.F.,.U.,(4,2,4),(0.005307765,0.006088827,0.006869889),.UNSPECIFIED.);
#10671=CARTESIAN_POINT('',(-3.81,2.599142907,2.097150035));
#10672=CARTESIAN_POINT('',(-4.071754494,2.599142907,2.097150035));
#10673=CARTESIAN_POINT('',(-4.331083415,2.599188701,2.204009994));
#10674=CARTESIAN_POINT('',(-4.70316775,2.599348165,2.576114117));
#10675=CARTESIAN_POINT('',(-4.81,2.599459147,2.835086993));
#10676=CARTESIAN_POINT('',(-4.81,2.599571453,3.097150035));
#10677=ORIENTED_EDGE('',*,*,#10678,.T.);
#10678=EDGE_CURVE('NONE',#10668,#10679,#10681,.F.);
#10679=VERTEX_POINT('NONE',#10680);
#10680=CARTESIAN_POINT('',(-3.81,2.599541489,2.562150035));
#10681=LINE('',#10682,#10683);
#10682=CARTESIAN_POINT('',(-3.81,2.59912201,2.072771743));
#10683=VECTOR('',#10684,1.0);
#10684=DIRECTION('',(0.0,-8.571666501E-04,-0.999999633));
#10685=ORIENTED_EDGE('',*,*,#10686,.T.);
#10686=EDGE_CURVE('NONE',#10679,#10648,#10687,.F.);
#10687=B_SPLINE_CURVE_WITH_KNOTS('',3,(#10688,#10689,#10690,#10691,#10692,#10693),.UNSPECIFIED.,.F.,.U.,(4,2,4),(0.003015478,0.003433348,0.003851218),.UNSPECIFIED.);
#10688=CARTESIAN_POINT('',(-4.345,2.599770745,3.097150035));
#10689=CARTESIAN_POINT('',(-4.345,2.599710779,2.957211212));
#10690=CARTESIAN_POINT('',(-4.28653435,2.599650652,2.816896807));
#10691=CARTESIAN_POINT('',(-4.089364195,2.599566319,2.620093954));
#10692=CARTESIAN_POINT('',(-3.950092862,2.599541489,2.562150035));
#10693=CARTESIAN_POINT('',(-3.81,2.599541489,2.562150035));
#10694=CONICAL_SURFACE('',#10695,1.024292743,1.570367743);
#10695=AXIS2_PLACEMENT_3D('',#10696,#10697,#10698);
#10696=CARTESIAN_POINT('',(-3.81,2.599561005,3.097064392));
#10697=DIRECTION('',(0.0,-0.999999908,4.285833644E-04));
#10698=DIRECTION('',(0.0,-4.285833644E-04,-0.999999908));
#10699=ADVANCED_FACE('NONE',(#10700),#10737,.T.);
#10700=FACE_BOUND('NONE',#10701,.T.);
#10701=EDGE_LOOP('',(#10702,#10713,#10714,#10722,#10731));
#10702=ORIENTED_EDGE('',*,*,#10703,.T.);
#10703=EDGE_CURVE('NONE',#10704,#10650,#10706,.T.);
#10704=VERTEX_POINT('NONE',#10705);
#10705=CARTESIAN_POINT('',(-3.275,2.599770745,3.097150035));
#10706=B_SPLINE_CURVE_WITH_KNOTS('',3,(#10707,#10708,#10709,#10710,#10711,#10712),.UNSPECIFIED.,.F.,.U.,(4,2,4),(0.001342498,0.001760636,0.002178774),.UNSPECIFIED.);
#10707=CARTESIAN_POINT('',(-3.275,2.599770745,3.097150035));
#10708=CARTESIAN_POINT('',(-3.275,2.599830473,3.236534968));
#10709=CARTESIAN_POINT('',(-3.332505084,2.599890308,3.376167507));
#10710=CARTESIAN_POINT('',(-3.530540229,2.599975247,3.574386225));
#10711=CARTESIAN_POINT('',(-3.669524735,2.6,3.632150035));
#10712=CARTESIAN_POINT('',(-3.81,2.6,3.632150035));
#10713=ORIENTED_EDGE('',*,*,#10647,.F.);
#10714=ORIENTED_EDGE('',*,*,#10715,.T.);
#10715=EDGE_CURVE('NONE',#10648,#10716,#10718,.T.);
#10716=VERTEX_POINT('NONE',#10717);
#10717=CARTESIAN_POINT('',(-4.345,1.29,3.097150035));
#10718=LINE('',#10719,#10720);
#10719=CARTESIAN_POINT('',(-4.345,4.251,3.097150035));
#10720=VECTOR('',#10721,1.0);
#10721=DIRECTION('',(9.856383386E-17,-1.0,0.0));
#10722=ORIENTED_EDGE('',*,*,#10723,.T.);
#10723=EDGE_CURVE('NONE',#10716,#10724,#10726,.T.);
#10724=VERTEX_POINT('NONE',#10725);
#10725=CARTESIAN_POINT('',(-3.275,1.29,3.097150035));
#10726=CIRCLE('',#10727,0.535);
#10727=AXIS2_PLACEMENT_3D('',#10728,#10729,#10730);
#10728=CARTESIAN_POINT('',(-3.81,1.29,3.097150035));
#10729=DIRECTION('',(-9.856383386E-17,1.0,0.0));
#10730=DIRECTION('',(-1.0,-9.856383386E-17,0.0));
#10731=ORIENTED_EDGE('',*,*,#10732,.T.);
#10732=EDGE_CURVE('NONE',#10724,#10704,#10733,.F.);
#10733=LINE('',#10734,#10735);
#10734=CARTESIAN_POINT('',(-3.275,4.251,3.097150035));
#10735=VECTOR('',#10736,1.0);
#10736=DIRECTION('',(9.856383386E-17,-1.0,0.0));
#10737=CYLINDRICAL_SURFACE('',#10738,0.535);
#10738=AXIS2_PLACEMENT_3D('',#10739,#10740,#10741);
#10739=CARTESIAN_POINT('',(-3.81,4.251,3.097150035));
#10740=DIRECTION('',(9.856383386E-17,-1.0,0.0));
#10741=DIRECTION('',(1.0,9.856383386E-17,0.0));
#10742=ADVANCED_FACE('NONE',(#10743),#10777,.F.);
#10743=FACE_BOUND('NONE',#10744,.T.);
#10744=EDGE_LOOP('',(#10745,#10755,#10763,#10771));
#10745=ORIENTED_EDGE('',*,*,#10746,.T.);
#10746=EDGE_CURVE('NONE',#10747,#10749,#10751,.F.);
#10747=VERTEX_POINT('NONE',#10748);
#10748=CARTESIAN_POINT('',(-4.36,-3.25,0.999712991));
#10749=VERTEX_POINT('NONE',#10750);
#10750=CARTESIAN_POINT('',(-3.26,-3.25,0.999712991));
#10751=LINE('',#10752,#10753);
#10752=CARTESIAN_POINT('',(-3.26,-3.25,0.999712991));
#10753=VECTOR('',#10754,1.0);
#10754=DIRECTION('',(-1.0,0.0,6.652489415E-16));
#10755=ORIENTED_EDGE('',*,*,#10756,.T.);
#10756=EDGE_CURVE('NONE',#10749,#10757,#10759,.F.);
#10757=VERTEX_POINT('NONE',#10758);
#10758=CARTESIAN_POINT('',(-3.26,-1.036532275,0.999712991));
#10759=LINE('',#10760,#10761);
#10760=CARTESIAN_POINT('',(-3.26,-1.036532275,0.999712991));
#10761=VECTOR('',#10762,1.0);
#10762=DIRECTION('',(0.0,-1.0,0.0));
#10763=ORIENTED_EDGE('',*,*,#10764,.T.);
#10764=EDGE_CURVE('NONE',#10757,#10765,#10767,.T.);
#10765=VERTEX_POINT('NONE',#10766);
#10766=CARTESIAN_POINT('',(-4.36,-1.036532275,0.999712991));
#10767=LINE('',#10768,#10769);
#10768=CARTESIAN_POINT('',(-3.26,-1.036532275,0.999712991));
#10769=VECTOR('',#10770,1.0);
#10770=DIRECTION('',(-1.0,-1.104919411E-16,6.652489415E-16));
#10771=ORIENTED_EDGE('',*,*,#10772,.T.);
#10772=EDGE_CURVE('NONE',#10765,#10747,#10773,.T.);
#10773=LINE('',#10774,#10775);
#10774=CARTESIAN_POINT('',(-4.36,-1.036532275,0.999712991));
#10775=VECTOR('',#10776,1.0);
#10776=DIRECTION('',(0.0,-1.0,0.0));
#10777=PLANE('',#10778);
#10778=AXIS2_PLACEMENT_3D('',#10779,#10780,#10781);
#10779=CARTESIAN_POINT('',(-3.26,-1.036532275,0.999712991));
#10780=DIRECTION('',(-6.652489415E-16,0.0,-1.0));
#10781=DIRECTION('',(-1.0,0.0,6.652489415E-16));
#10782=ADVANCED_FACE('NONE',(#10783),#10817,.F.);
#10783=FACE_BOUND('NONE',#10784,.T.);
#10784=EDGE_LOOP('',(#10785,#10795,#10803,#10811));
#10785=ORIENTED_EDGE('',*,*,#10786,.T.);
#10786=EDGE_CURVE('NONE',#10787,#10789,#10791,.F.);
#10787=VERTEX_POINT('NONE',#10788);
#10788=CARTESIAN_POINT('',(-3.26,-3.696532275,1.549571274));
#10789=VERTEX_POINT('NONE',#10790);
#10790=CARTESIAN_POINT('',(-4.36,-3.696532275,1.549571274));
#10791=LINE('',#10792,#10793);
#10792=CARTESIAN_POINT('',(-3.26,-3.696532275,1.549571274));
#10793=VECTOR('',#10794,1.0);
#10794=DIRECTION('',(1.0,1.104919411E-16,0.0));
#10795=ORIENTED_EDGE('',*,*,#10796,.T.);
#10796=EDGE_CURVE('NONE',#10789,#10797,#10799,.T.);
#10797=VERTEX_POINT('NONE',#10798);
#10798=CARTESIAN_POINT('',(-4.36,-3.696532275,2.81));
#10799=LINE('',#10800,#10801);
#10800=CARTESIAN_POINT('',(-4.36,-3.696532275,1.039712991));
#10801=VECTOR('',#10802,1.0);
#10802=DIRECTION('',(9.799108662E-16,0.0,1.0));
#10803=ORIENTED_EDGE('',*,*,#10804,.T.);
#10804=EDGE_CURVE('NONE',#10797,#10805,#10807,.F.);
#10805=VERTEX_POINT('NONE',#10806);
#10806=CARTESIAN_POINT('',(-3.26,-3.696532275,2.81));
#10807=LINE('',#10808,#10809);
#10808=CARTESIAN_POINT('',(-3.26,-3.696532275,2.81));
#10809=VECTOR('',#10810,1.0);
#10810=DIRECTION('',(-1.0,-1.104919411E-16,6.652489415E-16));
#10811=ORIENTED_EDGE('',*,*,#10812,.T.);
#10812=EDGE_CURVE('NONE',#10805,#10787,#10813,.F.);
#10813=LINE('',#10814,#10815);
#10814=CARTESIAN_POINT('',(-3.26,-3.696532275,1.039712991));
#10815=VECTOR('',#10816,1.0);
#10816=DIRECTION('',(9.799108662E-16,0.0,1.0));
#10817=PLANE('',#10818);
#10818=AXIS2_PLACEMENT_3D('',#10819,#10820,#10821);
#10819=CARTESIAN_POINT('',(-3.26,-3.696532275,1.039712991));
#10820=DIRECTION('',(1.104919411E-16,-1.0,-1.082722538E-31));
#10821=DIRECTION('',(1.0,1.104919411E-16,0.0));
#10822=ADVANCED_FACE('NONE',(#10823,#10857),#10891,.F.);
#10823=FACE_BOUND('NONE',#10824,.T.);
#10824=EDGE_LOOP('',(#10825,#10835,#10843,#10851));
#10825=ORIENTED_EDGE('',*,*,#10826,.T.);
#10826=EDGE_CURVE('NONE',#10827,#10829,#10831,.F.);
#10827=VERTEX_POINT('NONE',#10828);
#10828=CARTESIAN_POINT('',(-3.13,-2.81,4.649712991));
#10829=VERTEX_POINT('NONE',#10830);
#10830=CARTESIAN_POINT('',(-4.49,-2.81,4.649712991));
#10831=LINE('',#10832,#10833);
#10832=CARTESIAN_POINT('',(-4.49,-2.81,4.649712991));
#10833=VECTOR('',#10834,1.0);
#10834=DIRECTION('',(1.0,0.0,-6.652489415E-16));
#10835=ORIENTED_EDGE('',*,*,#10836,.T.);
#10836=EDGE_CURVE('NONE',#10829,#10837,#10839,.F.);
#10837=VERTEX_POINT('NONE',#10838);
#10838=CARTESIAN_POINT('',(-4.49,-1.07,4.649712991));
#10839=LINE('',#10840,#10841);
#10840=CARTESIAN_POINT('',(-4.49,-1.07,4.649712991));
#10841=VECTOR('',#10842,1.0);
#10842=DIRECTION('',(0.0,-1.0,0.0));
#10843=ORIENTED_EDGE('',*,*,#10844,.T.);
#10844=EDGE_CURVE('NONE',#10837,#10845,#10847,.F.);
#10845=VERTEX_POINT('NONE',#10846);
#10846=CARTESIAN_POINT('',(-3.13,-1.07,4.649712991));
#10847=LINE('',#10848,#10849);
#10848=CARTESIAN_POINT('',(-4.49,-1.07,4.649712991));
#10849=VECTOR('',#10850,1.0);
#10850=DIRECTION('',(-1.0,0.0,6.652489415E-16));
#10851=ORIENTED_EDGE('',*,*,#10852,.T.);
#10852=EDGE_CURVE('NONE',#10845,#10827,#10853,.F.);
#10853=LINE('',#10854,#10855);
#10854=CARTESIAN_POINT('',(-3.13,-1.07,4.649712991));
#10855=VECTOR('',#10856,1.0);
#10856=DIRECTION('',(0.0,1.0,0.0));
#10857=FACE_BOUND('NONE',#10858,.T.);
#10858=EDGE_LOOP('',(#10859,#10869,#10877,#10885));
#10859=ORIENTED_EDGE('',*,*,#10860,.T.);
#10860=EDGE_CURVE('NONE',#10861,#10863,#10865,.F.);
#10861=VERTEX_POINT('NONE',#10862);
#10862=CARTESIAN_POINT('',(-4.85,-3.25,4.649712991));
#10863=VERTEX_POINT('NONE',#10864);
#10864=CARTESIAN_POINT('',(-2.77,-3.25,4.649712991));
#10865=LINE('',#10866,#10867);
#10866=CARTESIAN_POINT('',(-2.77,-3.25,4.649712991));
#10867=VECTOR('',#10868,1.0);
#10868=DIRECTION('',(-1.0,-2.085004178E-16,0.0));
#10869=ORIENTED_EDGE('',*,*,#10870,.T.);
#10870=EDGE_CURVE('NONE',#10863,#10871,#10873,.F.);
#10871=VERTEX_POINT('NONE',#10872);
#10872=CARTESIAN_POINT('',(-2.77,0.39,4.649712991));
#10873=LINE('',#10874,#10875);
#10874=CARTESIAN_POINT('',(-2.77,-3.58,4.649712991));
#10875=VECTOR('',#10876,1.0);
#10876=DIRECTION('',(0.0,-1.0,0.0));
#10877=ORIENTED_EDGE('',*,*,#10878,.T.);
#10878=EDGE_CURVE('NONE',#10871,#10879,#10881,.T.);
#10879=VERTEX_POINT('NONE',#10880);
#10880=CARTESIAN_POINT('',(-4.85,0.39,4.649712991));
#10881=LINE('',#10882,#10883);
#10882=CARTESIAN_POINT('',(-2.77,0.39,4.649712991));
#10883=VECTOR('',#10884,1.0);
#10884=DIRECTION('',(-1.0,-1.104919411E-16,6.652489415E-16));
#10885=ORIENTED_EDGE('',*,*,#10886,.T.);
#10886=EDGE_CURVE('NONE',#10879,#10861,#10887,.T.);
#10887=LINE('',#10888,#10889);
#10888=CARTESIAN_POINT('',(-4.85,-3.58,4.649712991));
#10889=VECTOR('',#10890,1.0);
#10890=DIRECTION('',(0.0,-1.0,0.0));
#10891=PLANE('',#10892);
#10892=AXIS2_PLACEMENT_3D('',#10893,#10894,#10895);
#10893=CARTESIAN_POINT('',(-2.77,-3.58,4.649712991));
#10894=DIRECTION('',(-6.652489415E-16,0.0,-1.0));
#10895=DIRECTION('',(-1.0,0.0,6.652489415E-16));
#10896=ADVANCED_FACE('NONE',(#10897),#10947,.F.);
#10897=FACE_BOUND('NONE',#10898,.T.);
#10898=EDGE_LOOP('',(#10899,#10909,#10917,#10925,#10933,#10941));
#10899=ORIENTED_EDGE('',*,*,#10900,.T.);
#10900=EDGE_CURVE('NONE',#10901,#10903,#10905,.F.);
#10901=VERTEX_POINT('NONE',#10902);
#10902=CARTESIAN_POINT('',(-4.36,-6.55,3.35));
#10903=VERTEX_POINT('NONE',#10904);
#10904=CARTESIAN_POINT('',(-4.01,-7.75,3.35));
#10905=LINE('',#10906,#10907);
#10906=CARTESIAN_POINT('',(-4.895620124,-4.713588145,3.35));
#10907=VECTOR('',#10908,1.0);
#10908=DIRECTION('',(-0.28,0.96,1.862697036E-16));
#10909=ORIENTED_EDGE('',*,*,#10910,.T.);
#10910=EDGE_CURVE('NONE',#10903,#10911,#10913,.F.);
#10911=VERTEX_POINT('NONE',#10912);
#10912=CARTESIAN_POINT('',(-3.61,-7.75,3.35));
#10913=LINE('',#10914,#10915);
#10914=CARTESIAN_POINT('',(-3.26,-7.75,3.35));
#10915=VECTOR('',#10916,1.0);
#10916=DIRECTION('',(-1.0,-1.104919411E-16,6.652489415E-16));
#10917=ORIENTED_EDGE('',*,*,#10918,.T.);
#10918=EDGE_CURVE('NONE',#10911,#10919,#10921,.F.);
#10919=VERTEX_POINT('NONE',#10920);
#10920=CARTESIAN_POINT('',(-3.26,-6.55,3.35));
#10921=LINE('',#10922,#10923);
#10922=CARTESIAN_POINT('',(-2.638139876,-4.417908145,3.35));
#10923=VECTOR('',#10924,1.0);
#10924=DIRECTION('',(-0.28,-0.96,1.862697036E-16));
#10925=ORIENTED_EDGE('',*,*,#10926,.T.);
#10926=EDGE_CURVE('NONE',#10919,#10927,#10929,.F.);
#10927=VERTEX_POINT('NONE',#10928);
#10928=CARTESIAN_POINT('',(-3.26,-4.236532275,3.35));
#10929=LINE('',#10930,#10931);
#10930=CARTESIAN_POINT('',(-3.26,-4.236532275,3.35));
#10931=VECTOR('',#10932,1.0);
#10932=DIRECTION('',(2.468677119E-16,-1.0,0.0));
#10933=ORIENTED_EDGE('',*,*,#10934,.T.);
#10934=EDGE_CURVE('NONE',#10927,#10935,#10937,.T.);
#10935=VERTEX_POINT('NONE',#10936);
#10936=CARTESIAN_POINT('',(-4.36,-4.236532275,3.35));
#10937=LINE('',#10938,#10939);
#10938=CARTESIAN_POINT('',(-3.26,-4.236532275,3.35));
#10939=VECTOR('',#10940,1.0);
#10940=DIRECTION('',(-1.0,-1.104919411E-16,6.652489415E-16));
#10941=ORIENTED_EDGE('',*,*,#10942,.T.);
#10942=EDGE_CURVE('NONE',#10935,#10901,#10943,.T.);
#10943=LINE('',#10944,#10945);
#10944=CARTESIAN_POINT('',(-4.36,-4.236532275,3.35));
#10945=VECTOR('',#10946,1.0);
#10946=DIRECTION('',(2.468677119E-16,-1.0,0.0));
#10947=PLANE('',#10948);
#10948=AXIS2_PLACEMENT_3D('',#10949,#10950,#10951);
#10949=CARTESIAN_POINT('',(-3.26,-4.236532275,3.35));
#10950=DIRECTION('',(-6.652489415E-16,-1.64228484E-31,-1.0));
#10951=DIRECTION('',(-1.0,0.0,6.652489415E-16));
#10952=ADVANCED_FACE('NONE',(#10953),#10978,.F.);
#10953=FACE_BOUND('NONE',#10954,.T.);
#10954=EDGE_LOOP('',(#10955,#10963,#10971,#10977));
#10955=ORIENTED_EDGE('',*,*,#10956,.T.);
#10956=EDGE_CURVE('NONE',#10903,#10957,#10959,.F.);
#10957=VERTEX_POINT('NONE',#10958);
#10958=CARTESIAN_POINT('',(-4.01,-7.75,2.85));
#10959=LINE('',#10960,#10961);
#10960=CARTESIAN_POINT('',(-4.01,-7.75,0.85));
#10961=VECTOR('',#10962,1.0);
#10962=DIRECTION('',(6.652489415E-16,1.234338559E-16,1.0));
#10963=ORIENTED_EDGE('',*,*,#10964,.T.);
#10964=EDGE_CURVE('NONE',#10957,#10965,#10967,.F.);
#10965=VERTEX_POINT('NONE',#10966);
#10966=CARTESIAN_POINT('',(-3.61,-7.75,2.85));
#10967=LINE('',#10968,#10969);
#10968=CARTESIAN_POINT('',(-3.26,-7.75,2.85));
#10969=VECTOR('',#10970,1.0);
#10970=DIRECTION('',(-1.0,-1.104919411E-16,6.652489415E-16));
#10971=ORIENTED_EDGE('',*,*,#10972,.T.);
#10972=EDGE_CURVE('NONE',#10965,#10911,#10973,.T.);
#10973=LINE('',#10974,#10975);
#10974=CARTESIAN_POINT('',(-3.61,-7.75,0.85));
#10975=VECTOR('',#10976,1.0);
#10976=DIRECTION('',(6.652489415E-16,1.234338559E-16,1.0));
#10977=ORIENTED_EDGE('',*,*,#10910,.F.);
#10978=PLANE('',#10979);
#10979=AXIS2_PLACEMENT_3D('',#10980,#10981,#10982);
#10980=CARTESIAN_POINT('',(-3.26,-7.75,2.85));
#10981=DIRECTION('',(-1.104919411E-16,1.0,1.916729642E-31));
#10982=DIRECTION('',(-1.0,-1.104919411E-16,0.0));
#10983=ADVANCED_FACE('NONE',(#10984),#11025,.F.);
#10984=FACE_BOUND('NONE',#10985,.T.);
#10985=EDGE_LOOP('',(#10986,#10994,#11002,#11010,#11018,#11024));
#10986=ORIENTED_EDGE('',*,*,#10987,.T.);
#10987=EDGE_CURVE('NONE',#10957,#10988,#10990,.F.);
#10988=VERTEX_POINT('NONE',#10989);
#10989=CARTESIAN_POINT('',(-4.36,-6.55,2.85));
#10990=LINE('',#10991,#10992);
#10991=CARTESIAN_POINT('',(-4.895620124,-4.713588145,2.85));
#10992=VECTOR('',#10993,1.0);
#10993=DIRECTION('',(0.28,-0.96,-6.777320191E-17));
#10994=ORIENTED_EDGE('',*,*,#10995,.T.);
#10995=EDGE_CURVE('NONE',#10988,#10996,#10998,.T.);
#10996=VERTEX_POINT('NONE',#10997);
#10997=CARTESIAN_POINT('',(-4.36,-4.236532275,2.85));
#10998=LINE('',#10999,#11000);
#10999=CARTESIAN_POINT('',(-4.36,-4.236532275,2.85));
#11000=VECTOR('',#11001,1.0);
#11001=DIRECTION('',(0.0,1.0,-1.234338559E-16));
#11002=ORIENTED_EDGE('',*,*,#11003,.T.);
#11003=EDGE_CURVE('NONE',#10996,#11004,#11006,.F.);
#11004=VERTEX_POINT('NONE',#11005);
#11005=CARTESIAN_POINT('',(-3.26,-4.236532275,2.85));
#11006=LINE('',#11007,#11008);
#11007=CARTESIAN_POINT('',(-3.26,-4.236532275,2.85));
#11008=VECTOR('',#11009,1.0);
#11009=DIRECTION('',(-1.0,-1.104919411E-16,6.652489415E-16));
#11010=ORIENTED_EDGE('',*,*,#11011,.T.);
#11011=EDGE_CURVE('NONE',#11004,#11012,#11014,.F.);
#11012=VERTEX_POINT('NONE',#11013);
#11013=CARTESIAN_POINT('',(-3.26,-6.55,2.85));
#11014=LINE('',#11015,#11016);
#11015=CARTESIAN_POINT('',(-3.26,-4.236532275,2.85));
#11016=VECTOR('',#11017,1.0);
#11017=DIRECTION('',(0.0,1.0,-1.234338559E-16));
#11018=ORIENTED_EDGE('',*,*,#11019,.T.);
#11019=EDGE_CURVE('NONE',#11012,#10965,#11020,.F.);
#11020=LINE('',#11021,#11022);
#11021=CARTESIAN_POINT('',(-2.638139876,-4.417908145,2.85));
#11022=VECTOR('',#11023,1.0);
#11023=DIRECTION('',(0.28,0.96,-3.047662053E-16));
#11024=ORIENTED_EDGE('',*,*,#10964,.F.);
#11025=PLANE('',#11026);
#11026=AXIS2_PLACEMENT_3D('',#11027,#11028,#11029);
#11027=CARTESIAN_POINT('',(-3.26,-4.236532275,2.85));
#11028=DIRECTION('',(6.652489415E-16,1.234338559E-16,1.0));
#11029=DIRECTION('',(1.0,0.0,-6.652489415E-16));
#11030=ADVANCED_FACE('NONE',(#11031),#11146,.T.);
#11031=FACE_BOUND('NONE',#11032,.T.);
#11032=EDGE_LOOP('',(#11033,#11043,#11049,#11050,#11057,#11058,#11064,#11065,#11074,#11082,#11091,#11099,#11108,#11116,#11124,#11132,#11139,#11140));
#11033=ORIENTED_EDGE('',*,*,#11034,.T.);
#11034=EDGE_CURVE('NONE',#11035,#11037,#11039,.T.);
#11035=VERTEX_POINT('NONE',#11036);
#11036=CARTESIAN_POINT('',(-3.26,-3.25,0.9));
#11037=VERTEX_POINT('NONE',#11038);
#11038=CARTESIAN_POINT('',(-3.26,-3.696532275,0.9));
#11039=LINE('',#11040,#11041);
#11040=CARTESIAN_POINT('',(-3.26,-1.036532275,0.9));
#11041=VECTOR('',#11042,1.0);
#11042=DIRECTION('',(1.104919411E-16,-1.0,1.151880795E-32));
#11043=ORIENTED_EDGE('',*,*,#11044,.T.);
#11044=EDGE_CURVE('NONE',#11037,#10787,#11045,.T.);
#11045=LINE('',#11046,#11047);
#11046=CARTESIAN_POINT('',(-3.26,-3.696532275,1.039712991));
#11047=VECTOR('',#11048,1.0);
#11048=DIRECTION('',(9.799108662E-16,0.0,1.0));
#11049=ORIENTED_EDGE('',*,*,#10812,.F.);
#11050=ORIENTED_EDGE('',*,*,#11051,.T.);
#11051=EDGE_CURVE('NONE',#10805,#10927,#11052,.T.);
#11052=CIRCLE('',#11053,0.54);
#11053=AXIS2_PLACEMENT_3D('',#11054,#11055,#11056);
#11054=CARTESIAN_POINT('',(-3.26,-4.236532275,2.81));
#11055=DIRECTION('',(1.0,1.104919411E-16,-6.652489415E-16));
#11056=DIRECTION('',(6.652489415E-16,-1.523283654E-32,1.0));
#11057=ORIENTED_EDGE('',*,*,#10926,.F.);
#11058=ORIENTED_EDGE('',*,*,#11059,.T.);
#11059=EDGE_CURVE('NONE',#10919,#11012,#11060,.T.);
#11060=LINE('',#11061,#11062);
#11061=CARTESIAN_POINT('',(-3.26,-6.55,1.039712991));
#11062=VECTOR('',#11063,1.0);
#11063=DIRECTION('',(-6.652489415E-16,-1.234338559E-16,-1.0));
#11064=ORIENTED_EDGE('',*,*,#11011,.F.);
#11065=ORIENTED_EDGE('',*,*,#11066,.T.);
#11066=EDGE_CURVE('NONE',#11004,#11067,#11069,.T.);
#11067=VERTEX_POINT('NONE',#11068);
#11068=CARTESIAN_POINT('',(-3.26,-4.196532275,2.81));
#11069=CIRCLE('',#11070,0.04);
#11070=AXIS2_PLACEMENT_3D('',#11071,#11072,#11073);
#11071=CARTESIAN_POINT('',(-3.26,-4.236532275,2.81));
#11072=DIRECTION('',(-1.0,-1.104919411E-16,6.652489415E-16));
#11073=DIRECTION('',(6.652489415E-16,7.350464689E-32,1.0));
#11074=ORIENTED_EDGE('',*,*,#11075,.T.);
#11075=EDGE_CURVE('NONE',#11067,#11076,#11078,.T.);
#11076=VERTEX_POINT('NONE',#11077);
#11077=CARTESIAN_POINT('',(-3.26,-4.196532275,1.039712991));
#11078=LINE('',#11079,#11080);
#11079=CARTESIAN_POINT('',(-3.26,-4.196532275,1.039712991));
#11080=VECTOR('',#11081,1.0);
#11081=DIRECTION('',(-9.799108662E-16,0.0,-1.0));
#11082=ORIENTED_EDGE('',*,*,#11083,.T.);
#11083=EDGE_CURVE('NONE',#11076,#11084,#11086,.T.);
#11084=VERTEX_POINT('NONE',#11085);
#11085=CARTESIAN_POINT('',(-3.26,-3.656532275,0.499712991));
#11086=CIRCLE('',#11087,0.54);
#11087=AXIS2_PLACEMENT_3D('',#11088,#11089,#11090);
#11088=CARTESIAN_POINT('',(-3.26,-3.656532275,1.039712991));
#11089=DIRECTION('',(1.0,1.104919411E-16,-6.652489415E-16));
#11090=DIRECTION('',(6.652489415E-16,-1.523283654E-32,1.0));
#11091=ORIENTED_EDGE('',*,*,#11092,.T.);
#11092=EDGE_CURVE('NONE',#11084,#11093,#11095,.T.);
#11093=VERTEX_POINT('NONE',#11094);
#11094=CARTESIAN_POINT('',(-3.26,-1.036532275,0.499712991));
#11095=LINE('',#11096,#11097);
#11096=CARTESIAN_POINT('',(-3.26,-1.036532275,0.499712991));
#11097=VECTOR('',#11098,1.0);
#11098=DIRECTION('',(0.0,1.0,0.0));
#11099=ORIENTED_EDGE('',*,*,#11100,.T.);
#11100=EDGE_CURVE('NONE',#11093,#11101,#11103,.T.);
#11101=VERTEX_POINT('NONE',#11102);
#11102=CARTESIAN_POINT('',(-3.26,-0.496532275,1.039712991));
#11103=CIRCLE('',#11104,0.54);
#11104=AXIS2_PLACEMENT_3D('',#11105,#11106,#11107);
#11105=CARTESIAN_POINT('',(-3.26,-1.036532275,1.039712991));
#11106=DIRECTION('',(1.0,1.104919411E-16,-6.652489415E-16));
#11107=DIRECTION('',(-6.652489415E-16,1.523283654E-32,-1.0));
#11108=ORIENTED_EDGE('',*,*,#11109,.T.);
#11109=EDGE_CURVE('NONE',#11101,#11110,#11112,.T.);
#11110=VERTEX_POINT('NONE',#11111);
#11111=CARTESIAN_POINT('',(-3.26,-0.496532275,1.949712991));
#11112=LINE('',#11113,#11114);
#11113=CARTESIAN_POINT('',(-3.26,-0.496532275,1.949712991));
#11114=VECTOR('',#11115,1.0);
#11115=DIRECTION('',(9.53144767E-16,0.0,1.0));
#11116=ORIENTED_EDGE('',*,*,#11117,.T.);
#11117=EDGE_CURVE('NONE',#11110,#11118,#11120,.T.);
#11118=VERTEX_POINT('NONE',#11119);
#11119=CARTESIAN_POINT('',(-3.26,-0.996532275,1.949712991));
#11120=LINE('',#11121,#11122);
#11121=CARTESIAN_POINT('',(-3.26,-0.996532275,1.949712991));
#11122=VECTOR('',#11123,1.0);
#11123=DIRECTION('',(0.0,-1.0,0.0));
#11124=ORIENTED_EDGE('',*,*,#11125,.T.);
#11125=EDGE_CURVE('NONE',#11118,#11126,#11128,.T.);
#11126=VERTEX_POINT('NONE',#11127);
#11127=CARTESIAN_POINT('',(-3.26,-0.996532275,1.039712991));
#11128=LINE('',#11129,#11130);
#11129=CARTESIAN_POINT('',(-3.26,-0.996532275,1.949712991));
#11130=VECTOR('',#11131,1.0);
#11131=DIRECTION('',(-9.53144767E-16,0.0,-1.0));
#11132=ORIENTED_EDGE('',*,*,#11133,.T.);
#11133=EDGE_CURVE('NONE',#11126,#10757,#11134,.T.);
#11134=CIRCLE('',#11135,0.04);
#11135=AXIS2_PLACEMENT_3D('',#11136,#11137,#11138);
#11136=CARTESIAN_POINT('',(-3.26,-1.036532275,1.039712991));
#11137=DIRECTION('',(-1.0,-1.104919411E-16,6.652489415E-16));
#11138=DIRECTION('',(-6.652489415E-16,-7.350464689E-32,-1.0));
#11139=ORIENTED_EDGE('',*,*,#10756,.F.);
#11140=ORIENTED_EDGE('',*,*,#11141,.T.);
#11141=EDGE_CURVE('NONE',#10749,#11035,#11142,.T.);
#11142=LINE('',#11143,#11144);
#11143=CARTESIAN_POINT('',(-3.26,-3.25,1.039712991));
#11144=VECTOR('',#11145,1.0);
#11145=DIRECTION('',(-6.652489415E-16,0.0,-1.0));
#11146=PLANE('',#11147);
#11147=AXIS2_PLACEMENT_3D('',#11148,#11149,#11150);
#11148=CARTESIAN_POINT('',(-3.26,-1.036532275,1.039712991));
#11149=DIRECTION('',(1.0,1.104919411E-16,-6.652489415E-16));
#11150=DIRECTION('',(-6.652489415E-16,0.0,-1.0));
#11151=ADVANCED_FACE('NONE',(#11152),#11267,.F.);
#11152=FACE_BOUND('NONE',#11153,.T.);
#11153=EDGE_LOOP('',(#11154,#11162,#11170,#11176,#11177,#11186,#11194,#11202,#11210,#11219,#11227,#11236,#11244,#11251,#11252,#11258,#11259,#11266));
#11154=ORIENTED_EDGE('',*,*,#11155,.T.);
#11155=EDGE_CURVE('NONE',#10789,#11156,#11158,.F.);
#11156=VERTEX_POINT('NONE',#11157);
#11157=CARTESIAN_POINT('',(-4.36,-3.696532275,0.9));
#11158=LINE('',#11159,#11160);
#11159=CARTESIAN_POINT('',(-4.36,-3.696532275,1.039712991));
#11160=VECTOR('',#11161,1.0);
#11161=DIRECTION('',(9.799108662E-16,0.0,1.0));
#11162=ORIENTED_EDGE('',*,*,#11163,.T.);
#11163=EDGE_CURVE('NONE',#11156,#11164,#11166,.F.);
#11164=VERTEX_POINT('NONE',#11165);
#11165=CARTESIAN_POINT('',(-4.36,-3.25,0.9));
#11166=LINE('',#11167,#11168);
#11167=CARTESIAN_POINT('',(-4.36,-1.036532275,0.9));
#11168=VECTOR('',#11169,1.0);
#11169=DIRECTION('',(1.104919411E-16,-1.0,1.151880795E-32));
#11170=ORIENTED_EDGE('',*,*,#11171,.T.);
#11171=EDGE_CURVE('NONE',#11164,#10747,#11172,.F.);
#11172=LINE('',#11173,#11174);
#11173=CARTESIAN_POINT('',(-4.36,-3.25,1.039712991));
#11174=VECTOR('',#11175,1.0);
#11175=DIRECTION('',(-6.652489415E-16,0.0,-1.0));
#11176=ORIENTED_EDGE('',*,*,#10772,.F.);
#11177=ORIENTED_EDGE('',*,*,#11178,.T.);
#11178=EDGE_CURVE('NONE',#10765,#11179,#11181,.F.);
#11179=VERTEX_POINT('NONE',#11180);
#11180=CARTESIAN_POINT('',(-4.36,-0.996532275,1.039712991));
#11181=CIRCLE('',#11182,0.04);
#11182=AXIS2_PLACEMENT_3D('',#11183,#11184,#11185);
#11183=CARTESIAN_POINT('',(-4.36,-1.036532275,1.039712991));
#11184=DIRECTION('',(-1.0,-1.104919411E-16,6.652489415E-16));
#11185=DIRECTION('',(-6.652489415E-16,-7.350464689E-32,-1.0));
#11186=ORIENTED_EDGE('',*,*,#11187,.T.);
#11187=EDGE_CURVE('NONE',#11179,#11188,#11190,.F.);
#11188=VERTEX_POINT('NONE',#11189);
#11189=CARTESIAN_POINT('',(-4.36,-0.996532275,1.949712991));
#11190=LINE('',#11191,#11192);
#11191=CARTESIAN_POINT('',(-4.36,-0.996532275,1.949712991));
#11192=VECTOR('',#11193,1.0);
#11193=DIRECTION('',(-9.53144767E-16,0.0,-1.0));
#11194=ORIENTED_EDGE('',*,*,#11195,.T.);
#11195=EDGE_CURVE('NONE',#11188,#11196,#11198,.F.);
#11196=VERTEX_POINT('NONE',#11197);
#11197=CARTESIAN_POINT('',(-4.36,-0.496532275,1.949712991));
#11198=LINE('',#11199,#11200);
#11199=CARTESIAN_POINT('',(-4.36,-0.996532275,1.949712991));
#11200=VECTOR('',#11201,1.0);
#11201=DIRECTION('',(0.0,-1.0,0.0));
#11202=ORIENTED_EDGE('',*,*,#11203,.T.);
#11203=EDGE_CURVE('NONE',#11196,#11204,#11206,.F.);
#11204=VERTEX_POINT('NONE',#11205);
#11205=CARTESIAN_POINT('',(-4.36,-0.496532275,1.039712991));
#11206=LINE('',#11207,#11208);
#11207=CARTESIAN_POINT('',(-4.36,-0.496532275,1.949712991));
#11208=VECTOR('',#11209,1.0);
#11209=DIRECTION('',(9.53144767E-16,0.0,1.0));
#11210=ORIENTED_EDGE('',*,*,#11211,.T.);
#11211=EDGE_CURVE('NONE',#11204,#11212,#11214,.F.);
#11212=VERTEX_POINT('NONE',#11213);
#11213=CARTESIAN_POINT('',(-4.36,-1.036532275,0.499712991));
#11214=CIRCLE('',#11215,0.54);
#11215=AXIS2_PLACEMENT_3D('',#11216,#11217,#11218);
#11216=CARTESIAN_POINT('',(-4.36,-1.036532275,1.039712991));
#11217=DIRECTION('',(1.0,1.104919411E-16,-6.652489415E-16));
#11218=DIRECTION('',(-6.652489415E-16,-7.350464689E-32,-1.0));
#11219=ORIENTED_EDGE('',*,*,#11220,.T.);
#11220=EDGE_CURVE('NONE',#11212,#11221,#11223,.F.);
#11221=VERTEX_POINT('NONE',#11222);
#11222=CARTESIAN_POINT('',(-4.36,-3.656532275,0.499712991));
#11223=LINE('',#11224,#11225);
#11224=CARTESIAN_POINT('',(-4.36,-1.036532275,0.499712991));
#11225=VECTOR('',#11226,1.0);
#11226=DIRECTION('',(0.0,1.0,0.0));
#11227=ORIENTED_EDGE('',*,*,#11228,.T.);
#11228=EDGE_CURVE('NONE',#11221,#11229,#11231,.F.);
#11229=VERTEX_POINT('NONE',#11230);
#11230=CARTESIAN_POINT('',(-4.36,-4.196532275,1.039712991));
#11231=CIRCLE('',#11232,0.54);
#11232=AXIS2_PLACEMENT_3D('',#11233,#11234,#11235);
#11233=CARTESIAN_POINT('',(-4.36,-3.656532275,1.039712991));
#11234=DIRECTION('',(1.0,1.104919411E-16,-6.652489415E-16));
#11235=DIRECTION('',(6.652489415E-16,7.350464689E-32,1.0));
#11236=ORIENTED_EDGE('',*,*,#11237,.T.);
#11237=EDGE_CURVE('NONE',#11229,#11238,#11240,.F.);
#11238=VERTEX_POINT('NONE',#11239);
#11239=CARTESIAN_POINT('',(-4.36,-4.196532275,2.81));
#11240=LINE('',#11241,#11242);
#11241=CARTESIAN_POINT('',(-4.36,-4.196532275,1.039712991));
#11242=VECTOR('',#11243,1.0);
#11243=DIRECTION('',(-9.799108662E-16,0.0,-1.0));
#11244=ORIENTED_EDGE('',*,*,#11245,.T.);
#11245=EDGE_CURVE('NONE',#11238,#10996,#11246,.F.);
#11246=CIRCLE('',#11247,0.04);
#11247=AXIS2_PLACEMENT_3D('',#11248,#11249,#11250);
#11248=CARTESIAN_POINT('',(-4.36,-4.236532275,2.81));
#11249=DIRECTION('',(-1.0,-1.104919411E-16,6.652489415E-16));
#11250=DIRECTION('',(6.652489415E-16,7.350464689E-32,1.0));
#11251=ORIENTED_EDGE('',*,*,#10995,.F.);
#11252=ORIENTED_EDGE('',*,*,#11253,.T.);
#11253=EDGE_CURVE('NONE',#10988,#10901,#11254,.F.);
#11254=LINE('',#11255,#11256);
#11255=CARTESIAN_POINT('',(-4.36,-6.55,1.039712991));
#11256=VECTOR('',#11257,1.0);
#11257=DIRECTION('',(-6.652489415E-16,-1.234338559E-16,-1.0));
#11258=ORIENTED_EDGE('',*,*,#10942,.F.);
#11259=ORIENTED_EDGE('',*,*,#11260,.T.);
#11260=EDGE_CURVE('NONE',#10935,#10797,#11261,.F.);
#11261=CIRCLE('',#11262,0.54);
#11262=AXIS2_PLACEMENT_3D('',#11263,#11264,#11265);
#11263=CARTESIAN_POINT('',(-4.36,-4.236532275,2.81));
#11264=DIRECTION('',(1.0,1.104919411E-16,-6.652489415E-16));
#11265=DIRECTION('',(6.652489415E-16,7.350464689E-32,1.0));
#11266=ORIENTED_EDGE('',*,*,#10796,.F.);
#11267=PLANE('',#11268);
#11268=AXIS2_PLACEMENT_3D('',#11269,#11270,#11271);
#11269=CARTESIAN_POINT('',(-4.36,-1.036532275,1.039712991));
#11270=DIRECTION('',(1.0,1.104919411E-16,-6.652489415E-16));
#11271=DIRECTION('',(-6.652489415E-16,0.0,-1.0));
#11272=ADVANCED_FACE('NONE',(#11273),#11282,.T.);
#11273=FACE_BOUND('NONE',#11274,.T.);
#11274=EDGE_LOOP('',(#11275,#11281));
#11275=ORIENTED_EDGE('',*,*,#11276,.T.);
#11276=EDGE_CURVE('NONE',#10587,#10595,#11277,.F.);
#11277=LINE('',#11278,#11279);
#11278=CARTESIAN_POINT('',(-4.81,3.45,3.322150035));
#11279=VECTOR('',#11280,1.0);
#11280=DIRECTION('',(1.0,2.168404345E-16,0.0));
#11281=ORIENTED_EDGE('',*,*,#10594,.F.);
#11282=PLANE('',#11283);
#11283=AXIS2_PLACEMENT_3D('',#11284,#11285,#11286);
#11284=CARTESIAN_POINT('',(-3.81,3.45,3.097150035));
#11285=DIRECTION('',(-1.104919411E-16,1.0,0.0));
#11286=DIRECTION('',(-1.0,-1.104919411E-16,0.0));
#11287=ADVANCED_FACE('NONE',(#11288,#11313),#11347,.F.);
#11288=FACE_BOUND('NONE',#11289,.T.);
#11289=EDGE_LOOP('',(#11290,#11298,#11299,#11307));
#11290=ORIENTED_EDGE('',*,*,#11291,.T.);
#11291=EDGE_CURVE('NONE',#11292,#10879,#11294,.T.);
#11292=VERTEX_POINT('NONE',#11293);
#11293=CARTESIAN_POINT('',(-4.85,0.39,1.949712991));
#11294=LINE('',#11295,#11296);
#11295=CARTESIAN_POINT('',(-4.85,0.39,4.649712991));
#11296=VECTOR('',#11297,1.0);
#11297=DIRECTION('',(9.637352644E-16,0.0,1.0));
#11298=ORIENTED_EDGE('',*,*,#10878,.F.);
#11299=ORIENTED_EDGE('',*,*,#11300,.T.);
#11300=EDGE_CURVE('NONE',#10871,#11301,#11303,.F.);
#11301=VERTEX_POINT('NONE',#11302);
#11302=CARTESIAN_POINT('',(-2.77,0.39,1.949712991));
#11303=LINE('',#11304,#11305);
#11304=CARTESIAN_POINT('',(-2.77,0.39,4.649712991));
#11305=VECTOR('',#11306,1.0);
#11306=DIRECTION('',(9.637352644E-16,0.0,1.0));
#11307=ORIENTED_EDGE('',*,*,#11308,.T.);
#11308=EDGE_CURVE('NONE',#11301,#11292,#11309,.T.);
#11309=LINE('',#11310,#11311);
#11310=CARTESIAN_POINT('',(-2.77,0.39,1.949712991));
#11311=VECTOR('',#11312,1.0);
#11312=DIRECTION('',(-1.0,-1.104919411E-16,6.652489415E-16));
#11313=FACE_BOUND('NONE',#11314,.T.);
#11314=EDGE_LOOP('',(#11315,#11325,#11333,#11341));
#11315=ORIENTED_EDGE('',*,*,#11316,.T.);
#11316=EDGE_CURVE('NONE',#11317,#11319,#11321,.F.);
#11317=VERTEX_POINT('NONE',#11318);
#11318=CARTESIAN_POINT('',(-3.26,0.39,2.547150035));
#11319=VERTEX_POINT('NONE',#11320);
#11320=CARTESIAN_POINT('',(-3.26,0.39,3.647150035));
#11321=LINE('',#11322,#11323);
#11322=CARTESIAN_POINT('',(-3.26,0.39,3.647150035));
#11323=VECTOR('',#11324,1.0);
#11324=DIRECTION('',(0.0,0.0,-1.0));
#11325=ORIENTED_EDGE('',*,*,#11326,.T.);
#11326=EDGE_CURVE('NONE',#11319,#11327,#11329,.F.);
#11327=VERTEX_POINT('NONE',#11328);
#11328=CARTESIAN_POINT('',(-4.36,0.39,3.647150035));
#11329=LINE('',#11330,#11331);
#11330=CARTESIAN_POINT('',(-4.36,0.39,3.647150035));
#11331=VECTOR('',#11332,1.0);
#11332=DIRECTION('',(1.0,9.856383386E-17,0.0));
#11333=ORIENTED_EDGE('',*,*,#11334,.T.);
#11334=EDGE_CURVE('NONE',#11327,#11335,#11337,.F.);
#11335=VERTEX_POINT('NONE',#11336);
#11336=CARTESIAN_POINT('',(-4.36,0.39,2.547150035));
#11337=LINE('',#11338,#11339);
#11338=CARTESIAN_POINT('',(-4.36,0.39,3.647150035));
#11339=VECTOR('',#11340,1.0);
#11340=DIRECTION('',(0.0,0.0,1.0));
#11341=ORIENTED_EDGE('',*,*,#11342,.T.);
#11342=EDGE_CURVE('NONE',#11335,#11317,#11343,.F.);
#11343=LINE('',#11344,#11345);
#11344=CARTESIAN_POINT('',(-4.36,0.39,2.547150035));
#11345=VECTOR('',#11346,1.0);
#11346=DIRECTION('',(-1.0,-9.856383386E-17,0.0));
#11347=PLANE('',#11348);
#11348=AXIS2_PLACEMENT_3D('',#11349,#11350,#11351);
#11349=CARTESIAN_POINT('',(-2.77,0.39,4.649712991));
#11350=DIRECTION('',(1.104919411E-16,-1.0,-1.064849801E-31));
#11351=DIRECTION('',(1.0,1.104919411E-16,0.0));
#11352=ADVANCED_FACE('NONE',(#11353),#11387,.F.);
#11353=FACE_BOUND('NONE',#11354,.T.);
#11354=EDGE_LOOP('',(#11355,#11365,#11373,#11381));
#11355=ORIENTED_EDGE('',*,*,#11356,.T.);
#11356=EDGE_CURVE('NONE',#11357,#11359,#11361,.T.);
#11357=VERTEX_POINT('NONE',#11358);
#11358=CARTESIAN_POINT('',(-4.85,-3.58,5.149712991));
#11359=VERTEX_POINT('NONE',#11360);
#11360=CARTESIAN_POINT('',(-4.85,-3.58,1.949712991));
#11361=LINE('',#11362,#11363);
#11362=CARTESIAN_POINT('',(-4.85,-3.58,4.649712991));
#11363=VECTOR('',#11364,1.0);
#11364=DIRECTION('',(-6.424901763E-16,0.0,-1.0));
#11365=ORIENTED_EDGE('',*,*,#11366,.T.);
#11366=EDGE_CURVE('NONE',#11359,#11367,#11369,.F.);
#11367=VERTEX_POINT('NONE',#11368);
#11368=CARTESIAN_POINT('',(-2.77,-3.58,1.949712991));
#11369=LINE('',#11370,#11371);
#11370=CARTESIAN_POINT('',(-2.77,-3.58,1.949712991));
#11371=VECTOR('',#11372,1.0);
#11372=DIRECTION('',(-1.0,-1.104919411E-16,6.652489415E-16));
#11373=ORIENTED_EDGE('',*,*,#11374,.T.);
#11374=EDGE_CURVE('NONE',#11367,#11375,#11377,.F.);
#11375=VERTEX_POINT('NONE',#11376);
#11376=CARTESIAN_POINT('',(-2.77,-3.58,5.149712991));
#11377=LINE('',#11378,#11379);
#11378=CARTESIAN_POINT('',(-2.77,-3.58,4.649712991));
#11379=VECTOR('',#11380,1.0);
#11380=DIRECTION('',(-6.424901763E-16,0.0,-1.0));
#11381=ORIENTED_EDGE('',*,*,#11382,.T.);
#11382=EDGE_CURVE('NONE',#11375,#11357,#11383,.F.);
#11383=LINE('',#11384,#11385);
#11384=CARTESIAN_POINT('',(-2.77,-3.58,5.149712991));
#11385=VECTOR('',#11386,1.0);
#11386=DIRECTION('',(1.0,0.0,0.0));
#11387=PLANE('',#11388);
#11388=AXIS2_PLACEMENT_3D('',#11389,#11390,#11391);
#11389=CARTESIAN_POINT('',(-2.77,-3.58,4.649712991));
#11390=DIRECTION('',(-1.104919411E-16,1.0,7.098998674E-32));
#11391=DIRECTION('',(-1.0,-1.104919411E-16,0.0));
#11392=ADVANCED_FACE('NONE',(#11393,#11409),#11425,.F.);
#11393=FACE_BOUND('NONE',#11394,.T.);
#11394=EDGE_LOOP('',(#11395,#11401,#11402,#11408));
#11395=ORIENTED_EDGE('',*,*,#11396,.T.);
#11396=EDGE_CURVE('NONE',#11188,#11118,#11397,.F.);
#11397=LINE('',#11398,#11399);
#11398=CARTESIAN_POINT('',(-3.26,-0.996532275,1.949712991));
#11399=VECTOR('',#11400,1.0);
#11400=DIRECTION('',(-1.0,-1.104919411E-16,6.652489415E-16));
#11401=ORIENTED_EDGE('',*,*,#11117,.F.);
#11402=ORIENTED_EDGE('',*,*,#11403,.T.);
#11403=EDGE_CURVE('NONE',#11110,#11196,#11404,.T.);
#11404=LINE('',#11405,#11406);
#11405=CARTESIAN_POINT('',(-3.26,-0.496532275,1.949712991));
#11406=VECTOR('',#11407,1.0);
#11407=DIRECTION('',(-1.0,-1.104919411E-16,6.652489415E-16));
#11408=ORIENTED_EDGE('',*,*,#11195,.F.);
#11409=FACE_BOUND('NONE',#11410,.T.);
#11410=EDGE_LOOP('',(#11411,#11417,#11418,#11424));
#11411=ORIENTED_EDGE('',*,*,#11412,.T.);
#11412=EDGE_CURVE('NONE',#11359,#11292,#11413,.T.);
#11413=LINE('',#11414,#11415);
#11414=CARTESIAN_POINT('',(-4.85,-3.58,1.949712991));
#11415=VECTOR('',#11416,1.0);
#11416=DIRECTION('',(-2.184790272E-16,1.0,0.0));
#11417=ORIENTED_EDGE('',*,*,#11308,.F.);
#11418=ORIENTED_EDGE('',*,*,#11419,.T.);
#11419=EDGE_CURVE('NONE',#11301,#11367,#11420,.F.);
#11420=LINE('',#11421,#11422);
#11421=CARTESIAN_POINT('',(-2.77,-3.58,1.949712991));
#11422=VECTOR('',#11423,1.0);
#11423=DIRECTION('',(-2.184790272E-16,1.0,0.0));
#11424=ORIENTED_EDGE('',*,*,#11366,.F.);
#11425=PLANE('',#11426);
#11426=AXIS2_PLACEMENT_3D('',#11427,#11428,#11429);
#11427=CARTESIAN_POINT('',(-2.77,-3.58,1.949712991));
#11428=DIRECTION('',(6.652489415E-16,1.453429416E-31,1.0));
#11429=DIRECTION('',(1.0,0.0,-6.652489415E-16));
#11430=ADVANCED_FACE('NONE',(#11431),#11451,.F.);
#11431=FACE_BOUND('NONE',#11432,.T.);
#11432=EDGE_LOOP('',(#11433,#11434,#11442,#11448,#11449,#11450));
#11433=ORIENTED_EDGE('',*,*,#10870,.F.);
#11434=ORIENTED_EDGE('',*,*,#11435,.T.);
#11435=EDGE_CURVE('NONE',#10863,#11436,#11438,.F.);
#11436=VERTEX_POINT('NONE',#11437);
#11437=CARTESIAN_POINT('',(-2.77,-3.25,5.149712991));
#11438=LINE('',#11439,#11440);
#11439=CARTESIAN_POINT('',(-2.77,-3.25,5.149712991));
#11440=VECTOR('',#11441,1.0);
#11441=DIRECTION('',(0.0,0.0,-1.0));
#11442=ORIENTED_EDGE('',*,*,#11443,.T.);
#11443=EDGE_CURVE('NONE',#11436,#11375,#11444,.F.);
#11444=LINE('',#11445,#11446);
#11445=CARTESIAN_POINT('',(-2.77,-3.58,5.149712991));
#11446=VECTOR('',#11447,1.0);
#11447=DIRECTION('',(0.0,1.0,0.0));
#11448=ORIENTED_EDGE('',*,*,#11374,.F.);
#11449=ORIENTED_EDGE('',*,*,#11419,.F.);
#11450=ORIENTED_EDGE('',*,*,#11300,.F.);
#11451=PLANE('',#11452);
#11452=AXIS2_PLACEMENT_3D('',#11453,#11454,#11455);
#11453=CARTESIAN_POINT('',(-2.77,1.149116188E-16,5.42786003E-15));
#11454=DIRECTION('',(-1.0,0.0,9.637352644E-16));
#11455=DIRECTION('',(9.637352644E-16,0.0,1.0));
#11456=ADVANCED_FACE('NONE',(#11457),#11477,.T.);
#11457=FACE_BOUND('NONE',#11458,.T.);
#11458=EDGE_LOOP('',(#11459,#11460,#11461,#11462,#11463,#11471));
#11459=ORIENTED_EDGE('',*,*,#10886,.F.);
#11460=ORIENTED_EDGE('',*,*,#11291,.F.);
#11461=ORIENTED_EDGE('',*,*,#11412,.F.);
#11462=ORIENTED_EDGE('',*,*,#11356,.F.);
#11463=ORIENTED_EDGE('',*,*,#11464,.T.);
#11464=EDGE_CURVE('NONE',#11357,#11465,#11467,.F.);
#11465=VERTEX_POINT('NONE',#11466);
#11466=CARTESIAN_POINT('',(-4.85,-3.25,5.149712991));
#11467=LINE('',#11468,#11469);
#11468=CARTESIAN_POINT('',(-4.85,-3.58,5.149712991));
#11469=VECTOR('',#11470,1.0);
#11470=DIRECTION('',(0.0,-1.0,0.0));
#11471=ORIENTED_EDGE('',*,*,#11472,.T.);
#11472=EDGE_CURVE('NONE',#11465,#10861,#11473,.T.);
#11473=LINE('',#11474,#11475);
#11474=CARTESIAN_POINT('',(-4.85,-3.25,5.149712991));
#11475=VECTOR('',#11476,1.0);
#11476=DIRECTION('',(0.0,0.0,-1.0));
#11477=PLANE('',#11478);
#11478=AXIS2_PLACEMENT_3D('',#11479,#11480,#11481);
#11479=CARTESIAN_POINT('',(-4.85,-1.149116188E-16,6.811577828E-15));
#11480=DIRECTION('',(-1.0,0.0,9.637352644E-16));
#11481=DIRECTION('',(9.637352644E-16,0.0,1.0));
#11482=ADVANCED_FACE('NONE',(#11483),#11508,.F.);
#11483=FACE_BOUND('NONE',#11484,.T.);
#11484=EDGE_LOOP('',(#11485,#11486,#11494,#11502));
#11485=ORIENTED_EDGE('',*,*,#11316,.F.);
#11486=ORIENTED_EDGE('',*,*,#11487,.T.);
#11487=EDGE_CURVE('NONE',#11317,#11488,#11490,.F.);
#11488=VERTEX_POINT('NONE',#11489);
#11489=CARTESIAN_POINT('',(-3.26,1.29,2.547150035));
#11490=LINE('',#11491,#11492);
#11491=CARTESIAN_POINT('',(-3.26,1.29,2.547150035));
#11492=VECTOR('',#11493,1.0);
#11493=DIRECTION('',(1.104919411E-16,-1.0,-8.471987687E-32));
#11494=ORIENTED_EDGE('',*,*,#11495,.T.);
#11495=EDGE_CURVE('NONE',#11488,#11496,#11498,.F.);
#11496=VERTEX_POINT('NONE',#11497);
#11497=CARTESIAN_POINT('',(-3.26,1.29,3.647150035));
#11498=LINE('',#11499,#11500);
#11499=CARTESIAN_POINT('',(-3.26,1.29,3.647150035));
#11500=VECTOR('',#11501,1.0);
#11501=DIRECTION('',(0.0,0.0,-1.0));
#11502=ORIENTED_EDGE('',*,*,#11503,.T.);
#11503=EDGE_CURVE('NONE',#11496,#11319,#11504,.T.);
#11504=LINE('',#11505,#11506);
#11505=CARTESIAN_POINT('',(-3.26,1.29,3.647150035));
#11506=VECTOR('',#11507,1.0);
#11507=DIRECTION('',(1.104919411E-16,-1.0,-8.471987687E-32));
#11508=PLANE('',#11509);
#11509=AXIS2_PLACEMENT_3D('',#11510,#11511,#11512);
#11510=CARTESIAN_POINT('',(-3.26,1.29,3.647150035));
#11511=DIRECTION('',(-1.0,-1.104919411E-16,0.0));
#11512=DIRECTION('',(1.104919411E-16,-1.0,0.0));
#11513=ADVANCED_FACE('NONE',(#11514),#11532,.F.);
#11514=FACE_BOUND('NONE',#11515,.T.);
#11515=EDGE_LOOP('',(#11516,#11517,#11525,#11531));
#11516=ORIENTED_EDGE('',*,*,#11342,.F.);
#11517=ORIENTED_EDGE('',*,*,#11518,.T.);
#11518=EDGE_CURVE('NONE',#11335,#11519,#11521,.F.);
#11519=VERTEX_POINT('NONE',#11520);
#11520=CARTESIAN_POINT('',(-4.36,1.29,2.547150035));
#11521=LINE('',#11522,#11523);
#11522=CARTESIAN_POINT('',(-4.36,1.29,2.547150035));
#11523=VECTOR('',#11524,1.0);
#11524=DIRECTION('',(1.104919411E-16,-1.0,-8.471987687E-32));
#11525=ORIENTED_EDGE('',*,*,#11526,.T.);
#11526=EDGE_CURVE('NONE',#11519,#11488,#11527,.F.);
#11527=LINE('',#11528,#11529);
#11528=CARTESIAN_POINT('',(-4.36,1.29,2.547150035));
#11529=VECTOR('',#11530,1.0);
#11530=DIRECTION('',(-1.0,-9.856383386E-17,0.0));
#11531=ORIENTED_EDGE('',*,*,#11487,.F.);
#11532=PLANE('',#11533);
#11533=AXIS2_PLACEMENT_3D('',#11534,#11535,#11536);
#11534=CARTESIAN_POINT('',(-4.36,1.29,2.547150035));
#11535=DIRECTION('',(8.350315868E-48,-8.471987687E-32,1.0));
#11536=DIRECTION('',(0.0,-1.0,-8.471987687E-32));
#11537=ADVANCED_FACE('NONE',(#11538),#11556,.F.);
#11538=FACE_BOUND('NONE',#11539,.T.);
#11539=EDGE_LOOP('',(#11540,#11541,#11549,#11555));
#11540=ORIENTED_EDGE('',*,*,#11334,.F.);
#11541=ORIENTED_EDGE('',*,*,#11542,.T.);
#11542=EDGE_CURVE('NONE',#11327,#11543,#11545,.F.);
#11543=VERTEX_POINT('NONE',#11544);
#11544=CARTESIAN_POINT('',(-4.36,1.29,3.647150035));
#11545=LINE('',#11546,#11547);
#11546=CARTESIAN_POINT('',(-4.36,1.29,3.647150035));
#11547=VECTOR('',#11548,1.0);
#11548=DIRECTION('',(1.104919411E-16,-1.0,-8.471987687E-32));
#11549=ORIENTED_EDGE('',*,*,#11550,.T.);
#11550=EDGE_CURVE('NONE',#11543,#11519,#11551,.F.);
#11551=LINE('',#11552,#11553);
#11552=CARTESIAN_POINT('',(-4.36,1.29,3.647150035));
#11553=VECTOR('',#11554,1.0);
#11554=DIRECTION('',(0.0,0.0,1.0));
#11555=ORIENTED_EDGE('',*,*,#11518,.F.);
#11556=PLANE('',#11557);
#11557=AXIS2_PLACEMENT_3D('',#11558,#11559,#11560);
#11558=CARTESIAN_POINT('',(-4.36,1.29,3.647150035));
#11559=DIRECTION('',(1.0,1.104919411E-16,0.0));
#11560=DIRECTION('',(-1.104919411E-16,1.0,0.0));
#11561=ADVANCED_FACE('NONE',(#11562),#11573,.F.);
#11562=FACE_BOUND('NONE',#11563,.T.);
#11563=EDGE_LOOP('',(#11564,#11565,#11566,#11572));
#11564=ORIENTED_EDGE('',*,*,#11326,.F.);
#11565=ORIENTED_EDGE('',*,*,#11503,.F.);
#11566=ORIENTED_EDGE('',*,*,#11567,.T.);
#11567=EDGE_CURVE('NONE',#11496,#11543,#11568,.F.);
#11568=LINE('',#11569,#11570);
#11569=CARTESIAN_POINT('',(-4.36,1.29,3.647150035));
#11570=VECTOR('',#11571,1.0);
#11571=DIRECTION('',(1.0,9.856383386E-17,0.0));
#11572=ORIENTED_EDGE('',*,*,#11542,.F.);
#11573=PLANE('',#11574);
#11574=AXIS2_PLACEMENT_3D('',#11575,#11576,#11577);
#11575=CARTESIAN_POINT('',(-4.36,1.29,3.647150035));
#11576=DIRECTION('',(-8.350315868E-48,8.471987687E-32,-1.0));
#11577=DIRECTION('',(0.0,1.0,8.471987687E-32));
#11578=ADVANCED_FACE('NONE',(#11579,#11589),#11595,.F.);
#11579=FACE_BOUND('NONE',#11580,.T.);
#11580=EDGE_LOOP('',(#11581,#11588));
#11581=ORIENTED_EDGE('',*,*,#11582,.T.);
#11582=EDGE_CURVE('NONE',#10716,#10724,#11583,.F.);
#11583=CIRCLE('',#11584,0.535);
#11584=AXIS2_PLACEMENT_3D('',#11585,#11586,#11587);
#11585=CARTESIAN_POINT('',(-3.81,1.29,3.097150035));
#11586=DIRECTION('',(-9.856383386E-17,1.0,0.0));
#11587=DIRECTION('',(-1.0,-9.856383386E-17,0.0));
#11588=ORIENTED_EDGE('',*,*,#10723,.F.);
#11589=FACE_BOUND('NONE',#11590,.T.);
#11590=EDGE_LOOP('',(#11591,#11592,#11593,#11594));
#11591=ORIENTED_EDGE('',*,*,#11495,.F.);
#11592=ORIENTED_EDGE('',*,*,#11526,.F.);
#11593=ORIENTED_EDGE('',*,*,#11550,.F.);
#11594=ORIENTED_EDGE('',*,*,#11567,.F.);
#11595=PLANE('',#11596);
#11596=AXIS2_PLACEMENT_3D('',#11597,#11598,#11599);
#11597=CARTESIAN_POINT('',(2.54,1.29,7.624788918E-32));
#11598=DIRECTION('',(9.856383386E-17,-1.0,0.0));
#11599=DIRECTION('',(1.0,9.856383386E-17,0.0));
#11600=ADVANCED_FACE('NONE',(#11601),#11616,.T.);
#11601=FACE_BOUND('NONE',#11602,.T.);
#11602=EDGE_LOOP('',(#11603,#11604,#11605,#11614,#11615));
#11603=ORIENTED_EDGE('',*,*,#10715,.F.);
#11604=ORIENTED_EDGE('',*,*,#10686,.F.);
#11605=ORIENTED_EDGE('',*,*,#11606,.T.);
#11606=EDGE_CURVE('NONE',#10679,#10704,#11607,.T.);
#11607=B_SPLINE_CURVE_WITH_KNOTS('',3,(#11608,#11609,#11610,#11611,#11612,#11613),.UNSPECIFIED.,.F.,.U.,(4,2,4),(5.062863522E-04,9.243922866E-04,0.001342498),.UNSPECIFIED.);
#11608=CARTESIAN_POINT('',(-3.81,2.599541489,2.562150035));
#11609=CARTESIAN_POINT('',(-3.669828121,2.599541489,2.562150035));
#11610=CARTESIAN_POINT('',(-3.530752568,2.599566155,2.619710978));
#11611=CARTESIAN_POINT('',(-3.332329561,2.599651253,2.818298581));
#11612=CARTESIAN_POINT('',(-3.275,2.599711021,2.95777583));
#11613=CARTESIAN_POINT('',(-3.275,2.599770745,3.097150035));
#11614=ORIENTED_EDGE('',*,*,#10732,.F.);
#11615=ORIENTED_EDGE('',*,*,#11582,.F.);
#11616=CYLINDRICAL_SURFACE('',#11617,0.535);
#11617=AXIS2_PLACEMENT_3D('',#11618,#11619,#11620);
#11618=CARTESIAN_POINT('',(-3.81,4.251,3.097150035));
#11619=DIRECTION('',(9.856383386E-17,-1.0,0.0));
#11620=DIRECTION('',(1.0,9.856383386E-17,0.0));
#11621=ADVANCED_FACE('NONE',(#11622),#11642,.F.);
#11622=FACE_BOUND('NONE',#11623,.T.);
#11623=EDGE_LOOP('',(#11624,#11625,#11626,#11627,#11628,#11641));
#11624=ORIENTED_EDGE('',*,*,#10660,.F.);
#11625=ORIENTED_EDGE('',*,*,#10703,.F.);
#11626=ORIENTED_EDGE('',*,*,#11606,.F.);
#11627=ORIENTED_EDGE('',*,*,#10678,.F.);
#11628=ORIENTED_EDGE('',*,*,#11629,.T.);
#11629=EDGE_CURVE('NONE',#10668,#10557,#11630,.F.);
#11630=B_SPLINE_CURVE_WITH_KNOTS('',3,(#11631,#11632,#11633,#11634,#11635,#11636,#11637,#11638,#11639,#11640),.UNSPECIFIED.,.F.,.U.,(4,2,2,2,4),(0.003743817,0.004134804,0.004525791,0.004916778,0.005307765),.UNSPECIFIED.);
#11631=CARTESIAN_POINT('',(-2.81,2.599571453,3.097150035));
#11632=CARTESIAN_POINT('',(-2.81,2.599515211,2.965911042));
#11633=CARTESIAN_POINT('',(-2.836179361,2.599459108,2.834994952));
#11634=CARTESIAN_POINT('',(-2.936151677,2.59935571,2.593720761));
#11635=CARTESIAN_POINT('',(-3.010761273,2.599307904,2.482167126));
#11636=CARTESIAN_POINT('',(-3.195087129,2.599228919,2.297857421));
#11637=CARTESIAN_POINT('',(-3.306723436,2.599196937,2.223229135));
#11638=CARTESIAN_POINT('',(-3.547813922,2.599154135,2.123351545));
#11639=CARTESIAN_POINT('',(-3.678969851,2.599142907,2.097150035));
#11640=CARTESIAN_POINT('',(-3.81,2.599142907,2.097150035));
#11641=ORIENTED_EDGE('',*,*,#10554,.F.);
#11642=CONICAL_SURFACE('',#11643,1.024292743,1.570367743);
#11643=AXIS2_PLACEMENT_3D('',#11644,#11645,#11646);
#11644=CARTESIAN_POINT('',(-3.81,2.599561005,3.097064392));
#11645=DIRECTION('',(0.0,-0.999999908,4.285833644E-04));
#11646=DIRECTION('',(0.0,-4.285833644E-04,-0.999999908));
#11647=ADVANCED_FACE('NONE',(#11648),#11667,.T.);
#11648=FACE_BOUND('NONE',#11649,.T.);
#11649=EDGE_LOOP('',(#11650,#11660));
#11650=ORIENTED_EDGE('',*,*,#11651,.T.);
#11651=EDGE_CURVE('NONE',#11652,#11654,#11656,.F.);
#11652=VERTEX_POINT('NONE',#11653);
#11653=CARTESIAN_POINT('',(-4.784358763,3.45,2.872150035));
#11654=VERTEX_POINT('NONE',#11655);
#11655=CARTESIAN_POINT('',(-2.835641237,3.45,2.872150035));
#11656=LINE('',#11657,#11658);
#11657=CARTESIAN_POINT('',(-4.81,3.45,2.872150035));
#11658=VECTOR('',#11659,1.0);
#11659=DIRECTION('',(-1.0,-2.168404345E-16,0.0));
#11660=ORIENTED_EDGE('',*,*,#11661,.T.);
#11661=EDGE_CURVE('NONE',#11654,#11652,#11662,.T.);
#11662=CIRCLE('',#11663,1.0);
#11663=AXIS2_PLACEMENT_3D('',#11664,#11665,#11666);
#11664=CARTESIAN_POINT('',(-3.81,3.45,3.097150035));
#11665=DIRECTION('',(-1.104919411E-16,1.0,0.0));
#11666=DIRECTION('',(-1.0,-1.104919411E-16,0.0));
#11667=PLANE('',#11668);
#11668=AXIS2_PLACEMENT_3D('',#11669,#11670,#11671);
#11669=CARTESIAN_POINT('',(-3.81,3.45,3.097150035));
#11670=DIRECTION('',(-1.104919411E-16,1.0,0.0));
#11671=DIRECTION('',(-1.0,-1.104919411E-16,0.0));
#11672=ADVANCED_FACE('NONE',(#11673),#11710,.T.);
#11673=FACE_BOUND('NONE',#11674,.T.);
#11674=EDGE_LOOP('',(#11675,#11676,#11677,#11678,#11679,#11688,#11694,#11695,#11703));
#11675=ORIENTED_EDGE('',*,*,#10569,.F.);
#11676=ORIENTED_EDGE('',*,*,#11629,.F.);
#11677=ORIENTED_EDGE('',*,*,#10667,.F.);
#11678=ORIENTED_EDGE('',*,*,#10620,.F.);
#11679=ORIENTED_EDGE('',*,*,#11680,.T.);
#11680=EDGE_CURVE('NONE',#10612,#11681,#11683,.F.);
#11681=VERTEX_POINT('NONE',#11682);
#11682=CARTESIAN_POINT('',(-4.784358763,3.15,2.872150035));
#11683=CIRCLE('',#11684,1.0);
#11684=AXIS2_PLACEMENT_3D('',#11685,#11686,#11687);
#11685=CARTESIAN_POINT('',(-3.81,3.15,3.097150035));
#11686=DIRECTION('',(-2.168404345E-16,1.0,0.0));
#11687=DIRECTION('',(1.0,2.168404345E-16,6.071532166E-15));
#11688=ORIENTED_EDGE('',*,*,#11689,.T.);
#11689=EDGE_CURVE('NONE',#11681,#11652,#11690,.F.);
#11690=LINE('',#11691,#11692);
#11691=CARTESIAN_POINT('',(-4.784358763,-4.251,2.872150035));
#11692=VECTOR('',#11693,1.0);
#11693=DIRECTION('',(1.104919411E-16,-1.0,0.0));
#11694=ORIENTED_EDGE('',*,*,#11661,.F.);
#11695=ORIENTED_EDGE('',*,*,#11696,.T.);
#11696=EDGE_CURVE('NONE',#11654,#11697,#11699,.F.);
#11697=VERTEX_POINT('NONE',#11698);
#11698=CARTESIAN_POINT('',(-2.835641237,3.15,2.872150035));
#11699=LINE('',#11700,#11701);
#11700=CARTESIAN_POINT('',(-2.835641237,-4.251,2.872150035));
#11701=VECTOR('',#11702,1.0);
#11702=DIRECTION('',(-1.104919411E-16,1.0,0.0));
#11703=ORIENTED_EDGE('',*,*,#11704,.T.);
#11704=EDGE_CURVE('NONE',#11697,#10570,#11705,.F.);
#11705=CIRCLE('',#11706,1.0);
#11706=AXIS2_PLACEMENT_3D('',#11707,#11708,#11709);
#11707=CARTESIAN_POINT('',(-3.81,3.15,3.097150035));
#11708=DIRECTION('',(-2.168404345E-16,1.0,0.0));
#11709=DIRECTION('',(1.0,2.168404345E-16,0.0));
#11710=CYLINDRICAL_SURFACE('',#11711,1.0);
#11711=AXIS2_PLACEMENT_3D('',#11712,#11713,#11714);
#11712=CARTESIAN_POINT('',(-3.81,-4.251,3.097150035));
#11713=DIRECTION('',(-1.104919411E-16,1.0,0.0));
#11714=DIRECTION('',(-1.0,-1.104919411E-16,0.0));
#11715=ADVANCED_FACE('NONE',(#11716),#11727,.F.);
#11716=FACE_BOUND('NONE',#11717,.T.);
#11717=EDGE_LOOP('',(#11718,#11719,#11725,#11726));
#11718=ORIENTED_EDGE('',*,*,#10586,.F.);
#11719=ORIENTED_EDGE('',*,*,#11720,.T.);
#11720=EDGE_CURVE('NONE',#10578,#10604,#11721,.F.);
#11721=LINE('',#11722,#11723);
#11722=CARTESIAN_POINT('',(-4.81,3.15,3.322150035));
#11723=VECTOR('',#11724,1.0);
#11724=DIRECTION('',(1.0,2.168404345E-16,0.0));
#11725=ORIENTED_EDGE('',*,*,#10603,.F.);
#11726=ORIENTED_EDGE('',*,*,#11276,.F.);
#11727=PLANE('',#11728);
#11728=AXIS2_PLACEMENT_3D('',#11729,#11730,#11731);
#11729=CARTESIAN_POINT('',(-4.81,3.15,3.322150035));
#11730=DIRECTION('',(0.0,0.0,1.0));
#11731=DIRECTION('',(1.0,0.0,0.0));
#11732=ADVANCED_FACE('NONE',(#11733),#11744,.F.);
#11733=FACE_BOUND('NONE',#11734,.T.);
#11734=EDGE_LOOP('',(#11735,#11736,#11742,#11743));
#11735=ORIENTED_EDGE('',*,*,#11689,.F.);
#11736=ORIENTED_EDGE('',*,*,#11737,.T.);
#11737=EDGE_CURVE('NONE',#11681,#11697,#11738,.F.);
#11738=LINE('',#11739,#11740);
#11739=CARTESIAN_POINT('',(-4.81,3.15,2.872150035));
#11740=VECTOR('',#11741,1.0);
#11741=DIRECTION('',(-1.0,-2.168404345E-16,0.0));
#11742=ORIENTED_EDGE('',*,*,#11696,.F.);
#11743=ORIENTED_EDGE('',*,*,#11651,.F.);
#11744=PLANE('',#11745);
#11745=AXIS2_PLACEMENT_3D('',#11746,#11747,#11748);
#11746=CARTESIAN_POINT('',(-4.81,3.15,2.872150035));
#11747=DIRECTION('',(0.0,0.0,-1.0));
#11748=DIRECTION('',(-1.0,0.0,0.0));
#11749=ADVANCED_FACE('NONE',(#11750),#11758,.F.);
#11750=FACE_BOUND('NONE',#11751,.T.);
#11751=EDGE_LOOP('',(#11752,#11753,#11754,#11755,#11756,#11757));
#11752=ORIENTED_EDGE('',*,*,#11737,.F.);
#11753=ORIENTED_EDGE('',*,*,#11680,.F.);
#11754=ORIENTED_EDGE('',*,*,#10611,.F.);
#11755=ORIENTED_EDGE('',*,*,#11720,.F.);
#11756=ORIENTED_EDGE('',*,*,#10577,.F.);
#11757=ORIENTED_EDGE('',*,*,#11704,.F.);
#11758=PLANE('',#11759);
#11759=AXIS2_PLACEMENT_3D('',#11760,#11761,#11762);
#11760=CARTESIAN_POINT('',(2.54,3.15,0.0));
#11761=DIRECTION('',(2.168404345E-16,-1.0,0.0));
#11762=DIRECTION('',(1.0,2.168404345E-16,0.0));
#11763=ADVANCED_FACE('NONE',(#11764),#11775,.F.);
#11764=FACE_BOUND('NONE',#11765,.T.);
#11765=EDGE_LOOP('',(#11766,#11767,#11773,#11774));
#11766=ORIENTED_EDGE('',*,*,#11187,.F.);
#11767=ORIENTED_EDGE('',*,*,#11768,.T.);
#11768=EDGE_CURVE('NONE',#11179,#11126,#11769,.F.);
#11769=LINE('',#11770,#11771);
#11770=CARTESIAN_POINT('',(-3.26,-0.996532275,1.039712991));
#11771=VECTOR('',#11772,1.0);
#11772=DIRECTION('',(-1.0,-1.104919411E-16,6.652489415E-16));
#11773=ORIENTED_EDGE('',*,*,#11125,.F.);
#11774=ORIENTED_EDGE('',*,*,#11396,.F.);
#11775=PLANE('',#11776);
#11776=AXIS2_PLACEMENT_3D('',#11777,#11778,#11779);
#11777=CARTESIAN_POINT('',(-3.26,-0.996532275,1.949712991));
#11778=DIRECTION('',(-1.104919411E-16,1.0,1.053148155E-31));
#11779=DIRECTION('',(-1.0,-1.104919411E-16,0.0));
#11780=ADVANCED_FACE('NONE',(#11781),#11787,.F.);
#11781=FACE_BOUND('NONE',#11782,.T.);
#11782=EDGE_LOOP('',(#11783,#11784,#11785,#11786));
#11783=ORIENTED_EDGE('',*,*,#11178,.F.);
#11784=ORIENTED_EDGE('',*,*,#10764,.F.);
#11785=ORIENTED_EDGE('',*,*,#11133,.F.);
#11786=ORIENTED_EDGE('',*,*,#11768,.F.);
#11787=CYLINDRICAL_SURFACE('',#11788,0.04);
#11788=AXIS2_PLACEMENT_3D('',#11789,#11790,#11791);
#11789=CARTESIAN_POINT('',(-3.26,-1.036532275,1.039712991));
#11790=DIRECTION('',(-1.0,-1.104919411E-16,6.652489415E-16));
#11791=DIRECTION('',(6.652489415E-16,7.350464689E-32,1.0));
#11792=ADVANCED_FACE('NONE',(#11793),#11799,.T.);
#11793=FACE_BOUND('NONE',#11794,.T.);
#11794=EDGE_LOOP('',(#11795,#11796,#11797,#11798));
#11795=ORIENTED_EDGE('',*,*,#11260,.F.);
#11796=ORIENTED_EDGE('',*,*,#10934,.F.);
#11797=ORIENTED_EDGE('',*,*,#11051,.F.);
#11798=ORIENTED_EDGE('',*,*,#10804,.F.);
#11799=CYLINDRICAL_SURFACE('',#11800,0.54);
#11800=AXIS2_PLACEMENT_3D('',#11801,#11802,#11803);
#11801=CARTESIAN_POINT('',(-3.26,-4.236532275,2.81));
#11802=DIRECTION('',(-1.0,-1.104919411E-16,6.652489415E-16));
#11803=DIRECTION('',(6.652489415E-16,-1.523283654E-32,1.0));
#11804=ADVANCED_FACE('NONE',(#11805),#11816,.F.);
#11805=FACE_BOUND('NONE',#11806,.T.);
#11806=EDGE_LOOP('',(#11807,#11808,#11814,#11815));
#11807=ORIENTED_EDGE('',*,*,#11245,.F.);
#11808=ORIENTED_EDGE('',*,*,#11809,.T.);
#11809=EDGE_CURVE('NONE',#11238,#11067,#11810,.F.);
#11810=LINE('',#11811,#11812);
#11811=CARTESIAN_POINT('',(-3.26,-4.196532275,2.81));
#11812=VECTOR('',#11813,1.0);
#11813=DIRECTION('',(-1.0,-1.104919411E-16,6.652489415E-16));
#11814=ORIENTED_EDGE('',*,*,#11066,.F.);
#11815=ORIENTED_EDGE('',*,*,#11003,.F.);
#11816=CYLINDRICAL_SURFACE('',#11817,0.04);
#11817=AXIS2_PLACEMENT_3D('',#11818,#11819,#11820);
#11818=CARTESIAN_POINT('',(-3.26,-4.236532275,2.81));
#11819=DIRECTION('',(-1.0,-1.104919411E-16,6.652489415E-16));
#11820=DIRECTION('',(6.652489415E-16,7.350464689E-32,1.0));
#11821=ADVANCED_FACE('NONE',(#11822),#11833,.F.);
#11822=FACE_BOUND('NONE',#11823,.T.);
#11823=EDGE_LOOP('',(#11824,#11825,#11831,#11832));
#11824=ORIENTED_EDGE('',*,*,#11237,.F.);
#11825=ORIENTED_EDGE('',*,*,#11826,.T.);
#11826=EDGE_CURVE('NONE',#11229,#11076,#11827,.F.);
#11827=LINE('',#11828,#11829);
#11828=CARTESIAN_POINT('',(-3.26,-4.196532275,1.039712991));
#11829=VECTOR('',#11830,1.0);
#11830=DIRECTION('',(-1.0,-1.104919411E-16,6.652489415E-16));
#11831=ORIENTED_EDGE('',*,*,#11075,.F.);
#11832=ORIENTED_EDGE('',*,*,#11809,.F.);
#11833=PLANE('',#11834);
#11834=AXIS2_PLACEMENT_3D('',#11835,#11836,#11837);
#11835=CARTESIAN_POINT('',(-3.26,-4.196532275,1.039712991));
#11836=DIRECTION('',(-1.104919411E-16,1.0,1.082722538E-31));
#11837=DIRECTION('',(-1.0,-1.104919411E-16,0.0));
#11838=ADVANCED_FACE('NONE',(#11839),#11850,.T.);
#11839=FACE_BOUND('NONE',#11840,.T.);
#11840=EDGE_LOOP('',(#11841,#11842,#11848,#11849));
#11841=ORIENTED_EDGE('',*,*,#11228,.F.);
#11842=ORIENTED_EDGE('',*,*,#11843,.T.);
#11843=EDGE_CURVE('NONE',#11221,#11084,#11844,.F.);
#11844=LINE('',#11845,#11846);
#11845=CARTESIAN_POINT('',(-3.26,-3.656532275,0.499712991));
#11846=VECTOR('',#11847,1.0);
#11847=DIRECTION('',(-1.0,-1.104919411E-16,6.652489415E-16));
#11848=ORIENTED_EDGE('',*,*,#11083,.F.);
#11849=ORIENTED_EDGE('',*,*,#11826,.F.);
#11850=CYLINDRICAL_SURFACE('',#11851,0.54);
#11851=AXIS2_PLACEMENT_3D('',#11852,#11853,#11854);
#11852=CARTESIAN_POINT('',(-3.26,-3.656532275,1.039712991));
#11853=DIRECTION('',(-1.0,-1.104919411E-16,6.652489415E-16));
#11854=DIRECTION('',(6.652489415E-16,-1.523283654E-32,1.0));
#11855=ADVANCED_FACE('NONE',(#11856),#11867,.F.);
#11856=FACE_BOUND('NONE',#11857,.T.);
#11857=EDGE_LOOP('',(#11858,#11859,#11865,#11866));
#11858=ORIENTED_EDGE('',*,*,#11220,.F.);
#11859=ORIENTED_EDGE('',*,*,#11860,.T.);
#11860=EDGE_CURVE('NONE',#11212,#11093,#11861,.F.);
#11861=LINE('',#11862,#11863);
#11862=CARTESIAN_POINT('',(-3.26,-1.036532275,0.499712991));
#11863=VECTOR('',#11864,1.0);
#11864=DIRECTION('',(-1.0,-1.104919411E-16,6.652489415E-16));
#11865=ORIENTED_EDGE('',*,*,#11092,.F.);
#11866=ORIENTED_EDGE('',*,*,#11843,.F.);
#11867=PLANE('',#11868);
#11868=AXIS2_PLACEMENT_3D('',#11869,#11870,#11871);
#11869=CARTESIAN_POINT('',(-3.26,-1.036532275,0.499712991));
#11870=DIRECTION('',(6.652489415E-16,0.0,1.0));
#11871=DIRECTION('',(1.0,0.0,-6.652489415E-16));
#11872=ADVANCED_FACE('NONE',(#11873),#11884,.T.);
#11873=FACE_BOUND('NONE',#11874,.T.);
#11874=EDGE_LOOP('',(#11875,#11876,#11882,#11883));
#11875=ORIENTED_EDGE('',*,*,#11211,.F.);
#11876=ORIENTED_EDGE('',*,*,#11877,.T.);
#11877=EDGE_CURVE('NONE',#11204,#11101,#11878,.F.);
#11878=LINE('',#11879,#11880);
#11879=CARTESIAN_POINT('',(-3.26,-0.496532275,1.039712991));
#11880=VECTOR('',#11881,1.0);
#11881=DIRECTION('',(-1.0,-1.104919411E-16,6.652489415E-16));
#11882=ORIENTED_EDGE('',*,*,#11100,.F.);
#11883=ORIENTED_EDGE('',*,*,#11860,.F.);
#11884=CYLINDRICAL_SURFACE('',#11885,0.54);
#11885=AXIS2_PLACEMENT_3D('',#11886,#11887,#11888);
#11886=CARTESIAN_POINT('',(-3.26,-1.036532275,1.039712991));
#11887=DIRECTION('',(-1.0,-1.104919411E-16,6.652489415E-16));
#11888=DIRECTION('',(6.652489415E-16,-1.523283654E-32,1.0));
#11889=ADVANCED_FACE('NONE',(#11890),#11896,.F.);
#11890=FACE_BOUND('NONE',#11891,.T.);
#11891=EDGE_LOOP('',(#11892,#11893,#11894,#11895));
#11892=ORIENTED_EDGE('',*,*,#11203,.F.);
#11893=ORIENTED_EDGE('',*,*,#11403,.F.);
#11894=ORIENTED_EDGE('',*,*,#11109,.F.);
#11895=ORIENTED_EDGE('',*,*,#11877,.F.);
#11896=PLANE('',#11897);
#11897=AXIS2_PLACEMENT_3D('',#11898,#11899,#11900);
#11898=CARTESIAN_POINT('',(-3.26,-0.496532275,1.949712991));
#11899=DIRECTION('',(1.104919411E-16,-1.0,-1.053148155E-31));
#11900=DIRECTION('',(1.0,1.104919411E-16,0.0));
#11901=ADVANCED_FACE('NONE',(#11902),#11908,.T.);
#11902=FACE_BOUND('NONE',#11903,.T.);
#11903=EDGE_LOOP('',(#11904,#11905,#11906,#11907));
#11904=ORIENTED_EDGE('',*,*,#10900,.F.);
#11905=ORIENTED_EDGE('',*,*,#11253,.F.);
#11906=ORIENTED_EDGE('',*,*,#10987,.F.);
#11907=ORIENTED_EDGE('',*,*,#10956,.F.);
#11908=PLANE('',#11909);
#11909=AXIS2_PLACEMENT_3D('',#11910,#11911,#11912);
#11910=CARTESIAN_POINT('',(-4.36,-6.55,0.85));
#11911=DIRECTION('',(-0.96,-0.28,6.732004635E-16));
#11912=DIRECTION('',(0.28,-0.96,0.0));
#11913=ADVANCED_FACE('NONE',(#11914),#11920,.T.);
#11914=FACE_BOUND('NONE',#11915,.T.);
#11915=EDGE_LOOP('',(#11916,#11917,#11918,#11919));
#11916=ORIENTED_EDGE('',*,*,#10918,.F.);
#11917=ORIENTED_EDGE('',*,*,#10972,.F.);
#11918=ORIENTED_EDGE('',*,*,#11019,.F.);
#11919=ORIENTED_EDGE('',*,*,#11059,.F.);
#11920=PLANE('',#11921);
#11921=AXIS2_PLACEMENT_3D('',#11922,#11923,#11924);
#11922=CARTESIAN_POINT('',(-3.26,-6.55,0.85));
#11923=DIRECTION('',(0.96,-0.28,-6.040775042E-16));
#11924=DIRECTION('',(0.28,0.96,0.0));
#11925=ADVANCED_FACE('NONE',(#11926),#11937,.F.);
#11926=FACE_BOUND('NONE',#11927,.T.);
#11927=EDGE_LOOP('',(#11928,#11929,#11930,#11936));
#11928=ORIENTED_EDGE('',*,*,#10860,.F.);
#11929=ORIENTED_EDGE('',*,*,#11472,.F.);
#11930=ORIENTED_EDGE('',*,*,#11931,.T.);
#11931=EDGE_CURVE('NONE',#11465,#11436,#11932,.F.);
#11932=LINE('',#11933,#11934);
#11933=CARTESIAN_POINT('',(-2.77,-3.25,5.149712991));
#11934=VECTOR('',#11935,1.0);
#11935=DIRECTION('',(-1.0,-2.085004178E-16,0.0));
#11936=ORIENTED_EDGE('',*,*,#11435,.F.);
#11937=PLANE('',#11938);
#11938=AXIS2_PLACEMENT_3D('',#11939,#11940,#11941);
#11939=CARTESIAN_POINT('',(-2.77,-3.25,5.149712991));
#11940=DIRECTION('',(2.085004178E-16,-1.0,0.0));
#11941=DIRECTION('',(1.0,2.085004178E-16,0.0));
#11942=ADVANCED_FACE('NONE',(#11943),#11949,.T.);
#11943=FACE_BOUND('NONE',#11944,.T.);
#11944=EDGE_LOOP('',(#11945,#11946,#11947,#11948));
#11945=ORIENTED_EDGE('',*,*,#11443,.F.);
#11946=ORIENTED_EDGE('',*,*,#11931,.F.);
#11947=ORIENTED_EDGE('',*,*,#11464,.F.);
#11948=ORIENTED_EDGE('',*,*,#11382,.F.);
#11949=PLANE('',#11950);
#11950=AXIS2_PLACEMENT_3D('',#11951,#11952,#11953);
#11951=CARTESIAN_POINT('',(2.54,0.0,5.149712991));
#11952=DIRECTION('',(0.0,0.0,1.0));
#11953=DIRECTION('',(1.0,0.0,0.0));
#11954=ADVANCED_FACE('NONE',(#11955),#11980,.F.);
#11955=FACE_BOUND('NONE',#11956,.T.);
#11956=EDGE_LOOP('',(#11957,#11965,#11966,#11974));
#11957=ORIENTED_EDGE('',*,*,#11958,.T.);
#11958=EDGE_CURVE('NONE',#11959,#11164,#11961,.T.);
#11959=VERTEX_POINT('NONE',#11960);
#11960=CARTESIAN_POINT('',(-4.85,-3.25,0.9));
#11961=LINE('',#11962,#11963);
#11962=CARTESIAN_POINT('',(-4.85,-3.25,0.9));
#11963=VECTOR('',#11964,1.0);
#11964=DIRECTION('',(1.0,0.0,1.042502089E-16));
#11965=ORIENTED_EDGE('',*,*,#11163,.F.);
#11966=ORIENTED_EDGE('',*,*,#11967,.T.);
#11967=EDGE_CURVE('NONE',#11156,#11968,#11970,.F.);
#11968=VERTEX_POINT('NONE',#11969);
#11969=CARTESIAN_POINT('',(-4.85,-3.696532275,0.9));
#11970=LINE('',#11971,#11972);
#11971=CARTESIAN_POINT('',(-4.85,-3.696532275,0.9));
#11972=VECTOR('',#11973,1.0);
#11973=DIRECTION('',(1.0,0.0,1.042502089E-16));
#11974=ORIENTED_EDGE('',*,*,#11975,.T.);
#11975=EDGE_CURVE('NONE',#11968,#11959,#11976,.T.);
#11976=LINE('',#11977,#11978);
#11977=CARTESIAN_POINT('',(-4.85,-3.696532275,0.9));
#11978=VECTOR('',#11979,1.0);
#11979=DIRECTION('',(0.0,1.0,0.0));
#11980=PLANE('',#11981);
#11981=AXIS2_PLACEMENT_3D('',#11982,#11983,#11984);
#11982=CARTESIAN_POINT('',(-4.85,-3.696532275,0.9));
#11983=DIRECTION('',(-1.042502089E-16,0.0,1.0));
#11984=DIRECTION('',(1.0,0.0,1.042502089E-16));
#11985=ADVANCED_FACE('NONE',(#11986),#12004,.T.);
#11986=FACE_BOUND('NONE',#11987,.T.);
#11987=EDGE_LOOP('',(#11988,#11989,#11997,#12003));
#11988=ORIENTED_EDGE('',*,*,#11155,.F.);
#11989=ORIENTED_EDGE('',*,*,#11990,.T.);
#11990=EDGE_CURVE('NONE',#10789,#11991,#11993,.T.);
#11991=VERTEX_POINT('NONE',#11992);
#11992=CARTESIAN_POINT('',(-4.85,-3.696532275,1.549571274));
#11993=LINE('',#11994,#11995);
#11994=CARTESIAN_POINT('',(-2.77,-3.696532275,1.549571274));
#11995=VECTOR('',#11996,1.0);
#11996=DIRECTION('',(-1.0,0.0,0.0));
#11997=ORIENTED_EDGE('',*,*,#11998,.T.);
#11998=EDGE_CURVE('NONE',#11991,#11968,#11999,.T.);
#11999=LINE('',#12000,#12001);
#12000=CARTESIAN_POINT('',(-4.85,-3.696532275,1.549571274));
#12001=VECTOR('',#12002,1.0);
#12002=DIRECTION('',(-1.335283398E-15,0.0,-1.0));
#12003=ORIENTED_EDGE('',*,*,#11967,.F.);
#12004=PLANE('',#12005);
#12005=AXIS2_PLACEMENT_3D('',#12006,#12007,#12008);
#12006=CARTESIAN_POINT('',(2.54,-3.696532275,0.0));
#12007=DIRECTION('',(0.0,-1.0,0.0));
#12008=DIRECTION('',(0.0,0.0,-1.0));
#12009=ADVANCED_FACE('NONE',(#12010),#12035,.F.);
#12010=FACE_BOUND('NONE',#12011,.T.);
#12011=EDGE_LOOP('',(#12012,#12013,#12021,#12029));
#12012=ORIENTED_EDGE('',*,*,#11034,.F.);
#12013=ORIENTED_EDGE('',*,*,#12014,.T.);
#12014=EDGE_CURVE('NONE',#11035,#12015,#12017,.T.);
#12015=VERTEX_POINT('NONE',#12016);
#12016=CARTESIAN_POINT('',(-2.77,-3.25,0.9));
#12017=LINE('',#12018,#12019);
#12018=CARTESIAN_POINT('',(-4.85,-3.25,0.9));
#12019=VECTOR('',#12020,1.0);
#12020=DIRECTION('',(1.0,0.0,1.042502089E-16));
#12021=ORIENTED_EDGE('',*,*,#12022,.T.);
#12022=EDGE_CURVE('NONE',#12015,#12023,#12025,.F.);
#12023=VERTEX_POINT('NONE',#12024);
#12024=CARTESIAN_POINT('',(-2.77,-3.696532275,0.9));
#12025=LINE('',#12026,#12027);
#12026=CARTESIAN_POINT('',(-2.77,-3.696532275,0.9));
#12027=VECTOR('',#12028,1.0);
#12028=DIRECTION('',(0.0,1.0,0.0));
#12029=ORIENTED_EDGE('',*,*,#12030,.T.);
#12030=EDGE_CURVE('NONE',#12023,#11037,#12031,.F.);
#12031=LINE('',#12032,#12033);
#12032=CARTESIAN_POINT('',(-4.85,-3.696532275,0.9));
#12033=VECTOR('',#12034,1.0);
#12034=DIRECTION('',(1.0,0.0,1.042502089E-16));
#12035=PLANE('',#12036);
#12036=AXIS2_PLACEMENT_3D('',#12037,#12038,#12039);
#12037=CARTESIAN_POINT('',(-4.85,-3.696532275,0.9));
#12038=DIRECTION('',(-1.042502089E-16,0.0,1.0));
#12039=DIRECTION('',(1.0,0.0,1.042502089E-16));
#12040=ADVANCED_FACE('NONE',(#12041),#12066,.F.);
#12041=FACE_BOUND('NONE',#12042,.T.);
#12042=EDGE_LOOP('',(#12043,#12051,#12059,#12065));
#12043=ORIENTED_EDGE('',*,*,#12044,.T.);
#12044=EDGE_CURVE('NONE',#12015,#12045,#12047,.T.);
#12045=VERTEX_POINT('NONE',#12046);
#12046=CARTESIAN_POINT('',(-2.77,-3.25,1.549571274));
#12047=LINE('',#12048,#12049);
#12048=CARTESIAN_POINT('',(-2.77,-3.25,0.9));
#12049=VECTOR('',#12050,1.0);
#12050=DIRECTION('',(0.0,0.0,1.0));
#12051=ORIENTED_EDGE('',*,*,#12052,.T.);
#12052=EDGE_CURVE('NONE',#12045,#12053,#12055,.F.);
#12053=VERTEX_POINT('NONE',#12054);
#12054=CARTESIAN_POINT('',(-2.77,-3.696532275,1.549571274));
#12055=LINE('',#12056,#12057);
#12056=CARTESIAN_POINT('',(-2.77,-3.696532275,1.549571274));
#12057=VECTOR('',#12058,1.0);
#12058=DIRECTION('',(0.0,1.0,0.0));
#12059=ORIENTED_EDGE('',*,*,#12060,.T.);
#12060=EDGE_CURVE('NONE',#12053,#12023,#12061,.F.);
#12061=LINE('',#12062,#12063);
#12062=CARTESIAN_POINT('',(-2.77,-3.696532275,0.9));
#12063=VECTOR('',#12064,1.0);
#12064=DIRECTION('',(0.0,0.0,1.0));
#12065=ORIENTED_EDGE('',*,*,#12022,.F.);
#12066=PLANE('',#12067);
#12067=AXIS2_PLACEMENT_3D('',#12068,#12069,#12070);
#12068=CARTESIAN_POINT('',(-2.77,-3.696532275,0.9));
#12069=DIRECTION('',(-1.0,0.0,0.0));
#12070=DIRECTION('',(0.0,0.0,1.0));
#12071=ADVANCED_FACE('NONE',(#12072),#12097,.F.);
#12072=FACE_BOUND('NONE',#12073,.T.);
#12073=EDGE_LOOP('',(#12074,#12082,#12088,#12089,#12090,#12096));
#12074=ORIENTED_EDGE('',*,*,#12075,.T.);
#12075=EDGE_CURVE('NONE',#12045,#12076,#12078,.T.);
#12076=VERTEX_POINT('NONE',#12077);
#12077=CARTESIAN_POINT('',(-4.85,-3.25,1.549571274));
#12078=LINE('',#12079,#12080);
#12079=CARTESIAN_POINT('',(-2.77,-3.25,1.549571274));
#12080=VECTOR('',#12081,1.0);
#12081=DIRECTION('',(-1.0,0.0,0.0));
#12082=ORIENTED_EDGE('',*,*,#12083,.T.);
#12083=EDGE_CURVE('NONE',#12076,#11991,#12084,.F.);
#12084=LINE('',#12085,#12086);
#12085=CARTESIAN_POINT('',(-4.85,-3.696532275,1.549571274));
#12086=VECTOR('',#12087,1.0);
#12087=DIRECTION('',(0.0,1.0,0.0));
#12088=ORIENTED_EDGE('',*,*,#11990,.F.);
#12089=ORIENTED_EDGE('',*,*,#10786,.F.);
#12090=ORIENTED_EDGE('',*,*,#12091,.T.);
#12091=EDGE_CURVE('NONE',#10787,#12053,#12092,.F.);
#12092=LINE('',#12093,#12094);
#12093=CARTESIAN_POINT('',(-2.77,-3.696532275,1.549571274));
#12094=VECTOR('',#12095,1.0);
#12095=DIRECTION('',(-1.0,0.0,0.0));
#12096=ORIENTED_EDGE('',*,*,#12052,.F.);
#12097=PLANE('',#12098);
#12098=AXIS2_PLACEMENT_3D('',#12099,#12100,#12101);
#12099=CARTESIAN_POINT('',(-2.77,-3.696532275,1.549571274));
#12100=DIRECTION('',(0.0,0.0,-1.0));
#12101=DIRECTION('',(-1.0,0.0,0.0));
#12102=ADVANCED_FACE('NONE',(#12103),#12114,.F.);
#12103=FACE_BOUND('NONE',#12104,.T.);
#12104=EDGE_LOOP('',(#12105,#12111,#12112,#12113));
#12105=ORIENTED_EDGE('',*,*,#12106,.T.);
#12106=EDGE_CURVE('NONE',#12076,#11959,#12107,.T.);
#12107=LINE('',#12108,#12109);
#12108=CARTESIAN_POINT('',(-4.85,-3.25,1.549571274));
#12109=VECTOR('',#12110,1.0);
#12110=DIRECTION('',(-1.335283398E-15,0.0,-1.0));
#12111=ORIENTED_EDGE('',*,*,#11975,.F.);
#12112=ORIENTED_EDGE('',*,*,#11998,.F.);
#12113=ORIENTED_EDGE('',*,*,#12083,.F.);
#12114=PLANE('',#12115);
#12115=AXIS2_PLACEMENT_3D('',#12116,#12117,#12118);
#12116=CARTESIAN_POINT('',(-4.85,-3.696532275,1.549571274));
#12117=DIRECTION('',(1.0,0.0,-1.335283398E-15));
#12118=DIRECTION('',(-1.335283398E-15,0.0,-1.0));
#12119=ADVANCED_FACE('NONE',(#12120),#12126,.T.);
#12120=FACE_BOUND('NONE',#12121,.T.);
#12121=EDGE_LOOP('',(#12122,#12123,#12124,#12125));
#12122=ORIENTED_EDGE('',*,*,#12091,.F.);
#12123=ORIENTED_EDGE('',*,*,#11044,.F.);
#12124=ORIENTED_EDGE('',*,*,#12030,.F.);
#12125=ORIENTED_EDGE('',*,*,#12060,.F.);
#12126=PLANE('',#12127);
#12127=AXIS2_PLACEMENT_3D('',#12128,#12129,#12130);
#12128=CARTESIAN_POINT('',(2.54,-3.696532275,0.0));
#12129=DIRECTION('',(0.0,-1.0,0.0));
#12130=DIRECTION('',(0.0,0.0,-1.0));
#12131=ADVANCED_FACE('NONE',(#12132),#12142,.F.);
#12132=FACE_BOUND('NONE',#12133,.T.);
#12133=EDGE_LOOP('',(#12134,#12135,#12136,#12137,#12138,#12139,#12140,#12141));
#12134=ORIENTED_EDGE('',*,*,#11141,.F.);
#12135=ORIENTED_EDGE('',*,*,#10746,.F.);
#12136=ORIENTED_EDGE('',*,*,#11171,.F.);
#12137=ORIENTED_EDGE('',*,*,#11958,.F.);
#12138=ORIENTED_EDGE('',*,*,#12106,.F.);
#12139=ORIENTED_EDGE('',*,*,#12075,.F.);
#12140=ORIENTED_EDGE('',*,*,#12044,.F.);
#12141=ORIENTED_EDGE('',*,*,#12014,.F.);
#12142=PLANE('',#12143);
#12143=AXIS2_PLACEMENT_3D('',#12144,#12145,#12146);
#12144=CARTESIAN_POINT('',(2.54,-3.25,0.0));
#12145=DIRECTION('',(0.0,-1.0,0.0));
#12146=DIRECTION('',(0.0,0.0,-1.0));
#12147=ADVANCED_FACE('NONE',(#12148),#12173,.T.);
#12148=FACE_BOUND('NONE',#12149,.T.);
#12149=EDGE_LOOP('',(#12150,#12158,#12159,#12167));
#12150=ORIENTED_EDGE('',*,*,#12151,.T.);
#12151=EDGE_CURVE('NONE',#12152,#10837,#12154,.F.);
#12152=VERTEX_POINT('NONE',#12153);
#12153=CARTESIAN_POINT('',(-4.49,-1.07,5.35));
#12154=LINE('',#12155,#12156);
#12155=CARTESIAN_POINT('',(-4.49,-1.07,2.441274629));
#12156=VECTOR('',#12157,1.0);
#12157=DIRECTION('',(0.0,0.0,1.0));
#12158=ORIENTED_EDGE('',*,*,#10836,.F.);
#12159=ORIENTED_EDGE('',*,*,#12160,.T.);
#12160=EDGE_CURVE('NONE',#10829,#12161,#12163,.T.);
#12161=VERTEX_POINT('NONE',#12162);
#12162=CARTESIAN_POINT('',(-4.49,-2.81,5.35));
#12163=LINE('',#12164,#12165);
#12164=CARTESIAN_POINT('',(-4.49,-2.81,2.441274629));
#12165=VECTOR('',#12166,1.0);
#12166=DIRECTION('',(0.0,0.0,1.0));
#12167=ORIENTED_EDGE('',*,*,#12168,.T.);
#12168=EDGE_CURVE('NONE',#12161,#12152,#12169,.F.);
#12169=LINE('',#12170,#12171);
#12170=CARTESIAN_POINT('',(-4.49,-1.07,5.35));
#12171=VECTOR('',#12172,1.0);
#12172=DIRECTION('',(0.0,-1.0,0.0));
#12173=PLANE('',#12174);
#12174=AXIS2_PLACEMENT_3D('',#12175,#12176,#12177);
#12175=CARTESIAN_POINT('',(-4.49,-1.07,2.441274629));
#12176=DIRECTION('',(-1.0,0.0,0.0));
#12177=DIRECTION('',(0.0,0.0,1.0));
#12178=ADVANCED_FACE('NONE',(#12179),#12197,.T.);
#12179=FACE_BOUND('NONE',#12180,.T.);
#12180=EDGE_LOOP('',(#12181,#12189,#12190,#12191));
#12181=ORIENTED_EDGE('',*,*,#12182,.T.);
#12182=EDGE_CURVE('NONE',#12183,#10845,#12185,.F.);
#12183=VERTEX_POINT('NONE',#12184);
#12184=CARTESIAN_POINT('',(-3.13,-1.07,5.35));
#12185=LINE('',#12186,#12187);
#12186=CARTESIAN_POINT('',(-3.13,-1.07,2.441274629));
#12187=VECTOR('',#12188,1.0);
#12188=DIRECTION('',(0.0,0.0,1.0));
#12189=ORIENTED_EDGE('',*,*,#10844,.F.);
#12190=ORIENTED_EDGE('',*,*,#12151,.F.);
#12191=ORIENTED_EDGE('',*,*,#12192,.T.);
#12192=EDGE_CURVE('NONE',#12152,#12183,#12193,.F.);
#12193=LINE('',#12194,#12195);
#12194=CARTESIAN_POINT('',(-4.49,-1.07,5.35));
#12195=VECTOR('',#12196,1.0);
#12196=DIRECTION('',(-1.0,0.0,0.0));
#12197=PLANE('',#12198);
#12198=AXIS2_PLACEMENT_3D('',#12199,#12200,#12201);
#12199=CARTESIAN_POINT('',(-4.49,-1.07,2.441274629));
#12200=DIRECTION('',(0.0,1.0,0.0));
#12201=DIRECTION('',(0.0,0.0,1.0));
#12202=ADVANCED_FACE('NONE',(#12203),#12221,.T.);
#12203=FACE_BOUND('NONE',#12204,.T.);
#12204=EDGE_LOOP('',(#12205,#12213,#12214,#12215));
#12205=ORIENTED_EDGE('',*,*,#12206,.T.);
#12206=EDGE_CURVE('NONE',#12207,#10827,#12209,.F.);
#12207=VERTEX_POINT('NONE',#12208);
#12208=CARTESIAN_POINT('',(-3.13,-2.81,5.35));
#12209=LINE('',#12210,#12211);
#12210=CARTESIAN_POINT('',(-3.13,-2.81,2.441274629));
#12211=VECTOR('',#12212,1.0);
#12212=DIRECTION('',(0.0,0.0,1.0));
#12213=ORIENTED_EDGE('',*,*,#10852,.F.);
#12214=ORIENTED_EDGE('',*,*,#12182,.F.);
#12215=ORIENTED_EDGE('',*,*,#12216,.T.);
#12216=EDGE_CURVE('NONE',#12183,#12207,#12217,.F.);
#12217=LINE('',#12218,#12219);
#12218=CARTESIAN_POINT('',(-3.13,-1.07,5.35));
#12219=VECTOR('',#12220,1.0);
#12220=DIRECTION('',(0.0,1.0,0.0));
#12221=PLANE('',#12222);
#12222=AXIS2_PLACEMENT_3D('',#12223,#12224,#12225);
#12223=CARTESIAN_POINT('',(-3.13,-1.07,2.441274629));
#12224=DIRECTION('',(1.0,0.0,0.0));
#12225=DIRECTION('',(0.0,0.0,-1.0));
#12226=ADVANCED_FACE('NONE',(#12227),#12238,.T.);
#12227=FACE_BOUND('NONE',#12228,.T.);
#12228=EDGE_LOOP('',(#12229,#12230,#12231,#12232));
#12229=ORIENTED_EDGE('',*,*,#12160,.F.);
#12230=ORIENTED_EDGE('',*,*,#10826,.F.);
#12231=ORIENTED_EDGE('',*,*,#12206,.F.);
#12232=ORIENTED_EDGE('',*,*,#12233,.T.);
#12233=EDGE_CURVE('NONE',#12207,#12161,#12234,.F.);
#12234=LINE('',#12235,#12236);
#12235=CARTESIAN_POINT('',(-4.49,-2.81,5.35));
#12236=VECTOR('',#12237,1.0);
#12237=DIRECTION('',(1.0,0.0,0.0));
#12238=PLANE('',#12239);
#12239=AXIS2_PLACEMENT_3D('',#12240,#12241,#12242);
#12240=CARTESIAN_POINT('',(-4.49,-2.81,2.441274629));
#12241=DIRECTION('',(0.0,-1.0,0.0));
#12242=DIRECTION('',(0.0,0.0,-1.0));
#12243=ADVANCED_FACE('NONE',(#12244),#12278,.F.);
#12244=FACE_BOUND('NONE',#12245,.T.);
#12245=EDGE_LOOP('',(#12246,#12256,#12264,#12272));
#12246=ORIENTED_EDGE('',*,*,#12247,.T.);
#12247=EDGE_CURVE('NONE',#12248,#12250,#12252,.F.);
#12248=VERTEX_POINT('NONE',#12249);
#12249=CARTESIAN_POINT('',(-4.41,-2.73,4.649712991));
#12250=VERTEX_POINT('NONE',#12251);
#12251=CARTESIAN_POINT('',(-4.41,-1.15,4.649712991));
#12252=LINE('',#12253,#12254);
#12253=CARTESIAN_POINT('',(-4.41,-1.15,4.649712991));
#12254=VECTOR('',#12255,1.0);
#12255=DIRECTION('',(0.0,-1.0,0.0));
#12256=ORIENTED_EDGE('',*,*,#12257,.T.);
#12257=EDGE_CURVE('NONE',#12250,#12258,#12260,.T.);
#12258=VERTEX_POINT('NONE',#12259);
#12259=CARTESIAN_POINT('',(-4.41,-1.15,5.35));
#12260=LINE('',#12261,#12262);
#12261=CARTESIAN_POINT('',(-4.41,-1.15,2.441274629));
#12262=VECTOR('',#12263,1.0);
#12263=DIRECTION('',(0.0,0.0,1.0));
#12264=ORIENTED_EDGE('',*,*,#12265,.T.);
#12265=EDGE_CURVE('NONE',#12258,#12266,#12268,.T.);
#12266=VERTEX_POINT('NONE',#12267);
#12267=CARTESIAN_POINT('',(-4.41,-2.73,5.35));
#12268=LINE('',#12269,#12270);
#12269=CARTESIAN_POINT('',(-4.41,-1.15,5.35));
#12270=VECTOR('',#12271,1.0);
#12271=DIRECTION('',(0.0,-1.0,0.0));
#12272=ORIENTED_EDGE('',*,*,#12273,.T.);
#12273=EDGE_CURVE('NONE',#12266,#12248,#12274,.F.);
#12274=LINE('',#12275,#12276);
#12275=CARTESIAN_POINT('',(-4.41,-2.73,2.441274629));
#12276=VECTOR('',#12277,1.0);
#12277=DIRECTION('',(0.0,0.0,1.0));
#12278=PLANE('',#12279);
#12279=AXIS2_PLACEMENT_3D('',#12280,#12281,#12282);
#12280=CARTESIAN_POINT('',(-4.41,-1.15,2.441274629));
#12281=DIRECTION('',(-1.0,0.0,0.0));
#12282=DIRECTION('',(0.0,0.0,1.0));
#12283=ADVANCED_FACE('NONE',(#12284),#12309,.F.);
#12284=FACE_BOUND('NONE',#12285,.T.);
#12285=EDGE_LOOP('',(#12286,#12294,#12302,#12308));
#12286=ORIENTED_EDGE('',*,*,#12287,.T.);
#12287=EDGE_CURVE('NONE',#12250,#12288,#12290,.F.);
#12288=VERTEX_POINT('NONE',#12289);
#12289=CARTESIAN_POINT('',(-3.21,-1.15,4.649712991));
#12290=LINE('',#12291,#12292);
#12291=CARTESIAN_POINT('',(-4.41,-1.15,4.649712991));
#12292=VECTOR('',#12293,1.0);
#12293=DIRECTION('',(-1.0,0.0,6.652489415E-16));
#12294=ORIENTED_EDGE('',*,*,#12295,.T.);
#12295=EDGE_CURVE('NONE',#12288,#12296,#12298,.T.);
#12296=VERTEX_POINT('NONE',#12297);
#12297=CARTESIAN_POINT('',(-3.21,-1.15,5.35));
#12298=LINE('',#12299,#12300);
#12299=CARTESIAN_POINT('',(-3.21,-1.15,2.441274629));
#12300=VECTOR('',#12301,1.0);
#12301=DIRECTION('',(0.0,0.0,1.0));
#12302=ORIENTED_EDGE('',*,*,#12303,.T.);
#12303=EDGE_CURVE('NONE',#12296,#12258,#12304,.T.);
#12304=LINE('',#12305,#12306);
#12305=CARTESIAN_POINT('',(-4.41,-1.15,5.35));
#12306=VECTOR('',#12307,1.0);
#12307=DIRECTION('',(-1.0,0.0,0.0));
#12308=ORIENTED_EDGE('',*,*,#12257,.F.);
#12309=PLANE('',#12310);
#12310=AXIS2_PLACEMENT_3D('',#12311,#12312,#12313);
#12311=CARTESIAN_POINT('',(-4.41,-1.15,2.441274629));
#12312=DIRECTION('',(0.0,1.0,0.0));
#12313=DIRECTION('',(0.0,0.0,1.0));
#12314=ADVANCED_FACE('NONE',(#12315),#12340,.F.);
#12315=FACE_BOUND('NONE',#12316,.T.);
#12316=EDGE_LOOP('',(#12317,#12325,#12333,#12339));
#12317=ORIENTED_EDGE('',*,*,#12318,.T.);
#12318=EDGE_CURVE('NONE',#12288,#12319,#12321,.F.);
#12319=VERTEX_POINT('NONE',#12320);
#12320=CARTESIAN_POINT('',(-3.21,-2.73,4.649712991));
#12321=LINE('',#12322,#12323);
#12322=CARTESIAN_POINT('',(-3.21,-1.15,4.649712991));
#12323=VECTOR('',#12324,1.0);
#12324=DIRECTION('',(0.0,1.0,0.0));
#12325=ORIENTED_EDGE('',*,*,#12326,.T.);
#12326=EDGE_CURVE('NONE',#12319,#12327,#12329,.T.);
#12327=VERTEX_POINT('NONE',#12328);
#12328=CARTESIAN_POINT('',(-3.21,-2.73,5.35));
#12329=LINE('',#12330,#12331);
#12330=CARTESIAN_POINT('',(-3.21,-2.73,2.441274629));
#12331=VECTOR('',#12332,1.0);
#12332=DIRECTION('',(0.0,0.0,1.0));
#12333=ORIENTED_EDGE('',*,*,#12334,.T.);
#12334=EDGE_CURVE('NONE',#12327,#12296,#12335,.T.);
#12335=LINE('',#12336,#12337);
#12336=CARTESIAN_POINT('',(-3.21,-1.15,5.35));
#12337=VECTOR('',#12338,1.0);
#12338=DIRECTION('',(0.0,1.0,0.0));
#12339=ORIENTED_EDGE('',*,*,#12295,.F.);
#12340=PLANE('',#12341);
#12341=AXIS2_PLACEMENT_3D('',#12342,#12343,#12344);
#12342=CARTESIAN_POINT('',(-3.21,-1.15,2.441274629));
#12343=DIRECTION('',(1.0,0.0,0.0));
#12344=DIRECTION('',(0.0,0.0,-1.0));
#12345=ADVANCED_FACE('NONE',(#12346),#12362,.F.);
#12346=FACE_BOUND('NONE',#12347,.T.);
#12347=EDGE_LOOP('',(#12348,#12354,#12355,#12361));
#12348=ORIENTED_EDGE('',*,*,#12349,.T.);
#12349=EDGE_CURVE('NONE',#12319,#12248,#12350,.F.);
#12350=LINE('',#12351,#12352);
#12351=CARTESIAN_POINT('',(-4.41,-2.73,4.649712991));
#12352=VECTOR('',#12353,1.0);
#12353=DIRECTION('',(1.0,0.0,-6.652489415E-16));
#12354=ORIENTED_EDGE('',*,*,#12273,.F.);
#12355=ORIENTED_EDGE('',*,*,#12356,.T.);
#12356=EDGE_CURVE('NONE',#12266,#12327,#12357,.T.);
#12357=LINE('',#12358,#12359);
#12358=CARTESIAN_POINT('',(-4.41,-2.73,5.35));
#12359=VECTOR('',#12360,1.0);
#12360=DIRECTION('',(1.0,0.0,0.0));
#12361=ORIENTED_EDGE('',*,*,#12326,.F.);
#12362=PLANE('',#12363);
#12363=AXIS2_PLACEMENT_3D('',#12364,#12365,#12366);
#12364=CARTESIAN_POINT('',(-4.41,-2.73,2.441274629));
#12365=DIRECTION('',(0.0,-1.0,0.0));
#12366=DIRECTION('',(0.0,0.0,-1.0));
#12367=ADVANCED_FACE('NONE',(#12368,#12374),#12380,.T.);
#12368=FACE_BOUND('NONE',#12369,.T.);
#12369=EDGE_LOOP('',(#12370,#12371,#12372,#12373));
#12370=ORIENTED_EDGE('',*,*,#12265,.F.);
#12371=ORIENTED_EDGE('',*,*,#12303,.F.);
#12372=ORIENTED_EDGE('',*,*,#12334,.F.);
#12373=ORIENTED_EDGE('',*,*,#12356,.F.);
#12374=FACE_BOUND('NONE',#12375,.T.);
#12375=EDGE_LOOP('',(#12376,#12377,#12378,#12379));
#12376=ORIENTED_EDGE('',*,*,#12168,.F.);
#12377=ORIENTED_EDGE('',*,*,#12233,.F.);
#12378=ORIENTED_EDGE('',*,*,#12216,.F.);
#12379=ORIENTED_EDGE('',*,*,#12192,.F.);
#12380=PLANE('',#12381);
#12381=AXIS2_PLACEMENT_3D('',#12382,#12383,#12384);
#12382=CARTESIAN_POINT('',(2.54,0.0,5.35));
#12383=DIRECTION('',(0.0,0.0,1.0));
#12384=DIRECTION('',(1.0,0.0,0.0));
#12385=ADVANCED_FACE('NONE',(#12386),#12392,.F.);
#12386=FACE_BOUND('NONE',#12387,.T.);
#12387=EDGE_LOOP('',(#12388,#12389,#12390,#12391));
#12388=ORIENTED_EDGE('',*,*,#12247,.F.);
#12389=ORIENTED_EDGE('',*,*,#12349,.F.);
#12390=ORIENTED_EDGE('',*,*,#12318,.F.);
#12391=ORIENTED_EDGE('',*,*,#12287,.F.);
#12392=PLANE('',#12393);
#12393=AXIS2_PLACEMENT_3D('',#12394,#12395,#12396);
#12394=CARTESIAN_POINT('',(-2.77,-3.58,4.649712991));
#12395=DIRECTION('',(-6.652489415E-16,0.0,-1.0));
#12396=DIRECTION('',(-1.0,0.0,6.652489415E-16));
#12397=MANIFOLD_SOLID_BREP('LPattern6[2]',#12398);
#12398=CLOSED_SHELL('NONE',(#12399,#12492,#12548,#12591,#12631,#12671,#12745,#12801,#12832,#12879,#13000,#13121,#13136,#13201,#13241,#13279,#13305,#13331,#13362,#13386,#13410,#13427,#13449,#13470,#13496,#13521,#13564,#13581,#13598,#13612,#13629,#13641,#13653,#13670,#13687,#13704,#13721,#13738,#13750,#13762,#13774,#13791,#13803,#13834,#13858,#13889,#13920,#13951,#13968,#13980,#13996,#14027,#14051,#14075,#14092,#14132,#14163,#14194,#14216,#14234));
#12399=ADVANCED_FACE('NONE',(#12400),#12487,.T.);
#12400=FACE_BOUND('NONE',#12401,.T.);
#12401=EDGE_LOOP('',(#12402,#12417,#12425,#12434,#12442,#12451,#12459,#12468,#12476));
#12402=ORIENTED_EDGE('',*,*,#12403,.T.);
#12403=EDGE_CURVE('NONE',#12404,#12406,#12408,.T.);
#12404=VERTEX_POINT('NONE',#12405);
#12405=CARTESIAN_POINT('',(-1.27,2.6,4.097150035));
#12406=VERTEX_POINT('NONE',#12407);
#12407=CARTESIAN_POINT('',(-0.27,2.599571453,3.097150035));
#12408=B_SPLINE_CURVE_WITH_KNOTS('',3,(#12409,#12410,#12411,#12412,#12413,#12414,#12415,#12416),.UNSPECIFIED.,.F.,.U.,(4,2,2,4),(0.002180736,0.002571506,0.002962276,0.003743817),.UNSPECIFIED.);
#12409=CARTESIAN_POINT('',(-1.27,2.6,4.097150035));
#12410=CARTESIAN_POINT('',(-1.139743086,2.6,4.097150035));
#12411=CARTESIAN_POINT('',(-1.00812699,2.599988805,4.07102761));
#12412=CARTESIAN_POINT('',(-0.76707184,2.599946053,3.971265743));
#12413=CARTESIAN_POINT('',(-0.655902883,2.599914305,3.89718291));
#12414=CARTESIAN_POINT('',(-0.377829191,2.599795244,3.6193595));
#12415=CARTESIAN_POINT('',(-0.27,2.599683875,3.359482323));
#12416=CARTESIAN_POINT('',(-0.27,2.599571453,3.097150035));
#12417=ORIENTED_EDGE('',*,*,#12418,.T.);
#12418=EDGE_CURVE('NONE',#12406,#12419,#12421,.T.);
#12419=VERTEX_POINT('NONE',#12420);
#12420=CARTESIAN_POINT('',(-0.27,3.15,3.097150035));
#12421=LINE('',#12422,#12423);
#12422=CARTESIAN_POINT('',(-0.27,-4.251,3.097150035));
#12423=VECTOR('',#12424,1.0);
#12424=DIRECTION('',(-1.104919411E-16,1.0,0.0));
#12425=ORIENTED_EDGE('',*,*,#12426,.T.);
#12426=EDGE_CURVE('NONE',#12419,#12427,#12429,.F.);
#12427=VERTEX_POINT('NONE',#12428);
#12428=CARTESIAN_POINT('',(-0.295641237,3.15,3.322150035));
#12429=CIRCLE('',#12430,1.0);
#12430=AXIS2_PLACEMENT_3D('',#12431,#12432,#12433);
#12431=CARTESIAN_POINT('',(-1.27,3.15,3.097150035));
#12432=DIRECTION('',(-2.168404345E-16,1.0,0.0));
#12433=DIRECTION('',(1.0,2.168404345E-16,-5.204170428E-15));
#12434=ORIENTED_EDGE('',*,*,#12435,.T.);
#12435=EDGE_CURVE('NONE',#12427,#12436,#12438,.F.);
#12436=VERTEX_POINT('NONE',#12437);
#12437=CARTESIAN_POINT('',(-0.295641237,3.45,3.322150035));
#12438=LINE('',#12439,#12440);
#12439=CARTESIAN_POINT('',(-0.295641237,-4.251,3.322150035));
#12440=VECTOR('',#12441,1.0);
#12441=DIRECTION('',(1.104919411E-16,-1.0,0.0));
#12442=ORIENTED_EDGE('',*,*,#12443,.T.);
#12443=EDGE_CURVE('NONE',#12436,#12444,#12446,.F.);
#12444=VERTEX_POINT('NONE',#12445);
#12445=CARTESIAN_POINT('',(-2.244358763,3.45,3.322150035));
#12446=CIRCLE('',#12447,1.0);
#12447=AXIS2_PLACEMENT_3D('',#12448,#12449,#12450);
#12448=CARTESIAN_POINT('',(-1.27,3.45,3.097150035));
#12449=DIRECTION('',(-1.104919411E-16,1.0,0.0));
#12450=DIRECTION('',(-1.0,-1.104919411E-16,0.0));
#12451=ORIENTED_EDGE('',*,*,#12452,.T.);
#12452=EDGE_CURVE('NONE',#12444,#12453,#12455,.F.);
#12453=VERTEX_POINT('NONE',#12454);
#12454=CARTESIAN_POINT('',(-2.244358763,3.15,3.322150035));
#12455=LINE('',#12456,#12457);
#12456=CARTESIAN_POINT('',(-2.244358763,-4.251,3.322150035));
#12457=VECTOR('',#12458,1.0);
#12458=DIRECTION('',(-1.104919411E-16,1.0,0.0));
#12459=ORIENTED_EDGE('',*,*,#12460,.T.);
#12460=EDGE_CURVE('NONE',#12453,#12461,#12463,.F.);
#12461=VERTEX_POINT('NONE',#12462);
#12462=CARTESIAN_POINT('',(-2.27,3.15,3.097150035));
#12463=CIRCLE('',#12464,1.0);
#12464=AXIS2_PLACEMENT_3D('',#12465,#12466,#12467);
#12465=CARTESIAN_POINT('',(-1.27,3.15,3.097150035));
#12466=DIRECTION('',(-2.168404345E-16,1.0,0.0));
#12467=DIRECTION('',(1.0,2.168404345E-16,0.0));
#12468=ORIENTED_EDGE('',*,*,#12469,.T.);
#12469=EDGE_CURVE('NONE',#12461,#12470,#12472,.F.);
#12470=VERTEX_POINT('NONE',#12471);
#12471=CARTESIAN_POINT('',(-2.27,2.599571453,3.097150035));
#12472=LINE('',#12473,#12474);
#12473=CARTESIAN_POINT('',(-2.27,-4.251,3.097150035));
#12474=VECTOR('',#12475,1.0);
#12475=DIRECTION('',(-1.104919411E-16,1.0,0.0));
#12476=ORIENTED_EDGE('',*,*,#12477,.T.);
#12477=EDGE_CURVE('NONE',#12470,#12404,#12478,.T.);
#12478=B_SPLINE_CURVE_WITH_KNOTS('',3,(#12479,#12480,#12481,#12482,#12483,#12484,#12485,#12486),.UNSPECIFIED.,.F.,.U.,(4,2,2,4),(6.176795043E-04,0.001399208,0.001789972,0.002180736),.UNSPECIFIED.);
#12479=CARTESIAN_POINT('',(-2.27,2.599571453,3.097150035));
#12480=CARTESIAN_POINT('',(-2.27,2.599683827,3.35936959));
#12481=CARTESIAN_POINT('',(-2.162246188,2.599795211,3.619280603));
#12482=CARTESIAN_POINT('',(-1.884069695,2.599914317,3.8972121));
#12483=CARTESIAN_POINT('',(-1.772949398,2.599946049,3.971257038));
#12484=CARTESIAN_POINT('',(-1.531850667,2.599988809,4.071036772));
#12485=CARTESIAN_POINT('',(-1.400254922,2.6,4.097150035));
#12486=CARTESIAN_POINT('',(-1.27,2.6,4.097150035));
#12487=CYLINDRICAL_SURFACE('',#12488,1.0);
#12488=AXIS2_PLACEMENT_3D('',#12489,#12490,#12491);
#12489=CARTESIAN_POINT('',(-1.27,-4.251,3.097150035));
#12490=DIRECTION('',(-1.104919411E-16,1.0,0.0));
#12491=DIRECTION('',(-1.0,-1.104919411E-16,0.0));
#12492=ADVANCED_FACE('NONE',(#12493),#12543,.F.);
#12493=FACE_BOUND('NONE',#12494,.T.);
#12494=EDGE_LOOP('',(#12495,#12508,#12514,#12515,#12526,#12534));
#12495=ORIENTED_EDGE('',*,*,#12496,.T.);
#12496=EDGE_CURVE('NONE',#12497,#12499,#12501,.F.);
#12497=VERTEX_POINT('NONE',#12498);
#12498=CARTESIAN_POINT('',(-1.805,2.599770745,3.097150035));
#12499=VERTEX_POINT('NONE',#12500);
#12500=CARTESIAN_POINT('',(-1.27,2.6,3.632150035));
#12501=B_SPLINE_CURVE_WITH_KNOTS('',3,(#12502,#12503,#12504,#12505,#12506,#12507),.UNSPECIFIED.,.F.,.U.,(4,2,4),(0.002178774,0.002597126,0.003015478),.UNSPECIFIED.);
#12502=CARTESIAN_POINT('',(-1.27,2.6,3.632150035));
#12503=CARTESIAN_POINT('',(-1.410547022,2.6,3.632150035));
#12504=CARTESIAN_POINT('',(-1.549727505,2.599975101,3.574044078));
#12505=CARTESIAN_POINT('',(-1.746943095,2.599890576,3.376793898));
#12506=CARTESIAN_POINT('',(-1.805,2.59983078,3.237250094));
#12507=CARTESIAN_POINT('',(-1.805,2.599770745,3.097150035));
#12508=ORIENTED_EDGE('',*,*,#12509,.T.);
#12509=EDGE_CURVE('NONE',#12499,#12404,#12510,.T.);
#12510=LINE('',#12511,#12512);
#12511=CARTESIAN_POINT('',(-1.27,2.6,4.121357041));
#12512=VECTOR('',#12513,1.0);
#12513=DIRECTION('',(1.224646687E-16,6.331740687E-17,1.0));
#12514=ORIENTED_EDGE('',*,*,#12477,.F.);
#12515=ORIENTED_EDGE('',*,*,#12516,.T.);
#12516=EDGE_CURVE('NONE',#12470,#12517,#12519,.F.);
#12517=VERTEX_POINT('NONE',#12518);
#12518=CARTESIAN_POINT('',(-1.27,2.599142907,2.097150035));
#12519=B_SPLINE_CURVE_WITH_KNOTS('',3,(#12520,#12521,#12522,#12523,#12524,#12525),.UNSPECIFIED.,.F.,.U.,(4,2,4),(0.005307765,0.006088827,0.006869889),.UNSPECIFIED.);
#12520=CARTESIAN_POINT('',(-1.27,2.599142907,2.097150035));
#12521=CARTESIAN_POINT('',(-1.531754494,2.599142907,2.097150035));
#12522=CARTESIAN_POINT('',(-1.791083415,2.599188701,2.204009994));
#12523=CARTESIAN_POINT('',(-2.16316775,2.599348165,2.576114117));
#12524=CARTESIAN_POINT('',(-2.27,2.599459147,2.835086993));
#12525=CARTESIAN_POINT('',(-2.27,2.599571453,3.097150035));
#12526=ORIENTED_EDGE('',*,*,#12527,.T.);
#12527=EDGE_CURVE('NONE',#12517,#12528,#12530,.F.);
#12528=VERTEX_POINT('NONE',#12529);
#12529=CARTESIAN_POINT('',(-1.27,2.599541489,2.562150035));
#12530=LINE('',#12531,#12532);
#12531=CARTESIAN_POINT('',(-1.27,2.59912201,2.072771743));
#12532=VECTOR('',#12533,1.0);
#12533=DIRECTION('',(0.0,-8.571666501E-04,-0.999999633));
#12534=ORIENTED_EDGE('',*,*,#12535,.T.);
#12535=EDGE_CURVE('NONE',#12528,#12497,#12536,.F.);
#12536=B_SPLINE_CURVE_WITH_KNOTS('',3,(#12537,#12538,#12539,#12540,#12541,#12542),.UNSPECIFIED.,.F.,.U.,(4,2,4),(0.003015478,0.003433348,0.003851218),.UNSPECIFIED.);
#12537=CARTESIAN_POINT('',(-1.805,2.599770745,3.097150035));
#12538=CARTESIAN_POINT('',(-1.805,2.599710779,2.957211212));
#12539=CARTESIAN_POINT('',(-1.74653435,2.599650652,2.816896807));
#12540=CARTESIAN_POINT('',(-1.549364195,2.599566319,2.620093954));
#12541=CARTESIAN_POINT('',(-1.410092862,2.599541489,2.562150035));
#12542=CARTESIAN_POINT('',(-1.27,2.599541489,2.562150035));
#12543=CONICAL_SURFACE('',#12544,1.024292743,1.570367743);
#12544=AXIS2_PLACEMENT_3D('',#12545,#12546,#12547);
#12545=CARTESIAN_POINT('',(-1.27,2.599561005,3.097064392));
#12546=DIRECTION('',(0.0,-0.999999908,4.285833644E-04));
#12547=DIRECTION('',(0.0,-4.285833644E-04,-0.999999908));
#12548=ADVANCED_FACE('NONE',(#12549),#12586,.T.);
#12549=FACE_BOUND('NONE',#12550,.T.);
#12550=EDGE_LOOP('',(#12551,#12562,#12563,#12571,#12580));
#12551=ORIENTED_EDGE('',*,*,#12552,.T.);
#12552=EDGE_CURVE('NONE',#12553,#12499,#12555,.T.);
#12553=VERTEX_POINT('NONE',#12554);
#12554=CARTESIAN_POINT('',(-0.735,2.599770745,3.097150035));
#12555=B_SPLINE_CURVE_WITH_KNOTS('',3,(#12556,#12557,#12558,#12559,#12560,#12561),.UNSPECIFIED.,.F.,.U.,(4,2,4),(0.001342498,0.001760636,0.002178774),.UNSPECIFIED.);
#12556=CARTESIAN_POINT('',(-0.735,2.599770745,3.097150035));
#12557=CARTESIAN_POINT('',(-0.735,2.599830473,3.236534968));
#12558=CARTESIAN_POINT('',(-0.792505084,2.599890308,3.376167507));
#12559=CARTESIAN_POINT('',(-0.990540229,2.599975247,3.574386225));
#12560=CARTESIAN_POINT('',(-1.129524735,2.6,3.632150035));
#12561=CARTESIAN_POINT('',(-1.27,2.6,3.632150035));
#12562=ORIENTED_EDGE('',*,*,#12496,.F.);
#12563=ORIENTED_EDGE('',*,*,#12564,.T.);
#12564=EDGE_CURVE('NONE',#12497,#12565,#12567,.T.);
#12565=VERTEX_POINT('NONE',#12566);
#12566=CARTESIAN_POINT('',(-1.805,1.29,3.097150035));
#12567=LINE('',#12568,#12569);
#12568=CARTESIAN_POINT('',(-1.805,4.251,3.097150035));
#12569=VECTOR('',#12570,1.0);
#12570=DIRECTION('',(9.856383386E-17,-1.0,0.0));
#12571=ORIENTED_EDGE('',*,*,#12572,.T.);
#12572=EDGE_CURVE('NONE',#12565,#12573,#12575,.T.);
#12573=VERTEX_POINT('NONE',#12574);
#12574=CARTESIAN_POINT('',(-0.735,1.29,3.097150035));
#12575=CIRCLE('',#12576,0.535);
#12576=AXIS2_PLACEMENT_3D('',#12577,#12578,#12579);
#12577=CARTESIAN_POINT('',(-1.27,1.29,3.097150035));
#12578=DIRECTION('',(-9.856383386E-17,1.0,0.0));
#12579=DIRECTION('',(-1.0,-9.856383386E-17,0.0));
#12580=ORIENTED_EDGE('',*,*,#12581,.T.);
#12581=EDGE_CURVE('NONE',#12573,#12553,#12582,.F.);
#12582=LINE('',#12583,#12584);
#12583=CARTESIAN_POINT('',(-0.735,4.251,3.097150035));
#12584=VECTOR('',#12585,1.0);
#12585=DIRECTION('',(9.856383386E-17,-1.0,0.0));
#12586=CYLINDRICAL_SURFACE('',#12587,0.535);
#12587=AXIS2_PLACEMENT_3D('',#12588,#12589,#12590);
#12588=CARTESIAN_POINT('',(-1.27,4.251,3.097150035));
#12589=DIRECTION('',(9.856383386E-17,-1.0,0.0));
#12590=DIRECTION('',(1.0,9.856383386E-17,0.0));
#12591=ADVANCED_FACE('NONE',(#12592),#12626,.F.);
#12592=FACE_BOUND('NONE',#12593,.T.);
#12593=EDGE_LOOP('',(#12594,#12604,#12612,#12620));
#12594=ORIENTED_EDGE('',*,*,#12595,.T.);
#12595=EDGE_CURVE('NONE',#12596,#12598,#12600,.F.);
#12596=VERTEX_POINT('NONE',#12597);
#12597=CARTESIAN_POINT('',(-1.82,-3.25,0.999712991));
#12598=VERTEX_POINT('NONE',#12599);
#12599=CARTESIAN_POINT('',(-0.72,-3.25,0.999712991));
#12600=LINE('',#12601,#12602);
#12601=CARTESIAN_POINT('',(-0.72,-3.25,0.999712991));
#12602=VECTOR('',#12603,1.0);
#12603=DIRECTION('',(-1.0,0.0,6.652489415E-16));
#12604=ORIENTED_EDGE('',*,*,#12605,.T.);
#12605=EDGE_CURVE('NONE',#12598,#12606,#12608,.F.);
#12606=VERTEX_POINT('NONE',#12607);
#12607=CARTESIAN_POINT('',(-0.72,-1.036532275,0.999712991));
#12608=LINE('',#12609,#12610);
#12609=CARTESIAN_POINT('',(-0.72,-1.036532275,0.999712991));
#12610=VECTOR('',#12611,1.0);
#12611=DIRECTION('',(0.0,-1.0,0.0));
#12612=ORIENTED_EDGE('',*,*,#12613,.T.);
#12613=EDGE_CURVE('NONE',#12606,#12614,#12616,.T.);
#12614=VERTEX_POINT('NONE',#12615);
#12615=CARTESIAN_POINT('',(-1.82,-1.036532275,0.999712991));
#12616=LINE('',#12617,#12618);
#12617=CARTESIAN_POINT('',(-0.72,-1.036532275,0.999712991));
#12618=VECTOR('',#12619,1.0);
#12619=DIRECTION('',(-1.0,-1.104919411E-16,6.652489415E-16));
#12620=ORIENTED_EDGE('',*,*,#12621,.T.);
#12621=EDGE_CURVE('NONE',#12614,#12596,#12622,.T.);
#12622=LINE('',#12623,#12624);
#12623=CARTESIAN_POINT('',(-1.82,-1.036532275,0.999712991));
#12624=VECTOR('',#12625,1.0);
#12625=DIRECTION('',(0.0,-1.0,0.0));
#12626=PLANE('',#12627);
#12627=AXIS2_PLACEMENT_3D('',#12628,#12629,#12630);
#12628=CARTESIAN_POINT('',(-0.72,-1.036532275,0.999712991));
#12629=DIRECTION('',(-6.652489415E-16,0.0,-1.0));
#12630=DIRECTION('',(-1.0,0.0,6.652489415E-16));
#12631=ADVANCED_FACE('NONE',(#12632),#12666,.F.);
#12632=FACE_BOUND('NONE',#12633,.T.);
#12633=EDGE_LOOP('',(#12634,#12644,#12652,#12660));
#12634=ORIENTED_EDGE('',*,*,#12635,.T.);
#12635=EDGE_CURVE('NONE',#12636,#12638,#12640,.F.);
#12636=VERTEX_POINT('NONE',#12637);
#12637=CARTESIAN_POINT('',(-0.72,-3.696532275,1.549571274));
#12638=VERTEX_POINT('NONE',#12639);
#12639=CARTESIAN_POINT('',(-1.82,-3.696532275,1.549571274));
#12640=LINE('',#12641,#12642);
#12641=CARTESIAN_POINT('',(-0.72,-3.696532275,1.549571274));
#12642=VECTOR('',#12643,1.0);
#12643=DIRECTION('',(1.0,1.104919411E-16,0.0));
#12644=ORIENTED_EDGE('',*,*,#12645,.T.);
#12645=EDGE_CURVE('NONE',#12638,#12646,#12648,.T.);
#12646=VERTEX_POINT('NONE',#12647);
#12647=CARTESIAN_POINT('',(-1.82,-3.696532275,2.81));
#12648=LINE('',#12649,#12650);
#12649=CARTESIAN_POINT('',(-1.82,-3.696532275,1.039712991));
#12650=VECTOR('',#12651,1.0);
#12651=DIRECTION('',(9.799108662E-16,0.0,1.0));
#12652=ORIENTED_EDGE('',*,*,#12653,.T.);
#12653=EDGE_CURVE('NONE',#12646,#12654,#12656,.F.);
#12654=VERTEX_POINT('NONE',#12655);
#12655=CARTESIAN_POINT('',(-0.72,-3.696532275,2.81));
#12656=LINE('',#12657,#12658);
#12657=CARTESIAN_POINT('',(-0.72,-3.696532275,2.81));
#12658=VECTOR('',#12659,1.0);
#12659=DIRECTION('',(-1.0,-1.104919411E-16,6.652489415E-16));
#12660=ORIENTED_EDGE('',*,*,#12661,.T.);
#12661=EDGE_CURVE('NONE',#12654,#12636,#12662,.F.);
#12662=LINE('',#12663,#12664);
#12663=CARTESIAN_POINT('',(-0.72,-3.696532275,1.039712991));
#12664=VECTOR('',#12665,1.0);
#12665=DIRECTION('',(9.799108662E-16,0.0,1.0));
#12666=PLANE('',#12667);
#12667=AXIS2_PLACEMENT_3D('',#12668,#12669,#12670);
#12668=CARTESIAN_POINT('',(-0.72,-3.696532275,1.039712991));
#12669=DIRECTION('',(1.104919411E-16,-1.0,-1.082722538E-31));
#12670=DIRECTION('',(1.0,1.104919411E-16,0.0));
#12671=ADVANCED_FACE('NONE',(#12672,#12706),#12740,.F.);
#12672=FACE_BOUND('NONE',#12673,.T.);
#12673=EDGE_LOOP('',(#12674,#12684,#12692,#12700));
#12674=ORIENTED_EDGE('',*,*,#12675,.T.);
#12675=EDGE_CURVE('NONE',#12676,#12678,#12680,.F.);
#12676=VERTEX_POINT('NONE',#12677);
#12677=CARTESIAN_POINT('',(-0.59,-2.81,4.649712991));
#12678=VERTEX_POINT('NONE',#12679);
#12679=CARTESIAN_POINT('',(-1.95,-2.81,4.649712991));
#12680=LINE('',#12681,#12682);
#12681=CARTESIAN_POINT('',(-1.95,-2.81,4.649712991));
#12682=VECTOR('',#12683,1.0);
#12683=DIRECTION('',(1.0,0.0,-6.652489415E-16));
#12684=ORIENTED_EDGE('',*,*,#12685,.T.);
#12685=EDGE_CURVE('NONE',#12678,#12686,#12688,.F.);
#12686=VERTEX_POINT('NONE',#12687);
#12687=CARTESIAN_POINT('',(-1.95,-1.07,4.649712991));
#12688=LINE('',#12689,#12690);
#12689=CARTESIAN_POINT('',(-1.95,-1.07,4.649712991));
#12690=VECTOR('',#12691,1.0);
#12691=DIRECTION('',(0.0,-1.0,0.0));
#12692=ORIENTED_EDGE('',*,*,#12693,.T.);
#12693=EDGE_CURVE('NONE',#12686,#12694,#12696,.F.);
#12694=VERTEX_POINT('NONE',#12695);
#12695=CARTESIAN_POINT('',(-0.59,-1.07,4.649712991));
#12696=LINE('',#12697,#12698);
#12697=CARTESIAN_POINT('',(-1.95,-1.07,4.649712991));
#12698=VECTOR('',#12699,1.0);
#12699=DIRECTION('',(-1.0,0.0,6.652489415E-16));
#12700=ORIENTED_EDGE('',*,*,#12701,.T.);
#12701=EDGE_CURVE('NONE',#12694,#12676,#12702,.F.);
#12702=LINE('',#12703,#12704);
#12703=CARTESIAN_POINT('',(-0.59,-1.07,4.649712991));
#12704=VECTOR('',#12705,1.0);
#12705=DIRECTION('',(0.0,1.0,0.0));
#12706=FACE_BOUND('NONE',#12707,.T.);
#12707=EDGE_LOOP('',(#12708,#12718,#12726,#12734));
#12708=ORIENTED_EDGE('',*,*,#12709,.T.);
#12709=EDGE_CURVE('NONE',#12710,#12712,#12714,.F.);
#12710=VERTEX_POINT('NONE',#12711);
#12711=CARTESIAN_POINT('',(-2.31,-3.25,4.649712991));
#12712=VERTEX_POINT('NONE',#12713);
#12713=CARTESIAN_POINT('',(-0.23,-3.25,4.649712991));
#12714=LINE('',#12715,#12716);
#12715=CARTESIAN_POINT('',(-0.23,-3.25,4.649712991));
#12716=VECTOR('',#12717,1.0);
#12717=DIRECTION('',(-1.0,-2.085004178E-16,0.0));
#12718=ORIENTED_EDGE('',*,*,#12719,.T.);
#12719=EDGE_CURVE('NONE',#12712,#12720,#12722,.F.);
#12720=VERTEX_POINT('NONE',#12721);
#12721=CARTESIAN_POINT('',(-0.23,0.39,4.649712991));
#12722=LINE('',#12723,#12724);
#12723=CARTESIAN_POINT('',(-0.23,-3.58,4.649712991));
#12724=VECTOR('',#12725,1.0);
#12725=DIRECTION('',(0.0,-1.0,0.0));
#12726=ORIENTED_EDGE('',*,*,#12727,.T.);
#12727=EDGE_CURVE('NONE',#12720,#12728,#12730,.T.);
#12728=VERTEX_POINT('NONE',#12729);
#12729=CARTESIAN_POINT('',(-2.31,0.39,4.649712991));
#12730=LINE('',#12731,#12732);
#12731=CARTESIAN_POINT('',(-0.23,0.39,4.649712991));
#12732=VECTOR('',#12733,1.0);
#12733=DIRECTION('',(-1.0,-1.104919411E-16,6.652489415E-16));
#12734=ORIENTED_EDGE('',*,*,#12735,.T.);
#12735=EDGE_CURVE('NONE',#12728,#12710,#12736,.T.);
#12736=LINE('',#12737,#12738);
#12737=CARTESIAN_POINT('',(-2.31,-3.58,4.649712991));
#12738=VECTOR('',#12739,1.0);
#12739=DIRECTION('',(0.0,-1.0,0.0));
#12740=PLANE('',#12741);
#12741=AXIS2_PLACEMENT_3D('',#12742,#12743,#12744);
#12742=CARTESIAN_POINT('',(-0.23,-3.58,4.649712991));
#12743=DIRECTION('',(-6.652489415E-16,0.0,-1.0));
#12744=DIRECTION('',(-1.0,0.0,6.652489415E-16));
#12745=ADVANCED_FACE('NONE',(#12746),#12796,.F.);
#12746=FACE_BOUND('NONE',#12747,.T.);
#12747=EDGE_LOOP('',(#12748,#12758,#12766,#12774,#12782,#12790));
#12748=ORIENTED_EDGE('',*,*,#12749,.T.);
#12749=EDGE_CURVE('NONE',#12750,#12752,#12754,.F.);
#12750=VERTEX_POINT('NONE',#12751);
#12751=CARTESIAN_POINT('',(-1.82,-6.55,3.35));
#12752=VERTEX_POINT('NONE',#12753);
#12753=CARTESIAN_POINT('',(-1.47,-7.75,3.35));
#12754=LINE('',#12755,#12756);
#12755=CARTESIAN_POINT('',(-2.355620124,-4.713588145,3.35));
#12756=VECTOR('',#12757,1.0);
#12757=DIRECTION('',(-0.28,0.96,1.862697036E-16));
#12758=ORIENTED_EDGE('',*,*,#12759,.T.);
#12759=EDGE_CURVE('NONE',#12752,#12760,#12762,.F.);
#12760=VERTEX_POINT('NONE',#12761);
#12761=CARTESIAN_POINT('',(-1.07,-7.75,3.35));
#12762=LINE('',#12763,#12764);
#12763=CARTESIAN_POINT('',(-0.72,-7.75,3.35));
#12764=VECTOR('',#12765,1.0);
#12765=DIRECTION('',(-1.0,-1.104919411E-16,6.652489415E-16));
#12766=ORIENTED_EDGE('',*,*,#12767,.T.);
#12767=EDGE_CURVE('NONE',#12760,#12768,#12770,.F.);
#12768=VERTEX_POINT('NONE',#12769);
#12769=CARTESIAN_POINT('',(-0.72,-6.55,3.35));
#12770=LINE('',#12771,#12772);
#12771=CARTESIAN_POINT('',(-0.098139876,-4.417908145,3.35));
#12772=VECTOR('',#12773,1.0);
#12773=DIRECTION('',(-0.28,-0.96,1.862697036E-16));
#12774=ORIENTED_EDGE('',*,*,#12775,.T.);
#12775=EDGE_CURVE('NONE',#12768,#12776,#12778,.F.);
#12776=VERTEX_POINT('NONE',#12777);
#12777=CARTESIAN_POINT('',(-0.72,-4.236532275,3.35));
#12778=LINE('',#12779,#12780);
#12779=CARTESIAN_POINT('',(-0.72,-4.236532275,3.35));
#12780=VECTOR('',#12781,1.0);
#12781=DIRECTION('',(2.468677119E-16,-1.0,0.0));
#12782=ORIENTED_EDGE('',*,*,#12783,.T.);
#12783=EDGE_CURVE('NONE',#12776,#12784,#12786,.T.);
#12784=VERTEX_POINT('NONE',#12785);
#12785=CARTESIAN_POINT('',(-1.82,-4.236532275,3.35));
#12786=LINE('',#12787,#12788);
#12787=CARTESIAN_POINT('',(-0.72,-4.236532275,3.35));
#12788=VECTOR('',#12789,1.0);
#12789=DIRECTION('',(-1.0,-1.104919411E-16,6.652489415E-16));
#12790=ORIENTED_EDGE('',*,*,#12791,.T.);
#12791=EDGE_CURVE('NONE',#12784,#12750,#12792,.T.);
#12792=LINE('',#12793,#12794);
#12793=CARTESIAN_POINT('',(-1.82,-4.236532275,3.35));
#12794=VECTOR('',#12795,1.0);
#12795=DIRECTION('',(2.468677119E-16,-1.0,0.0));
#12796=PLANE('',#12797);
#12797=AXIS2_PLACEMENT_3D('',#12798,#12799,#12800);
#12798=CARTESIAN_POINT('',(-0.72,-4.236532275,3.35));
#12799=DIRECTION('',(-6.652489415E-16,-1.64228484E-31,-1.0));
#12800=DIRECTION('',(-1.0,0.0,6.652489415E-16));
#12801=ADVANCED_FACE('NONE',(#12802),#12827,.F.);
#12802=FACE_BOUND('NONE',#12803,.T.);
#12803=EDGE_LOOP('',(#12804,#12812,#12820,#12826));
#12804=ORIENTED_EDGE('',*,*,#12805,.T.);
#12805=EDGE_CURVE('NONE',#12752,#12806,#12808,.F.);
#12806=VERTEX_POINT('NONE',#12807);
#12807=CARTESIAN_POINT('',(-1.47,-7.75,2.85));
#12808=LINE('',#12809,#12810);
#12809=CARTESIAN_POINT('',(-1.47,-7.75,0.85));
#12810=VECTOR('',#12811,1.0);
#12811=DIRECTION('',(6.652489415E-16,1.234338559E-16,1.0));
#12812=ORIENTED_EDGE('',*,*,#12813,.T.);
#12813=EDGE_CURVE('NONE',#12806,#12814,#12816,.F.);
#12814=VERTEX_POINT('NONE',#12815);
#12815=CARTESIAN_POINT('',(-1.07,-7.75,2.85));
#12816=LINE('',#12817,#12818);
#12817=CARTESIAN_POINT('',(-0.72,-7.75,2.85));
#12818=VECTOR('',#12819,1.0);
#12819=DIRECTION('',(-1.0,-1.104919411E-16,6.652489415E-16));
#12820=ORIENTED_EDGE('',*,*,#12821,.T.);
#12821=EDGE_CURVE('NONE',#12814,#12760,#12822,.T.);
#12822=LINE('',#12823,#12824);
#12823=CARTESIAN_POINT('',(-1.07,-7.75,0.85));
#12824=VECTOR('',#12825,1.0);
#12825=DIRECTION('',(6.652489415E-16,1.234338559E-16,1.0));
#12826=ORIENTED_EDGE('',*,*,#12759,.F.);
#12827=PLANE('',#12828);
#12828=AXIS2_PLACEMENT_3D('',#12829,#12830,#12831);
#12829=CARTESIAN_POINT('',(-0.72,-7.75,2.85));
#12830=DIRECTION('',(-1.104919411E-16,1.0,1.916729642E-31));
#12831=DIRECTION('',(-1.0,-1.104919411E-16,0.0));
#12832=ADVANCED_FACE('NONE',(#12833),#12874,.F.);
#12833=FACE_BOUND('NONE',#12834,.T.);
#12834=EDGE_LOOP('',(#12835,#12843,#12851,#12859,#12867,#12873));
#12835=ORIENTED_EDGE('',*,*,#12836,.T.);
#12836=EDGE_CURVE('NONE',#12806,#12837,#12839,.F.);
#12837=VERTEX_POINT('NONE',#12838);
#12838=CARTESIAN_POINT('',(-1.82,-6.55,2.85));
#12839=LINE('',#12840,#12841);
#12840=CARTESIAN_POINT('',(-2.355620124,-4.713588145,2.85));
#12841=VECTOR('',#12842,1.0);
#12842=DIRECTION('',(0.28,-0.96,-6.777320191E-17));
#12843=ORIENTED_EDGE('',*,*,#12844,.T.);
#12844=EDGE_CURVE('NONE',#12837,#12845,#12847,.T.);
#12845=VERTEX_POINT('NONE',#12846);
#12846=CARTESIAN_POINT('',(-1.82,-4.236532275,2.85));
#12847=LINE('',#12848,#12849);
#12848=CARTESIAN_POINT('',(-1.82,-4.236532275,2.85));
#12849=VECTOR('',#12850,1.0);
#12850=DIRECTION('',(0.0,1.0,-1.234338559E-16));
#12851=ORIENTED_EDGE('',*,*,#12852,.T.);
#12852=EDGE_CURVE('NONE',#12845,#12853,#12855,.F.);
#12853=VERTEX_POINT('NONE',#12854);
#12854=CARTESIAN_POINT('',(-0.72,-4.236532275,2.85));
#12855=LINE('',#12856,#12857);
#12856=CARTESIAN_POINT('',(-0.72,-4.236532275,2.85));
#12857=VECTOR('',#12858,1.0);
#12858=DIRECTION('',(-1.0,-1.104919411E-16,6.652489415E-16));
#12859=ORIENTED_EDGE('',*,*,#12860,.T.);
#12860=EDGE_CURVE('NONE',#12853,#12861,#12863,.F.);
#12861=VERTEX_POINT('NONE',#12862);
#12862=CARTESIAN_POINT('',(-0.72,-6.55,2.85));
#12863=LINE('',#12864,#12865);
#12864=CARTESIAN_POINT('',(-0.72,-4.236532275,2.85));
#12865=VECTOR('',#12866,1.0);
#12866=DIRECTION('',(0.0,1.0,-1.234338559E-16));
#12867=ORIENTED_EDGE('',*,*,#12868,.T.);
#12868=EDGE_CURVE('NONE',#12861,#12814,#12869,.F.);
#12869=LINE('',#12870,#12871);
#12870=CARTESIAN_POINT('',(-0.098139876,-4.417908145,2.85));
#12871=VECTOR('',#12872,1.0);
#12872=DIRECTION('',(0.28,0.96,-3.047662053E-16));
#12873=ORIENTED_EDGE('',*,*,#12813,.F.);
#12874=PLANE('',#12875);
#12875=AXIS2_PLACEMENT_3D('',#12876,#12877,#12878);
#12876=CARTESIAN_POINT('',(-0.72,-4.236532275,2.85));
#12877=DIRECTION('',(6.652489415E-16,1.234338559E-16,1.0));
#12878=DIRECTION('',(1.0,0.0,-6.652489415E-16));
#12879=ADVANCED_FACE('NONE',(#12880),#12995,.T.);
#12880=FACE_BOUND('NONE',#12881,.T.);
#12881=EDGE_LOOP('',(#12882,#12892,#12898,#12899,#12906,#12907,#12913,#12914,#12923,#12931,#12940,#12948,#12957,#12965,#12973,#12981,#12988,#12989));
#12882=ORIENTED_EDGE('',*,*,#12883,.T.);
#12883=EDGE_CURVE('NONE',#12884,#12886,#12888,.T.);
#12884=VERTEX_POINT('NONE',#12885);
#12885=CARTESIAN_POINT('',(-0.72,-3.25,0.9));
#12886=VERTEX_POINT('NONE',#12887);
#12887=CARTESIAN_POINT('',(-0.72,-3.696532275,0.9));
#12888=LINE('',#12889,#12890);
#12889=CARTESIAN_POINT('',(-0.72,-1.036532275,0.9));
#12890=VECTOR('',#12891,1.0);
#12891=DIRECTION('',(1.104919411E-16,-1.0,1.151880795E-32));
#12892=ORIENTED_EDGE('',*,*,#12893,.T.);
#12893=EDGE_CURVE('NONE',#12886,#12636,#12894,.T.);
#12894=LINE('',#12895,#12896);
#12895=CARTESIAN_POINT('',(-0.72,-3.696532275,1.039712991));
#12896=VECTOR('',#12897,1.0);
#12897=DIRECTION('',(9.799108662E-16,0.0,1.0));
#12898=ORIENTED_EDGE('',*,*,#12661,.F.);
#12899=ORIENTED_EDGE('',*,*,#12900,.T.);
#12900=EDGE_CURVE('NONE',#12654,#12776,#12901,.T.);
#12901=CIRCLE('',#12902,0.54);
#12902=AXIS2_PLACEMENT_3D('',#12903,#12904,#12905);
#12903=CARTESIAN_POINT('',(-0.72,-4.236532275,2.81));
#12904=DIRECTION('',(1.0,1.104919411E-16,-6.652489415E-16));
#12905=DIRECTION('',(6.652489415E-16,6.95153432E-33,1.0));
#12906=ORIENTED_EDGE('',*,*,#12775,.F.);
#12907=ORIENTED_EDGE('',*,*,#12908,.T.);
#12908=EDGE_CURVE('NONE',#12768,#12861,#12909,.T.);
#12909=LINE('',#12910,#12911);
#12910=CARTESIAN_POINT('',(-0.72,-6.55,1.039712991));
#12911=VECTOR('',#12912,1.0);
#12912=DIRECTION('',(-6.652489415E-16,-1.234338559E-16,-1.0));
#12913=ORIENTED_EDGE('',*,*,#12860,.F.);
#12914=ORIENTED_EDGE('',*,*,#12915,.T.);
#12915=EDGE_CURVE('NONE',#12853,#12916,#12918,.T.);
#12916=VERTEX_POINT('NONE',#12917);
#12917=CARTESIAN_POINT('',(-0.72,-4.196532275,2.81));
#12918=CIRCLE('',#12919,0.04);
#12919=AXIS2_PLACEMENT_3D('',#12920,#12921,#12922);
#12920=CARTESIAN_POINT('',(-0.72,-4.236532275,2.81));
#12921=DIRECTION('',(-1.0,-1.104919411E-16,6.652489415E-16));
#12922=DIRECTION('',(6.652489415E-16,7.350464689E-32,1.0));
#12923=ORIENTED_EDGE('',*,*,#12924,.T.);
#12924=EDGE_CURVE('NONE',#12916,#12925,#12927,.T.);
#12925=VERTEX_POINT('NONE',#12926);
#12926=CARTESIAN_POINT('',(-0.72,-4.196532275,1.039712991));
#12927=LINE('',#12928,#12929);
#12928=CARTESIAN_POINT('',(-0.72,-4.196532275,1.039712991));
#12929=VECTOR('',#12930,1.0);
#12930=DIRECTION('',(-9.799108662E-16,0.0,-1.0));
#12931=ORIENTED_EDGE('',*,*,#12932,.T.);
#12932=EDGE_CURVE('NONE',#12925,#12933,#12935,.T.);
#12933=VERTEX_POINT('NONE',#12934);
#12934=CARTESIAN_POINT('',(-0.72,-3.656532275,0.499712991));
#12935=CIRCLE('',#12936,0.54);
#12936=AXIS2_PLACEMENT_3D('',#12937,#12938,#12939);
#12937=CARTESIAN_POINT('',(-0.72,-3.656532275,1.039712991));
#12938=DIRECTION('',(1.0,1.104919411E-16,-6.652489415E-16));
#12939=DIRECTION('',(6.652489415E-16,6.95153432E-33,1.0));
#12940=ORIENTED_EDGE('',*,*,#12941,.T.);
#12941=EDGE_CURVE('NONE',#12933,#12942,#12944,.T.);
#12942=VERTEX_POINT('NONE',#12943);
#12943=CARTESIAN_POINT('',(-0.72,-1.036532275,0.499712991));
#12944=LINE('',#12945,#12946);
#12945=CARTESIAN_POINT('',(-0.72,-1.036532275,0.499712991));
#12946=VECTOR('',#12947,1.0);
#12947=DIRECTION('',(0.0,1.0,0.0));
#12948=ORIENTED_EDGE('',*,*,#12949,.T.);
#12949=EDGE_CURVE('NONE',#12942,#12950,#12952,.T.);
#12950=VERTEX_POINT('NONE',#12951);
#12951=CARTESIAN_POINT('',(-0.72,-0.496532275,1.039712991));
#12952=CIRCLE('',#12953,0.54);
#12953=AXIS2_PLACEMENT_3D('',#12954,#12955,#12956);
#12954=CARTESIAN_POINT('',(-0.72,-1.036532275,1.039712991));
#12955=DIRECTION('',(1.0,1.104919411E-16,-6.652489415E-16));
#12956=DIRECTION('',(-6.652489415E-16,-6.95153432E-33,-1.0));
#12957=ORIENTED_EDGE('',*,*,#12958,.T.);
#12958=EDGE_CURVE('NONE',#12950,#12959,#12961,.T.);
#12959=VERTEX_POINT('NONE',#12960);
#12960=CARTESIAN_POINT('',(-0.72,-0.496532275,1.949712991));
#12961=LINE('',#12962,#12963);
#12962=CARTESIAN_POINT('',(-0.72,-0.496532275,1.949712991));
#12963=VECTOR('',#12964,1.0);
#12964=DIRECTION('',(9.53144767E-16,0.0,1.0));
#12965=ORIENTED_EDGE('',*,*,#12966,.T.);
#12966=EDGE_CURVE('NONE',#12959,#12967,#12969,.T.);
#12967=VERTEX_POINT('NONE',#12968);
#12968=CARTESIAN_POINT('',(-0.72,-0.996532275,1.949712991));
#12969=LINE('',#12970,#12971);
#12970=CARTESIAN_POINT('',(-0.72,-0.996532275,1.949712991));
#12971=VECTOR('',#12972,1.0);
#12972=DIRECTION('',(0.0,-1.0,0.0));
#12973=ORIENTED_EDGE('',*,*,#12974,.T.);
#12974=EDGE_CURVE('NONE',#12967,#12975,#12977,.T.);
#12975=VERTEX_POINT('NONE',#12976);
#12976=CARTESIAN_POINT('',(-0.72,-0.996532275,1.039712991));
#12977=LINE('',#12978,#12979);
#12978=CARTESIAN_POINT('',(-0.72,-0.996532275,1.949712991));
#12979=VECTOR('',#12980,1.0);
#12980=DIRECTION('',(-9.53144767E-16,0.0,-1.0));
#12981=ORIENTED_EDGE('',*,*,#12982,.T.);
#12982=EDGE_CURVE('NONE',#12975,#12606,#12983,.T.);
#12983=CIRCLE('',#12984,0.04);
#12984=AXIS2_PLACEMENT_3D('',#12985,#12986,#12987);
#12985=CARTESIAN_POINT('',(-0.72,-1.036532275,1.039712991));
#12986=DIRECTION('',(-1.0,-1.104919411E-16,6.652489415E-16));
#12987=DIRECTION('',(-6.652489415E-16,-7.350464689E-32,-1.0));
#12988=ORIENTED_EDGE('',*,*,#12605,.F.);
#12989=ORIENTED_EDGE('',*,*,#12990,.T.);
#12990=EDGE_CURVE('NONE',#12598,#12884,#12991,.T.);
#12991=LINE('',#12992,#12993);
#12992=CARTESIAN_POINT('',(-0.72,-3.25,1.039712991));
#12993=VECTOR('',#12994,1.0);
#12994=DIRECTION('',(-6.652489415E-16,0.0,-1.0));
#12995=PLANE('',#12996);
#12996=AXIS2_PLACEMENT_3D('',#12997,#12998,#12999);
#12997=CARTESIAN_POINT('',(-0.72,-1.036532275,1.039712991));
#12998=DIRECTION('',(1.0,1.104919411E-16,-6.652489415E-16));
#12999=DIRECTION('',(-6.652489415E-16,0.0,-1.0));
#13000=ADVANCED_FACE('NONE',(#13001),#13116,.F.);
#13001=FACE_BOUND('NONE',#13002,.T.);
#13002=EDGE_LOOP('',(#13003,#13011,#13019,#13025,#13026,#13035,#13043,#13051,#13059,#13068,#13076,#13085,#13093,#13100,#13101,#13107,#13108,#13115));
#13003=ORIENTED_EDGE('',*,*,#13004,.T.);
#13004=EDGE_CURVE('NONE',#12638,#13005,#13007,.F.);
#13005=VERTEX_POINT('NONE',#13006);
#13006=CARTESIAN_POINT('',(-1.82,-3.696532275,0.9));
#13007=LINE('',#13008,#13009);
#13008=CARTESIAN_POINT('',(-1.82,-3.696532275,1.039712991));
#13009=VECTOR('',#13010,1.0);
#13010=DIRECTION('',(9.799108662E-16,0.0,1.0));
#13011=ORIENTED_EDGE('',*,*,#13012,.T.);
#13012=EDGE_CURVE('NONE',#13005,#13013,#13015,.F.);
#13013=VERTEX_POINT('NONE',#13014);
#13014=CARTESIAN_POINT('',(-1.82,-3.25,0.9));
#13015=LINE('',#13016,#13017);
#13016=CARTESIAN_POINT('',(-1.82,-1.036532275,0.9));
#13017=VECTOR('',#13018,1.0);
#13018=DIRECTION('',(1.104919411E-16,-1.0,1.151880795E-32));
#13019=ORIENTED_EDGE('',*,*,#13020,.T.);
#13020=EDGE_CURVE('NONE',#13013,#12596,#13021,.F.);
#13021=LINE('',#13022,#13023);
#13022=CARTESIAN_POINT('',(-1.82,-3.25,1.039712991));
#13023=VECTOR('',#13024,1.0);
#13024=DIRECTION('',(-6.652489415E-16,0.0,-1.0));
#13025=ORIENTED_EDGE('',*,*,#12621,.F.);
#13026=ORIENTED_EDGE('',*,*,#13027,.T.);
#13027=EDGE_CURVE('NONE',#12614,#13028,#13030,.F.);
#13028=VERTEX_POINT('NONE',#13029);
#13029=CARTESIAN_POINT('',(-1.82,-0.996532275,1.039712991));
#13030=CIRCLE('',#13031,0.04);
#13031=AXIS2_PLACEMENT_3D('',#13032,#13033,#13034);
#13032=CARTESIAN_POINT('',(-1.82,-1.036532275,1.039712991));
#13033=DIRECTION('',(-1.0,-1.104919411E-16,6.652489415E-16));
#13034=DIRECTION('',(-6.652489415E-16,-7.350464689E-32,-1.0));
#13035=ORIENTED_EDGE('',*,*,#13036,.T.);
#13036=EDGE_CURVE('NONE',#13028,#13037,#13039,.F.);
#13037=VERTEX_POINT('NONE',#13038);
#13038=CARTESIAN_POINT('',(-1.82,-0.996532275,1.949712991));
#13039=LINE('',#13040,#13041);
#13040=CARTESIAN_POINT('',(-1.82,-0.996532275,1.949712991));
#13041=VECTOR('',#13042,1.0);
#13042=DIRECTION('',(-9.53144767E-16,0.0,-1.0));
#13043=ORIENTED_EDGE('',*,*,#13044,.T.);
#13044=EDGE_CURVE('NONE',#13037,#13045,#13047,.F.);
#13045=VERTEX_POINT('NONE',#13046);
#13046=CARTESIAN_POINT('',(-1.82,-0.496532275,1.949712991));
#13047=LINE('',#13048,#13049);
#13048=CARTESIAN_POINT('',(-1.82,-0.996532275,1.949712991));
#13049=VECTOR('',#13050,1.0);
#13050=DIRECTION('',(0.0,-1.0,0.0));
#13051=ORIENTED_EDGE('',*,*,#13052,.T.);
#13052=EDGE_CURVE('NONE',#13045,#13053,#13055,.F.);
#13053=VERTEX_POINT('NONE',#13054);
#13054=CARTESIAN_POINT('',(-1.82,-0.496532275,1.039712991));
#13055=LINE('',#13056,#13057);
#13056=CARTESIAN_POINT('',(-1.82,-0.496532275,1.949712991));
#13057=VECTOR('',#13058,1.0);
#13058=DIRECTION('',(9.53144767E-16,0.0,1.0));
#13059=ORIENTED_EDGE('',*,*,#13060,.T.);
#13060=EDGE_CURVE('NONE',#13053,#13061,#13063,.F.);
#13061=VERTEX_POINT('NONE',#13062);
#13062=CARTESIAN_POINT('',(-1.82,-1.036532275,0.499712991));
#13063=CIRCLE('',#13064,0.54);
#13064=AXIS2_PLACEMENT_3D('',#13065,#13066,#13067);
#13065=CARTESIAN_POINT('',(-1.82,-1.036532275,1.039712991));
#13066=DIRECTION('',(1.0,1.104919411E-16,-6.652489415E-16));
#13067=DIRECTION('',(-6.652489415E-16,1.523283654E-32,-1.0));
#13068=ORIENTED_EDGE('',*,*,#13069,.T.);
#13069=EDGE_CURVE('NONE',#13061,#13070,#13072,.F.);
#13070=VERTEX_POINT('NONE',#13071);
#13071=CARTESIAN_POINT('',(-1.82,-3.656532275,0.499712991));
#13072=LINE('',#13073,#13074);
#13073=CARTESIAN_POINT('',(-1.82,-1.036532275,0.499712991));
#13074=VECTOR('',#13075,1.0);
#13075=DIRECTION('',(0.0,1.0,0.0));
#13076=ORIENTED_EDGE('',*,*,#13077,.T.);
#13077=EDGE_CURVE('NONE',#13070,#13078,#13080,.F.);
#13078=VERTEX_POINT('NONE',#13079);
#13079=CARTESIAN_POINT('',(-1.82,-4.196532275,1.039712991));
#13080=CIRCLE('',#13081,0.54);
#13081=AXIS2_PLACEMENT_3D('',#13082,#13083,#13084);
#13082=CARTESIAN_POINT('',(-1.82,-3.656532275,1.039712991));
#13083=DIRECTION('',(1.0,1.104919411E-16,-6.652489415E-16));
#13084=DIRECTION('',(6.652489415E-16,-1.523283654E-32,1.0));
#13085=ORIENTED_EDGE('',*,*,#13086,.T.);
#13086=EDGE_CURVE('NONE',#13078,#13087,#13089,.F.);
#13087=VERTEX_POINT('NONE',#13088);
#13088=CARTESIAN_POINT('',(-1.82,-4.196532275,2.81));
#13089=LINE('',#13090,#13091);
#13090=CARTESIAN_POINT('',(-1.82,-4.196532275,1.039712991));
#13091=VECTOR('',#13092,1.0);
#13092=DIRECTION('',(-9.799108662E-16,0.0,-1.0));
#13093=ORIENTED_EDGE('',*,*,#13094,.T.);
#13094=EDGE_CURVE('NONE',#13087,#12845,#13095,.F.);
#13095=CIRCLE('',#13096,0.04);
#13096=AXIS2_PLACEMENT_3D('',#13097,#13098,#13099);
#13097=CARTESIAN_POINT('',(-1.82,-4.236532275,2.81));
#13098=DIRECTION('',(-1.0,-1.104919411E-16,6.652489415E-16));
#13099=DIRECTION('',(6.652489415E-16,7.350464689E-32,1.0));
#13100=ORIENTED_EDGE('',*,*,#12844,.F.);
#13101=ORIENTED_EDGE('',*,*,#13102,.T.);
#13102=EDGE_CURVE('NONE',#12837,#12750,#13103,.F.);
#13103=LINE('',#13104,#13105);
#13104=CARTESIAN_POINT('',(-1.82,-6.55,1.039712991));
#13105=VECTOR('',#13106,1.0);
#13106=DIRECTION('',(-6.652489415E-16,-1.234338559E-16,-1.0));
#13107=ORIENTED_EDGE('',*,*,#12791,.F.);
#13108=ORIENTED_EDGE('',*,*,#13109,.T.);
#13109=EDGE_CURVE('NONE',#12784,#12646,#13110,.F.);
#13110=CIRCLE('',#13111,0.54);
#13111=AXIS2_PLACEMENT_3D('',#13112,#13113,#13114);
#13112=CARTESIAN_POINT('',(-1.82,-4.236532275,2.81));
#13113=DIRECTION('',(1.0,1.104919411E-16,-6.652489415E-16));
#13114=DIRECTION('',(6.652489415E-16,-1.523283654E-32,1.0));
#13115=ORIENTED_EDGE('',*,*,#12645,.F.);
#13116=PLANE('',#13117);
#13117=AXIS2_PLACEMENT_3D('',#13118,#13119,#13120);
#13118=CARTESIAN_POINT('',(-1.82,-1.036532275,1.039712991));
#13119=DIRECTION('',(1.0,1.104919411E-16,-6.652489415E-16));
#13120=DIRECTION('',(-6.652489415E-16,0.0,-1.0));
#13121=ADVANCED_FACE('NONE',(#13122),#13131,.T.);
#13122=FACE_BOUND('NONE',#13123,.T.);
#13123=EDGE_LOOP('',(#13124,#13130));
#13124=ORIENTED_EDGE('',*,*,#13125,.T.);
#13125=EDGE_CURVE('NONE',#12436,#12444,#13126,.F.);
#13126=LINE('',#13127,#13128);
#13127=CARTESIAN_POINT('',(-2.27,3.45,3.322150035));
#13128=VECTOR('',#13129,1.0);
#13129=DIRECTION('',(1.0,2.168404345E-16,0.0));
#13130=ORIENTED_EDGE('',*,*,#12443,.F.);
#13131=PLANE('',#13132);
#13132=AXIS2_PLACEMENT_3D('',#13133,#13134,#13135);
#13133=CARTESIAN_POINT('',(-1.27,3.45,3.097150035));
#13134=DIRECTION('',(-1.104919411E-16,1.0,0.0));
#13135=DIRECTION('',(-1.0,-1.104919411E-16,0.0));
#13136=ADVANCED_FACE('NONE',(#13137,#13162),#13196,.F.);
#13137=FACE_BOUND('NONE',#13138,.T.);
#13138=EDGE_LOOP('',(#13139,#13147,#13148,#13156));
#13139=ORIENTED_EDGE('',*,*,#13140,.T.);
#13140=EDGE_CURVE('NONE',#13141,#12728,#13143,.T.);
#13141=VERTEX_POINT('NONE',#13142);
#13142=CARTESIAN_POINT('',(-2.31,0.39,1.949712991));
#13143=LINE('',#13144,#13145);
#13144=CARTESIAN_POINT('',(-2.31,0.39,4.649712991));
#13145=VECTOR('',#13146,1.0);
#13146=DIRECTION('',(9.637352644E-16,0.0,1.0));
#13147=ORIENTED_EDGE('',*,*,#12727,.F.);
#13148=ORIENTED_EDGE('',*,*,#13149,.T.);
#13149=EDGE_CURVE('NONE',#12720,#13150,#13152,.F.);
#13150=VERTEX_POINT('NONE',#13151);
#13151=CARTESIAN_POINT('',(-0.23,0.39,1.949712991));
#13152=LINE('',#13153,#13154);
#13153=CARTESIAN_POINT('',(-0.23,0.39,4.649712991));
#13154=VECTOR('',#13155,1.0);
#13155=DIRECTION('',(9.637352644E-16,0.0,1.0));
#13156=ORIENTED_EDGE('',*,*,#13157,.T.);
#13157=EDGE_CURVE('NONE',#13150,#13141,#13158,.T.);
#13158=LINE('',#13159,#13160);
#13159=CARTESIAN_POINT('',(-0.23,0.39,1.949712991));
#13160=VECTOR('',#13161,1.0);
#13161=DIRECTION('',(-1.0,-1.104919411E-16,6.652489415E-16));
#13162=FACE_BOUND('NONE',#13163,.T.);
#13163=EDGE_LOOP('',(#13164,#13174,#13182,#13190));
#13164=ORIENTED_EDGE('',*,*,#13165,.T.);
#13165=EDGE_CURVE('NONE',#13166,#13168,#13170,.F.);
#13166=VERTEX_POINT('NONE',#13167);
#13167=CARTESIAN_POINT('',(-0.72,0.39,2.547150035));
#13168=VERTEX_POINT('NONE',#13169);
#13169=CARTESIAN_POINT('',(-0.72,0.39,3.647150035));
#13170=LINE('',#13171,#13172);
#13171=CARTESIAN_POINT('',(-0.72,0.39,3.647150035));
#13172=VECTOR('',#13173,1.0);
#13173=DIRECTION('',(0.0,0.0,-1.0));
#13174=ORIENTED_EDGE('',*,*,#13175,.T.);
#13175=EDGE_CURVE('NONE',#13168,#13176,#13178,.F.);
#13176=VERTEX_POINT('NONE',#13177);
#13177=CARTESIAN_POINT('',(-1.82,0.39,3.647150035));
#13178=LINE('',#13179,#13180);
#13179=CARTESIAN_POINT('',(-1.82,0.39,3.647150035));
#13180=VECTOR('',#13181,1.0);
#13181=DIRECTION('',(1.0,9.856383386E-17,0.0));
#13182=ORIENTED_EDGE('',*,*,#13183,.T.);
#13183=EDGE_CURVE('NONE',#13176,#13184,#13186,.F.);
#13184=VERTEX_POINT('NONE',#13185);
#13185=CARTESIAN_POINT('',(-1.82,0.39,2.547150035));
#13186=LINE('',#13187,#13188);
#13187=CARTESIAN_POINT('',(-1.82,0.39,3.647150035));
#13188=VECTOR('',#13189,1.0);
#13189=DIRECTION('',(0.0,0.0,1.0));
#13190=ORIENTED_EDGE('',*,*,#13191,.T.);
#13191=EDGE_CURVE('NONE',#13184,#13166,#13192,.F.);
#13192=LINE('',#13193,#13194);
#13193=CARTESIAN_POINT('',(-1.82,0.39,2.547150035));
#13194=VECTOR('',#13195,1.0);
#13195=DIRECTION('',(-1.0,-9.856383386E-17,0.0));
#13196=PLANE('',#13197);
#13197=AXIS2_PLACEMENT_3D('',#13198,#13199,#13200);
#13198=CARTESIAN_POINT('',(-0.23,0.39,4.649712991));
#13199=DIRECTION('',(1.104919411E-16,-1.0,-1.064849801E-31));
#13200=DIRECTION('',(1.0,1.104919411E-16,0.0));
#13201=ADVANCED_FACE('NONE',(#13202),#13236,.F.);
#13202=FACE_BOUND('NONE',#13203,.T.);
#13203=EDGE_LOOP('',(#13204,#13214,#13222,#13230));
#13204=ORIENTED_EDGE('',*,*,#13205,.T.);
#13205=EDGE_CURVE('NONE',#13206,#13208,#13210,.T.);
#13206=VERTEX_POINT('NONE',#13207);
#13207=CARTESIAN_POINT('',(-2.31,-3.58,5.149712991));
#13208=VERTEX_POINT('NONE',#13209);
#13209=CARTESIAN_POINT('',(-2.31,-3.58,1.949712991));
#13210=LINE('',#13211,#13212);
#13211=CARTESIAN_POINT('',(-2.31,-3.58,4.649712991));
#13212=VECTOR('',#13213,1.0);
#13213=DIRECTION('',(-6.424901763E-16,0.0,-1.0));
#13214=ORIENTED_EDGE('',*,*,#13215,.T.);
#13215=EDGE_CURVE('NONE',#13208,#13216,#13218,.F.);
#13216=VERTEX_POINT('NONE',#13217);
#13217=CARTESIAN_POINT('',(-0.23,-3.58,1.949712991));
#13218=LINE('',#13219,#13220);
#13219=CARTESIAN_POINT('',(-0.23,-3.58,1.949712991));
#13220=VECTOR('',#13221,1.0);
#13221=DIRECTION('',(-1.0,-1.104919411E-16,6.652489415E-16));
#13222=ORIENTED_EDGE('',*,*,#13223,.T.);
#13223=EDGE_CURVE('NONE',#13216,#13224,#13226,.F.);
#13224=VERTEX_POINT('NONE',#13225);
#13225=CARTESIAN_POINT('',(-0.23,-3.58,5.149712991));
#13226=LINE('',#13227,#13228);
#13227=CARTESIAN_POINT('',(-0.23,-3.58,4.649712991));
#13228=VECTOR('',#13229,1.0);
#13229=DIRECTION('',(-6.424901763E-16,0.0,-1.0));
#13230=ORIENTED_EDGE('',*,*,#13231,.T.);
#13231=EDGE_CURVE('NONE',#13224,#13206,#13232,.F.);
#13232=LINE('',#13233,#13234);
#13233=CARTESIAN_POINT('',(-0.23,-3.58,5.149712991));
#13234=VECTOR('',#13235,1.0);
#13235=DIRECTION('',(1.0,0.0,0.0));
#13236=PLANE('',#13237);
#13237=AXIS2_PLACEMENT_3D('',#13238,#13239,#13240);
#13238=CARTESIAN_POINT('',(-0.23,-3.58,4.649712991));
#13239=DIRECTION('',(-1.104919411E-16,1.0,7.098998674E-32));
#13240=DIRECTION('',(-1.0,-1.104919411E-16,0.0));
#13241=ADVANCED_FACE('NONE',(#13242,#13258),#13274,.F.);
#13242=FACE_BOUND('NONE',#13243,.T.);
#13243=EDGE_LOOP('',(#13244,#13250,#13251,#13257));
#13244=ORIENTED_EDGE('',*,*,#13245,.T.);
#13245=EDGE_CURVE('NONE',#13037,#12967,#13246,.F.);
#13246=LINE('',#13247,#13248);
#13247=CARTESIAN_POINT('',(-0.72,-0.996532275,1.949712991));
#13248=VECTOR('',#13249,1.0);
#13249=DIRECTION('',(-1.0,-1.104919411E-16,6.652489415E-16));
#13250=ORIENTED_EDGE('',*,*,#12966,.F.);
#13251=ORIENTED_EDGE('',*,*,#13252,.T.);
#13252=EDGE_CURVE('NONE',#12959,#13045,#13253,.T.);
#13253=LINE('',#13254,#13255);
#13254=CARTESIAN_POINT('',(-0.72,-0.496532275,1.949712991));
#13255=VECTOR('',#13256,1.0);
#13256=DIRECTION('',(-1.0,-1.104919411E-16,6.652489415E-16));
#13257=ORIENTED_EDGE('',*,*,#13044,.F.);
#13258=FACE_BOUND('NONE',#13259,.T.);
#13259=EDGE_LOOP('',(#13260,#13266,#13267,#13273));
#13260=ORIENTED_EDGE('',*,*,#13261,.T.);
#13261=EDGE_CURVE('NONE',#13208,#13141,#13262,.T.);
#13262=LINE('',#13263,#13264);
#13263=CARTESIAN_POINT('',(-2.31,-3.58,1.949712991));
#13264=VECTOR('',#13265,1.0);
#13265=DIRECTION('',(-2.184790272E-16,1.0,0.0));
#13266=ORIENTED_EDGE('',*,*,#13157,.F.);
#13267=ORIENTED_EDGE('',*,*,#13268,.T.);
#13268=EDGE_CURVE('NONE',#13150,#13216,#13269,.F.);
#13269=LINE('',#13270,#13271);
#13270=CARTESIAN_POINT('',(-0.23,-3.58,1.949712991));
#13271=VECTOR('',#13272,1.0);
#13272=DIRECTION('',(-2.184790272E-16,1.0,0.0));
#13273=ORIENTED_EDGE('',*,*,#13215,.F.);
#13274=PLANE('',#13275);
#13275=AXIS2_PLACEMENT_3D('',#13276,#13277,#13278);
#13276=CARTESIAN_POINT('',(-0.23,-3.58,1.949712991));
#13277=DIRECTION('',(6.652489415E-16,1.453429416E-31,1.0));
#13278=DIRECTION('',(1.0,0.0,-6.652489415E-16));
#13279=ADVANCED_FACE('NONE',(#13280),#13300,.F.);
#13280=FACE_BOUND('NONE',#13281,.T.);
#13281=EDGE_LOOP('',(#13282,#13283,#13291,#13297,#13298,#13299));
#13282=ORIENTED_EDGE('',*,*,#12719,.F.);
#13283=ORIENTED_EDGE('',*,*,#13284,.T.);
#13284=EDGE_CURVE('NONE',#12712,#13285,#13287,.F.);
#13285=VERTEX_POINT('NONE',#13286);
#13286=CARTESIAN_POINT('',(-0.23,-3.25,5.149712991));
#13287=LINE('',#13288,#13289);
#13288=CARTESIAN_POINT('',(-0.23,-3.25,5.149712991));
#13289=VECTOR('',#13290,1.0);
#13290=DIRECTION('',(0.0,0.0,-1.0));
#13291=ORIENTED_EDGE('',*,*,#13292,.T.);
#13292=EDGE_CURVE('NONE',#13285,#13224,#13293,.F.);
#13293=LINE('',#13294,#13295);
#13294=CARTESIAN_POINT('',(-0.23,-3.58,5.149712991));
#13295=VECTOR('',#13296,1.0);
#13296=DIRECTION('',(0.0,1.0,0.0));
#13297=ORIENTED_EDGE('',*,*,#13223,.F.);
#13298=ORIENTED_EDGE('',*,*,#13268,.F.);
#13299=ORIENTED_EDGE('',*,*,#13149,.F.);
#13300=PLANE('',#13301);
#13301=AXIS2_PLACEMENT_3D('',#13302,#13303,#13304);
#13302=CARTESIAN_POINT('',(-0.23,1.149116188E-16,5.42786003E-15));
#13303=DIRECTION('',(-1.0,0.0,9.637352644E-16));
#13304=DIRECTION('',(9.637352644E-16,0.0,1.0));
#13305=ADVANCED_FACE('NONE',(#13306),#13326,.T.);
#13306=FACE_BOUND('NONE',#13307,.T.);
#13307=EDGE_LOOP('',(#13308,#13309,#13310,#13311,#13312,#13320));
#13308=ORIENTED_EDGE('',*,*,#12735,.F.);
#13309=ORIENTED_EDGE('',*,*,#13140,.F.);
#13310=ORIENTED_EDGE('',*,*,#13261,.F.);
#13311=ORIENTED_EDGE('',*,*,#13205,.F.);
#13312=ORIENTED_EDGE('',*,*,#13313,.T.);
#13313=EDGE_CURVE('NONE',#13206,#13314,#13316,.F.);
#13314=VERTEX_POINT('NONE',#13315);
#13315=CARTESIAN_POINT('',(-2.31,-3.25,5.149712991));
#13316=LINE('',#13317,#13318);
#13317=CARTESIAN_POINT('',(-2.31,-3.58,5.149712991));
#13318=VECTOR('',#13319,1.0);
#13319=DIRECTION('',(0.0,-1.0,0.0));
#13320=ORIENTED_EDGE('',*,*,#13321,.T.);
#13321=EDGE_CURVE('NONE',#13314,#12710,#13322,.T.);
#13322=LINE('',#13323,#13324);
#13323=CARTESIAN_POINT('',(-2.31,-3.25,5.149712991));
#13324=VECTOR('',#13325,1.0);
#13325=DIRECTION('',(0.0,0.0,-1.0));
#13326=PLANE('',#13327);
#13327=AXIS2_PLACEMENT_3D('',#13328,#13329,#13330);
#13328=CARTESIAN_POINT('',(-2.31,-1.149116188E-16,6.811577828E-15));
#13329=DIRECTION('',(-1.0,0.0,9.637352644E-16));
#13330=DIRECTION('',(9.637352644E-16,0.0,1.0));
#13331=ADVANCED_FACE('NONE',(#13332),#13357,.F.);
#13332=FACE_BOUND('NONE',#13333,.T.);
#13333=EDGE_LOOP('',(#13334,#13335,#13343,#13351));
#13334=ORIENTED_EDGE('',*,*,#13165,.F.);
#13335=ORIENTED_EDGE('',*,*,#13336,.T.);
#13336=EDGE_CURVE('NONE',#13166,#13337,#13339,.F.);
#13337=VERTEX_POINT('NONE',#13338);
#13338=CARTESIAN_POINT('',(-0.72,1.29,2.547150035));
#13339=LINE('',#13340,#13341);
#13340=CARTESIAN_POINT('',(-0.72,1.29,2.547150035));
#13341=VECTOR('',#13342,1.0);
#13342=DIRECTION('',(1.104919411E-16,-1.0,-8.471987687E-32));
#13343=ORIENTED_EDGE('',*,*,#13344,.T.);
#13344=EDGE_CURVE('NONE',#13337,#13345,#13347,.F.);
#13345=VERTEX_POINT('NONE',#13346);
#13346=CARTESIAN_POINT('',(-0.72,1.29,3.647150035));
#13347=LINE('',#13348,#13349);
#13348=CARTESIAN_POINT('',(-0.72,1.29,3.647150035));
#13349=VECTOR('',#13350,1.0);
#13350=DIRECTION('',(0.0,0.0,-1.0));
#13351=ORIENTED_EDGE('',*,*,#13352,.T.);
#13352=EDGE_CURVE('NONE',#13345,#13168,#13353,.T.);
#13353=LINE('',#13354,#13355);
#13354=CARTESIAN_POINT('',(-0.72,1.29,3.647150035));
#13355=VECTOR('',#13356,1.0);
#13356=DIRECTION('',(1.104919411E-16,-1.0,-8.471987687E-32));
#13357=PLANE('',#13358);
#13358=AXIS2_PLACEMENT_3D('',#13359,#13360,#13361);
#13359=CARTESIAN_POINT('',(-0.72,1.29,3.647150035));
#13360=DIRECTION('',(-1.0,-1.104919411E-16,0.0));
#13361=DIRECTION('',(1.104919411E-16,-1.0,0.0));
#13362=ADVANCED_FACE('NONE',(#13363),#13381,.F.);
#13363=FACE_BOUND('NONE',#13364,.T.);
#13364=EDGE_LOOP('',(#13365,#13366,#13374,#13380));
#13365=ORIENTED_EDGE('',*,*,#13191,.F.);
#13366=ORIENTED_EDGE('',*,*,#13367,.T.);
#13367=EDGE_CURVE('NONE',#13184,#13368,#13370,.F.);
#13368=VERTEX_POINT('NONE',#13369);
#13369=CARTESIAN_POINT('',(-1.82,1.29,2.547150035));
#13370=LINE('',#13371,#13372);
#13371=CARTESIAN_POINT('',(-1.82,1.29,2.547150035));
#13372=VECTOR('',#13373,1.0);
#13373=DIRECTION('',(1.104919411E-16,-1.0,-8.471987687E-32));
#13374=ORIENTED_EDGE('',*,*,#13375,.T.);
#13375=EDGE_CURVE('NONE',#13368,#13337,#13376,.F.);
#13376=LINE('',#13377,#13378);
#13377=CARTESIAN_POINT('',(-1.82,1.29,2.547150035));
#13378=VECTOR('',#13379,1.0);
#13379=DIRECTION('',(-1.0,-9.856383386E-17,0.0));
#13380=ORIENTED_EDGE('',*,*,#13336,.F.);
#13381=PLANE('',#13382);
#13382=AXIS2_PLACEMENT_3D('',#13383,#13384,#13385);
#13383=CARTESIAN_POINT('',(-1.82,1.29,2.547150035));
#13384=DIRECTION('',(8.350315868E-48,-8.471987687E-32,1.0));
#13385=DIRECTION('',(0.0,-1.0,-8.471987687E-32));
#13386=ADVANCED_FACE('NONE',(#13387),#13405,.F.);
#13387=FACE_BOUND('NONE',#13388,.T.);
#13388=EDGE_LOOP('',(#13389,#13390,#13398,#13404));
#13389=ORIENTED_EDGE('',*,*,#13183,.F.);
#13390=ORIENTED_EDGE('',*,*,#13391,.T.);
#13391=EDGE_CURVE('NONE',#13176,#13392,#13394,.F.);
#13392=VERTEX_POINT('NONE',#13393);
#13393=CARTESIAN_POINT('',(-1.82,1.29,3.647150035));
#13394=LINE('',#13395,#13396);
#13395=CARTESIAN_POINT('',(-1.82,1.29,3.647150035));
#13396=VECTOR('',#13397,1.0);
#13397=DIRECTION('',(1.104919411E-16,-1.0,-8.471987687E-32));
#13398=ORIENTED_EDGE('',*,*,#13399,.T.);
#13399=EDGE_CURVE('NONE',#13392,#13368,#13400,.F.);
#13400=LINE('',#13401,#13402);
#13401=CARTESIAN_POINT('',(-1.82,1.29,3.647150035));
#13402=VECTOR('',#13403,1.0);
#13403=DIRECTION('',(0.0,0.0,1.0));
#13404=ORIENTED_EDGE('',*,*,#13367,.F.);
#13405=PLANE('',#13406);
#13406=AXIS2_PLACEMENT_3D('',#13407,#13408,#13409);
#13407=CARTESIAN_POINT('',(-1.82,1.29,3.647150035));
#13408=DIRECTION('',(1.0,1.104919411E-16,0.0));
#13409=DIRECTION('',(-1.104919411E-16,1.0,0.0));
#13410=ADVANCED_FACE('NONE',(#13411),#13422,.F.);
#13411=FACE_BOUND('NONE',#13412,.T.);
#13412=EDGE_LOOP('',(#13413,#13414,#13415,#13421));
#13413=ORIENTED_EDGE('',*,*,#13175,.F.);
#13414=ORIENTED_EDGE('',*,*,#13352,.F.);
#13415=ORIENTED_EDGE('',*,*,#13416,.T.);
#13416=EDGE_CURVE('NONE',#13345,#13392,#13417,.F.);
#13417=LINE('',#13418,#13419);
#13418=CARTESIAN_POINT('',(-1.82,1.29,3.647150035));
#13419=VECTOR('',#13420,1.0);
#13420=DIRECTION('',(1.0,9.856383386E-17,0.0));
#13421=ORIENTED_EDGE('',*,*,#13391,.F.);
#13422=PLANE('',#13423);
#13423=AXIS2_PLACEMENT_3D('',#13424,#13425,#13426);
#13424=CARTESIAN_POINT('',(-1.82,1.29,3.647150035));
#13425=DIRECTION('',(-8.350315868E-48,8.471987687E-32,-1.0));
#13426=DIRECTION('',(0.0,1.0,8.471987687E-32));
#13427=ADVANCED_FACE('NONE',(#13428,#13438),#13444,.F.);
#13428=FACE_BOUND('NONE',#13429,.T.);
#13429=EDGE_LOOP('',(#13430,#13437));
#13430=ORIENTED_EDGE('',*,*,#13431,.T.);
#13431=EDGE_CURVE('NONE',#12565,#12573,#13432,.F.);
#13432=CIRCLE('',#13433,0.535);
#13433=AXIS2_PLACEMENT_3D('',#13434,#13435,#13436);
#13434=CARTESIAN_POINT('',(-1.27,1.29,3.097150035));
#13435=DIRECTION('',(-9.856383386E-17,1.0,0.0));
#13436=DIRECTION('',(-1.0,-9.856383386E-17,0.0));
#13437=ORIENTED_EDGE('',*,*,#12572,.F.);
#13438=FACE_BOUND('NONE',#13439,.T.);
#13439=EDGE_LOOP('',(#13440,#13441,#13442,#13443));
#13440=ORIENTED_EDGE('',*,*,#13344,.F.);
#13441=ORIENTED_EDGE('',*,*,#13375,.F.);
#13442=ORIENTED_EDGE('',*,*,#13399,.F.);
#13443=ORIENTED_EDGE('',*,*,#13416,.F.);
#13444=PLANE('',#13445);
#13445=AXIS2_PLACEMENT_3D('',#13446,#13447,#13448);
#13446=CARTESIAN_POINT('',(5.08,1.29,7.624788918E-32));
#13447=DIRECTION('',(9.856383386E-17,-1.0,0.0));
#13448=DIRECTION('',(1.0,9.856383386E-17,0.0));
#13449=ADVANCED_FACE('NONE',(#13450),#13465,.T.);
#13450=FACE_BOUND('NONE',#13451,.T.);
#13451=EDGE_LOOP('',(#13452,#13453,#13454,#13463,#13464));
#13452=ORIENTED_EDGE('',*,*,#12564,.F.);
#13453=ORIENTED_EDGE('',*,*,#12535,.F.);
#13454=ORIENTED_EDGE('',*,*,#13455,.T.);
#13455=EDGE_CURVE('NONE',#12528,#12553,#13456,.T.);
#13456=B_SPLINE_CURVE_WITH_KNOTS('',3,(#13457,#13458,#13459,#13460,#13461,#13462),.UNSPECIFIED.,.F.,.U.,(4,2,4),(5.062863522E-04,9.243922866E-04,0.001342498),.UNSPECIFIED.);
#13457=CARTESIAN_POINT('',(-1.27,2.599541489,2.562150035));
#13458=CARTESIAN_POINT('',(-1.129828121,2.599541489,2.562150035));
#13459=CARTESIAN_POINT('',(-0.990752568,2.599566155,2.619710978));
#13460=CARTESIAN_POINT('',(-0.792329561,2.599651253,2.818298581));
#13461=CARTESIAN_POINT('',(-0.735,2.599711021,2.95777583));
#13462=CARTESIAN_POINT('',(-0.735,2.599770745,3.097150035));
#13463=ORIENTED_EDGE('',*,*,#12581,.F.);
#13464=ORIENTED_EDGE('',*,*,#13431,.F.);
#13465=CYLINDRICAL_SURFACE('',#13466,0.535);
#13466=AXIS2_PLACEMENT_3D('',#13467,#13468,#13469);
#13467=CARTESIAN_POINT('',(-1.27,4.251,3.097150035));
#13468=DIRECTION('',(9.856383386E-17,-1.0,0.0));
#13469=DIRECTION('',(1.0,9.856383386E-17,0.0));
#13470=ADVANCED_FACE('NONE',(#13471),#13491,.F.);
#13471=FACE_BOUND('NONE',#13472,.T.);
#13472=EDGE_LOOP('',(#13473,#13474,#13475,#13476,#13477,#13490));
#13473=ORIENTED_EDGE('',*,*,#12509,.F.);
#13474=ORIENTED_EDGE('',*,*,#12552,.F.);
#13475=ORIENTED_EDGE('',*,*,#13455,.F.);
#13476=ORIENTED_EDGE('',*,*,#12527,.F.);
#13477=ORIENTED_EDGE('',*,*,#13478,.T.);
#13478=EDGE_CURVE('NONE',#12517,#12406,#13479,.F.);
#13479=B_SPLINE_CURVE_WITH_KNOTS('',3,(#13480,#13481,#13482,#13483,#13484,#13485,#13486,#13487,#13488,#13489),.UNSPECIFIED.,.F.,.U.,(4,2,2,2,4),(0.003743817,0.004134804,0.004525791,0.004916778,0.005307765),.UNSPECIFIED.);
#13480=CARTESIAN_POINT('',(-0.27,2.599571453,3.097150035));
#13481=CARTESIAN_POINT('',(-0.27,2.599515211,2.965911042));
#13482=CARTESIAN_POINT('',(-0.296179361,2.599459108,2.834994952));
#13483=CARTESIAN_POINT('',(-0.396151677,2.59935571,2.593720761));
#13484=CARTESIAN_POINT('',(-0.470761273,2.599307904,2.482167126));
#13485=CARTESIAN_POINT('',(-0.655087129,2.599228919,2.297857421));
#13486=CARTESIAN_POINT('',(-0.766723436,2.599196937,2.223229135));
#13487=CARTESIAN_POINT('',(-1.007813922,2.599154135,2.123351545));
#13488=CARTESIAN_POINT('',(-1.138969851,2.599142907,2.097150035));
#13489=CARTESIAN_POINT('',(-1.27,2.599142907,2.097150035));
#13490=ORIENTED_EDGE('',*,*,#12403,.F.);
#13491=CONICAL_SURFACE('',#13492,1.024292743,1.570367743);
#13492=AXIS2_PLACEMENT_3D('',#13493,#13494,#13495);
#13493=CARTESIAN_POINT('',(-1.27,2.599561005,3.097064392));
#13494=DIRECTION('',(0.0,-0.999999908,4.285833644E-04));
#13495=DIRECTION('',(0.0,-4.285833644E-04,-0.999999908));
#13496=ADVANCED_FACE('NONE',(#13497),#13516,.T.);
#13497=FACE_BOUND('NONE',#13498,.T.);
#13498=EDGE_LOOP('',(#13499,#13509));
#13499=ORIENTED_EDGE('',*,*,#13500,.T.);
#13500=EDGE_CURVE('NONE',#13501,#13503,#13505,.F.);
#13501=VERTEX_POINT('NONE',#13502);
#13502=CARTESIAN_POINT('',(-2.244358763,3.45,2.872150035));
#13503=VERTEX_POINT('NONE',#13504);
#13504=CARTESIAN_POINT('',(-0.295641237,3.45,2.872150035));
#13505=LINE('',#13506,#13507);
#13506=CARTESIAN_POINT('',(-2.27,3.45,2.872150035));
#13507=VECTOR('',#13508,1.0);
#13508=DIRECTION('',(-1.0,-2.168404345E-16,0.0));
#13509=ORIENTED_EDGE('',*,*,#13510,.T.);
#13510=EDGE_CURVE('NONE',#13503,#13501,#13511,.T.);
#13511=CIRCLE('',#13512,1.0);
#13512=AXIS2_PLACEMENT_3D('',#13513,#13514,#13515);
#13513=CARTESIAN_POINT('',(-1.27,3.45,3.097150035));
#13514=DIRECTION('',(-1.104919411E-16,1.0,0.0));
#13515=DIRECTION('',(-1.0,-1.104919411E-16,0.0));
#13516=PLANE('',#13517);
#13517=AXIS2_PLACEMENT_3D('',#13518,#13519,#13520);
#13518=CARTESIAN_POINT('',(-1.27,3.45,3.097150035));
#13519=DIRECTION('',(-1.104919411E-16,1.0,0.0));
#13520=DIRECTION('',(-1.0,-1.104919411E-16,0.0));
#13521=ADVANCED_FACE('NONE',(#13522),#13559,.T.);
#13522=FACE_BOUND('NONE',#13523,.T.);
#13523=EDGE_LOOP('',(#13524,#13525,#13526,#13527,#13528,#13537,#13543,#13544,#13552));
#13524=ORIENTED_EDGE('',*,*,#12418,.F.);
#13525=ORIENTED_EDGE('',*,*,#13478,.F.);
#13526=ORIENTED_EDGE('',*,*,#12516,.F.);
#13527=ORIENTED_EDGE('',*,*,#12469,.F.);
#13528=ORIENTED_EDGE('',*,*,#13529,.T.);
#13529=EDGE_CURVE('NONE',#12461,#13530,#13532,.F.);
#13530=VERTEX_POINT('NONE',#13531);
#13531=CARTESIAN_POINT('',(-2.244358763,3.15,2.872150035));
#13532=CIRCLE('',#13533,1.0);
#13533=AXIS2_PLACEMENT_3D('',#13534,#13535,#13536);
#13534=CARTESIAN_POINT('',(-1.27,3.15,3.097150035));
#13535=DIRECTION('',(-2.168404345E-16,1.0,0.0));
#13536=DIRECTION('',(1.0,2.168404345E-16,6.071532166E-15));
#13537=ORIENTED_EDGE('',*,*,#13538,.T.);
#13538=EDGE_CURVE('NONE',#13530,#13501,#13539,.F.);
#13539=LINE('',#13540,#13541);
#13540=CARTESIAN_POINT('',(-2.244358763,-4.251,2.872150035));
#13541=VECTOR('',#13542,1.0);
#13542=DIRECTION('',(1.104919411E-16,-1.0,0.0));
#13543=ORIENTED_EDGE('',*,*,#13510,.F.);
#13544=ORIENTED_EDGE('',*,*,#13545,.T.);
#13545=EDGE_CURVE('NONE',#13503,#13546,#13548,.F.);
#13546=VERTEX_POINT('NONE',#13547);
#13547=CARTESIAN_POINT('',(-0.295641237,3.15,2.872150035));
#13548=LINE('',#13549,#13550);
#13549=CARTESIAN_POINT('',(-0.295641237,-4.251,2.872150035));
#13550=VECTOR('',#13551,1.0);
#13551=DIRECTION('',(-1.104919411E-16,1.0,0.0));
#13552=ORIENTED_EDGE('',*,*,#13553,.T.);
#13553=EDGE_CURVE('NONE',#13546,#12419,#13554,.F.);
#13554=CIRCLE('',#13555,1.0);
#13555=AXIS2_PLACEMENT_3D('',#13556,#13557,#13558);
#13556=CARTESIAN_POINT('',(-1.27,3.15,3.097150035));
#13557=DIRECTION('',(-2.168404345E-16,1.0,0.0));
#13558=DIRECTION('',(1.0,2.168404345E-16,0.0));
#13559=CYLINDRICAL_SURFACE('',#13560,1.0);
#13560=AXIS2_PLACEMENT_3D('',#13561,#13562,#13563);
#13561=CARTESIAN_POINT('',(-1.27,-4.251,3.097150035));
#13562=DIRECTION('',(-1.104919411E-16,1.0,0.0));
#13563=DIRECTION('',(-1.0,-1.104919411E-16,0.0));
#13564=ADVANCED_FACE('NONE',(#13565),#13576,.F.);
#13565=FACE_BOUND('NONE',#13566,.T.);
#13566=EDGE_LOOP('',(#13567,#13568,#13574,#13575));
#13567=ORIENTED_EDGE('',*,*,#12435,.F.);
#13568=ORIENTED_EDGE('',*,*,#13569,.T.);
#13569=EDGE_CURVE('NONE',#12427,#12453,#13570,.F.);
#13570=LINE('',#13571,#13572);
#13571=CARTESIAN_POINT('',(-2.27,3.15,3.322150035));
#13572=VECTOR('',#13573,1.0);
#13573=DIRECTION('',(1.0,2.168404345E-16,0.0));
#13574=ORIENTED_EDGE('',*,*,#12452,.F.);
#13575=ORIENTED_EDGE('',*,*,#13125,.F.);
#13576=PLANE('',#13577);
#13577=AXIS2_PLACEMENT_3D('',#13578,#13579,#13580);
#13578=CARTESIAN_POINT('',(-2.27,3.15,3.322150035));
#13579=DIRECTION('',(0.0,0.0,1.0));
#13580=DIRECTION('',(1.0,0.0,0.0));
#13581=ADVANCED_FACE('NONE',(#13582),#13593,.F.);
#13582=FACE_BOUND('NONE',#13583,.T.);
#13583=EDGE_LOOP('',(#13584,#13585,#13591,#13592));
#13584=ORIENTED_EDGE('',*,*,#13538,.F.);
#13585=ORIENTED_EDGE('',*,*,#13586,.T.);
#13586=EDGE_CURVE('NONE',#13530,#13546,#13587,.F.);
#13587=LINE('',#13588,#13589);
#13588=CARTESIAN_POINT('',(-2.27,3.15,2.872150035));
#13589=VECTOR('',#13590,1.0);
#13590=DIRECTION('',(-1.0,-2.168404345E-16,0.0));
#13591=ORIENTED_EDGE('',*,*,#13545,.F.);
#13592=ORIENTED_EDGE('',*,*,#13500,.F.);
#13593=PLANE('',#13594);
#13594=AXIS2_PLACEMENT_3D('',#13595,#13596,#13597);
#13595=CARTESIAN_POINT('',(-2.27,3.15,2.872150035));
#13596=DIRECTION('',(0.0,0.0,-1.0));
#13597=DIRECTION('',(-1.0,0.0,0.0));
#13598=ADVANCED_FACE('NONE',(#13599),#13607,.F.);
#13599=FACE_BOUND('NONE',#13600,.T.);
#13600=EDGE_LOOP('',(#13601,#13602,#13603,#13604,#13605,#13606));
#13601=ORIENTED_EDGE('',*,*,#13586,.F.);
#13602=ORIENTED_EDGE('',*,*,#13529,.F.);
#13603=ORIENTED_EDGE('',*,*,#12460,.F.);
#13604=ORIENTED_EDGE('',*,*,#13569,.F.);
#13605=ORIENTED_EDGE('',*,*,#12426,.F.);
#13606=ORIENTED_EDGE('',*,*,#13553,.F.);
#13607=PLANE('',#13608);
#13608=AXIS2_PLACEMENT_3D('',#13609,#13610,#13611);
#13609=CARTESIAN_POINT('',(5.08,3.15,0.0));
#13610=DIRECTION('',(2.168404345E-16,-1.0,0.0));
#13611=DIRECTION('',(1.0,2.168404345E-16,0.0));
#13612=ADVANCED_FACE('NONE',(#13613),#13624,.F.);
#13613=FACE_BOUND('NONE',#13614,.T.);
#13614=EDGE_LOOP('',(#13615,#13616,#13622,#13623));
#13615=ORIENTED_EDGE('',*,*,#13036,.F.);
#13616=ORIENTED_EDGE('',*,*,#13617,.T.);
#13617=EDGE_CURVE('NONE',#13028,#12975,#13618,.F.);
#13618=LINE('',#13619,#13620);
#13619=CARTESIAN_POINT('',(-0.72,-0.996532275,1.039712991));
#13620=VECTOR('',#13621,1.0);
#13621=DIRECTION('',(-1.0,-1.104919411E-16,6.652489415E-16));
#13622=ORIENTED_EDGE('',*,*,#12974,.F.);
#13623=ORIENTED_EDGE('',*,*,#13245,.F.);
#13624=PLANE('',#13625);
#13625=AXIS2_PLACEMENT_3D('',#13626,#13627,#13628);
#13626=CARTESIAN_POINT('',(-0.72,-0.996532275,1.949712991));
#13627=DIRECTION('',(-1.104919411E-16,1.0,1.053148155E-31));
#13628=DIRECTION('',(-1.0,-1.104919411E-16,0.0));
#13629=ADVANCED_FACE('NONE',(#13630),#13636,.F.);
#13630=FACE_BOUND('NONE',#13631,.T.);
#13631=EDGE_LOOP('',(#13632,#13633,#13634,#13635));
#13632=ORIENTED_EDGE('',*,*,#13027,.F.);
#13633=ORIENTED_EDGE('',*,*,#12613,.F.);
#13634=ORIENTED_EDGE('',*,*,#12982,.F.);
#13635=ORIENTED_EDGE('',*,*,#13617,.F.);
#13636=CYLINDRICAL_SURFACE('',#13637,0.04);
#13637=AXIS2_PLACEMENT_3D('',#13638,#13639,#13640);
#13638=CARTESIAN_POINT('',(-0.72,-1.036532275,1.039712991));
#13639=DIRECTION('',(-1.0,-1.104919411E-16,6.652489415E-16));
#13640=DIRECTION('',(6.652489415E-16,7.350464689E-32,1.0));
#13641=ADVANCED_FACE('NONE',(#13642),#13648,.T.);
#13642=FACE_BOUND('NONE',#13643,.T.);
#13643=EDGE_LOOP('',(#13644,#13645,#13646,#13647));
#13644=ORIENTED_EDGE('',*,*,#13109,.F.);
#13645=ORIENTED_EDGE('',*,*,#12783,.F.);
#13646=ORIENTED_EDGE('',*,*,#12900,.F.);
#13647=ORIENTED_EDGE('',*,*,#12653,.F.);
#13648=CYLINDRICAL_SURFACE('',#13649,0.54);
#13649=AXIS2_PLACEMENT_3D('',#13650,#13651,#13652);
#13650=CARTESIAN_POINT('',(-0.72,-4.236532275,2.81));
#13651=DIRECTION('',(-1.0,-1.104919411E-16,6.652489415E-16));
#13652=DIRECTION('',(6.652489415E-16,6.95153432E-33,1.0));
#13653=ADVANCED_FACE('NONE',(#13654),#13665,.F.);
#13654=FACE_BOUND('NONE',#13655,.T.);
#13655=EDGE_LOOP('',(#13656,#13657,#13663,#13664));
#13656=ORIENTED_EDGE('',*,*,#13094,.F.);
#13657=ORIENTED_EDGE('',*,*,#13658,.T.);
#13658=EDGE_CURVE('NONE',#13087,#12916,#13659,.F.);
#13659=LINE('',#13660,#13661);
#13660=CARTESIAN_POINT('',(-0.72,-4.196532275,2.81));
#13661=VECTOR('',#13662,1.0);
#13662=DIRECTION('',(-1.0,-1.104919411E-16,6.652489415E-16));
#13663=ORIENTED_EDGE('',*,*,#12915,.F.);
#13664=ORIENTED_EDGE('',*,*,#12852,.F.);
#13665=CYLINDRICAL_SURFACE('',#13666,0.04);
#13666=AXIS2_PLACEMENT_3D('',#13667,#13668,#13669);
#13667=CARTESIAN_POINT('',(-0.72,-4.236532275,2.81));
#13668=DIRECTION('',(-1.0,-1.104919411E-16,6.652489415E-16));
#13669=DIRECTION('',(6.652489415E-16,7.350464689E-32,1.0));
#13670=ADVANCED_FACE('NONE',(#13671),#13682,.F.);
#13671=FACE_BOUND('NONE',#13672,.T.);
#13672=EDGE_LOOP('',(#13673,#13674,#13680,#13681));
#13673=ORIENTED_EDGE('',*,*,#13086,.F.);
#13674=ORIENTED_EDGE('',*,*,#13675,.T.);
#13675=EDGE_CURVE('NONE',#13078,#12925,#13676,.F.);
#13676=LINE('',#13677,#13678);
#13677=CARTESIAN_POINT('',(-0.72,-4.196532275,1.039712991));
#13678=VECTOR('',#13679,1.0);
#13679=DIRECTION('',(-1.0,-1.104919411E-16,6.652489415E-16));
#13680=ORIENTED_EDGE('',*,*,#12924,.F.);
#13681=ORIENTED_EDGE('',*,*,#13658,.F.);
#13682=PLANE('',#13683);
#13683=AXIS2_PLACEMENT_3D('',#13684,#13685,#13686);
#13684=CARTESIAN_POINT('',(-0.72,-4.196532275,1.039712991));
#13685=DIRECTION('',(-1.104919411E-16,1.0,1.082722538E-31));
#13686=DIRECTION('',(-1.0,-1.104919411E-16,0.0));
#13687=ADVANCED_FACE('NONE',(#13688),#13699,.T.);
#13688=FACE_BOUND('NONE',#13689,.T.);
#13689=EDGE_LOOP('',(#13690,#13691,#13697,#13698));
#13690=ORIENTED_EDGE('',*,*,#13077,.F.);
#13691=ORIENTED_EDGE('',*,*,#13692,.T.);
#13692=EDGE_CURVE('NONE',#13070,#12933,#13693,.F.);
#13693=LINE('',#13694,#13695);
#13694=CARTESIAN_POINT('',(-0.72,-3.656532275,0.499712991));
#13695=VECTOR('',#13696,1.0);
#13696=DIRECTION('',(-1.0,-1.104919411E-16,6.652489415E-16));
#13697=ORIENTED_EDGE('',*,*,#12932,.F.);
#13698=ORIENTED_EDGE('',*,*,#13675,.F.);
#13699=CYLINDRICAL_SURFACE('',#13700,0.54);
#13700=AXIS2_PLACEMENT_3D('',#13701,#13702,#13703);
#13701=CARTESIAN_POINT('',(-0.72,-3.656532275,1.039712991));
#13702=DIRECTION('',(-1.0,-1.104919411E-16,6.652489415E-16));
#13703=DIRECTION('',(6.652489415E-16,6.95153432E-33,1.0));
#13704=ADVANCED_FACE('NONE',(#13705),#13716,.F.);
#13705=FACE_BOUND('NONE',#13706,.T.);
#13706=EDGE_LOOP('',(#13707,#13708,#13714,#13715));
#13707=ORIENTED_EDGE('',*,*,#13069,.F.);
#13708=ORIENTED_EDGE('',*,*,#13709,.T.);
#13709=EDGE_CURVE('NONE',#13061,#12942,#13710,.F.);
#13710=LINE('',#13711,#13712);
#13711=CARTESIAN_POINT('',(-0.72,-1.036532275,0.499712991));
#13712=VECTOR('',#13713,1.0);
#13713=DIRECTION('',(-1.0,-1.104919411E-16,6.652489415E-16));
#13714=ORIENTED_EDGE('',*,*,#12941,.F.);
#13715=ORIENTED_EDGE('',*,*,#13692,.F.);
#13716=PLANE('',#13717);
#13717=AXIS2_PLACEMENT_3D('',#13718,#13719,#13720);
#13718=CARTESIAN_POINT('',(-0.72,-1.036532275,0.499712991));
#13719=DIRECTION('',(6.652489415E-16,0.0,1.0));
#13720=DIRECTION('',(1.0,0.0,-6.652489415E-16));
#13721=ADVANCED_FACE('NONE',(#13722),#13733,.T.);
#13722=FACE_BOUND('NONE',#13723,.T.);
#13723=EDGE_LOOP('',(#13724,#13725,#13731,#13732));
#13724=ORIENTED_EDGE('',*,*,#13060,.F.);
#13725=ORIENTED_EDGE('',*,*,#13726,.T.);
#13726=EDGE_CURVE('NONE',#13053,#12950,#13727,.F.);
#13727=LINE('',#13728,#13729);
#13728=CARTESIAN_POINT('',(-0.72,-0.496532275,1.039712991));
#13729=VECTOR('',#13730,1.0);
#13730=DIRECTION('',(-1.0,-1.104919411E-16,6.652489415E-16));
#13731=ORIENTED_EDGE('',*,*,#12949,.F.);
#13732=ORIENTED_EDGE('',*,*,#13709,.F.);
#13733=CYLINDRICAL_SURFACE('',#13734,0.54);
#13734=AXIS2_PLACEMENT_3D('',#13735,#13736,#13737);
#13735=CARTESIAN_POINT('',(-0.72,-1.036532275,1.039712991));
#13736=DIRECTION('',(-1.0,-1.104919411E-16,6.652489415E-16));
#13737=DIRECTION('',(6.652489415E-16,6.95153432E-33,1.0));
#13738=ADVANCED_FACE('NONE',(#13739),#13745,.F.);
#13739=FACE_BOUND('NONE',#13740,.T.);
#13740=EDGE_LOOP('',(#13741,#13742,#13743,#13744));
#13741=ORIENTED_EDGE('',*,*,#13052,.F.);
#13742=ORIENTED_EDGE('',*,*,#13252,.F.);
#13743=ORIENTED_EDGE('',*,*,#12958,.F.);
#13744=ORIENTED_EDGE('',*,*,#13726,.F.);
#13745=PLANE('',#13746);
#13746=AXIS2_PLACEMENT_3D('',#13747,#13748,#13749);
#13747=CARTESIAN_POINT('',(-0.72,-0.496532275,1.949712991));
#13748=DIRECTION('',(1.104919411E-16,-1.0,-1.053148155E-31));
#13749=DIRECTION('',(1.0,1.104919411E-16,0.0));
#13750=ADVANCED_FACE('NONE',(#13751),#13757,.T.);
#13751=FACE_BOUND('NONE',#13752,.T.);
#13752=EDGE_LOOP('',(#13753,#13754,#13755,#13756));
#13753=ORIENTED_EDGE('',*,*,#12749,.F.);
#13754=ORIENTED_EDGE('',*,*,#13102,.F.);
#13755=ORIENTED_EDGE('',*,*,#12836,.F.);
#13756=ORIENTED_EDGE('',*,*,#12805,.F.);
#13757=PLANE('',#13758);
#13758=AXIS2_PLACEMENT_3D('',#13759,#13760,#13761);
#13759=CARTESIAN_POINT('',(-1.82,-6.55,0.85));
#13760=DIRECTION('',(-0.96,-0.28,6.732004635E-16));
#13761=DIRECTION('',(0.28,-0.96,0.0));
#13762=ADVANCED_FACE('NONE',(#13763),#13769,.T.);
#13763=FACE_BOUND('NONE',#13764,.T.);
#13764=EDGE_LOOP('',(#13765,#13766,#13767,#13768));
#13765=ORIENTED_EDGE('',*,*,#12767,.F.);
#13766=ORIENTED_EDGE('',*,*,#12821,.F.);
#13767=ORIENTED_EDGE('',*,*,#12868,.F.);
#13768=ORIENTED_EDGE('',*,*,#12908,.F.);
#13769=PLANE('',#13770);
#13770=AXIS2_PLACEMENT_3D('',#13771,#13772,#13773);
#13771=CARTESIAN_POINT('',(-0.72,-6.55,0.85));
#13772=DIRECTION('',(0.96,-0.28,-6.040775042E-16));
#13773=DIRECTION('',(0.28,0.96,0.0));
#13774=ADVANCED_FACE('NONE',(#13775),#13786,.F.);
#13775=FACE_BOUND('NONE',#13776,.T.);
#13776=EDGE_LOOP('',(#13777,#13778,#13779,#13785));
#13777=ORIENTED_EDGE('',*,*,#12709,.F.);
#13778=ORIENTED_EDGE('',*,*,#13321,.F.);
#13779=ORIENTED_EDGE('',*,*,#13780,.T.);
#13780=EDGE_CURVE('NONE',#13314,#13285,#13781,.F.);
#13781=LINE('',#13782,#13783);
#13782=CARTESIAN_POINT('',(-0.23,-3.25,5.149712991));
#13783=VECTOR('',#13784,1.0);
#13784=DIRECTION('',(-1.0,-2.085004178E-16,0.0));
#13785=ORIENTED_EDGE('',*,*,#13284,.F.);
#13786=PLANE('',#13787);
#13787=AXIS2_PLACEMENT_3D('',#13788,#13789,#13790);
#13788=CARTESIAN_POINT('',(-0.23,-3.25,5.149712991));
#13789=DIRECTION('',(2.085004178E-16,-1.0,0.0));
#13790=DIRECTION('',(1.0,2.085004178E-16,0.0));
#13791=ADVANCED_FACE('NONE',(#13792),#13798,.T.);
#13792=FACE_BOUND('NONE',#13793,.T.);
#13793=EDGE_LOOP('',(#13794,#13795,#13796,#13797));
#13794=ORIENTED_EDGE('',*,*,#13292,.F.);
#13795=ORIENTED_EDGE('',*,*,#13780,.F.);
#13796=ORIENTED_EDGE('',*,*,#13313,.F.);
#13797=ORIENTED_EDGE('',*,*,#13231,.F.);
#13798=PLANE('',#13799);
#13799=AXIS2_PLACEMENT_3D('',#13800,#13801,#13802);
#13800=CARTESIAN_POINT('',(5.08,0.0,5.149712991));
#13801=DIRECTION('',(0.0,0.0,1.0));
#13802=DIRECTION('',(1.0,0.0,0.0));
#13803=ADVANCED_FACE('NONE',(#13804),#13829,.F.);
#13804=FACE_BOUND('NONE',#13805,.T.);
#13805=EDGE_LOOP('',(#13806,#13814,#13815,#13823));
#13806=ORIENTED_EDGE('',*,*,#13807,.T.);
#13807=EDGE_CURVE('NONE',#13808,#13013,#13810,.T.);
#13808=VERTEX_POINT('NONE',#13809);
#13809=CARTESIAN_POINT('',(-2.31,-3.25,0.9));
#13810=LINE('',#13811,#13812);
#13811=CARTESIAN_POINT('',(-2.31,-3.25,0.9));
#13812=VECTOR('',#13813,1.0);
#13813=DIRECTION('',(1.0,0.0,1.042502089E-16));
#13814=ORIENTED_EDGE('',*,*,#13012,.F.);
#13815=ORIENTED_EDGE('',*,*,#13816,.T.);
#13816=EDGE_CURVE('NONE',#13005,#13817,#13819,.F.);
#13817=VERTEX_POINT('NONE',#13818);
#13818=CARTESIAN_POINT('',(-2.31,-3.696532275,0.9));
#13819=LINE('',#13820,#13821);
#13820=CARTESIAN_POINT('',(-2.31,-3.696532275,0.9));
#13821=VECTOR('',#13822,1.0);
#13822=DIRECTION('',(1.0,0.0,1.042502089E-16));
#13823=ORIENTED_EDGE('',*,*,#13824,.T.);
#13824=EDGE_CURVE('NONE',#13817,#13808,#13825,.T.);
#13825=LINE('',#13826,#13827);
#13826=CARTESIAN_POINT('',(-2.31,-3.696532275,0.9));
#13827=VECTOR('',#13828,1.0);
#13828=DIRECTION('',(0.0,1.0,0.0));
#13829=PLANE('',#13830);
#13830=AXIS2_PLACEMENT_3D('',#13831,#13832,#13833);
#13831=CARTESIAN_POINT('',(-2.31,-3.696532275,0.9));
#13832=DIRECTION('',(-1.042502089E-16,0.0,1.0));
#13833=DIRECTION('',(1.0,0.0,1.042502089E-16));
#13834=ADVANCED_FACE('NONE',(#13835),#13853,.T.);
#13835=FACE_BOUND('NONE',#13836,.T.);
#13836=EDGE_LOOP('',(#13837,#13838,#13846,#13852));
#13837=ORIENTED_EDGE('',*,*,#13004,.F.);
#13838=ORIENTED_EDGE('',*,*,#13839,.T.);
#13839=EDGE_CURVE('NONE',#12638,#13840,#13842,.T.);
#13840=VERTEX_POINT('NONE',#13841);
#13841=CARTESIAN_POINT('',(-2.31,-3.696532275,1.549571274));
#13842=LINE('',#13843,#13844);
#13843=CARTESIAN_POINT('',(-0.23,-3.696532275,1.549571274));
#13844=VECTOR('',#13845,1.0);
#13845=DIRECTION('',(-1.0,0.0,0.0));
#13846=ORIENTED_EDGE('',*,*,#13847,.T.);
#13847=EDGE_CURVE('NONE',#13840,#13817,#13848,.T.);
#13848=LINE('',#13849,#13850);
#13849=CARTESIAN_POINT('',(-2.31,-3.696532275,1.549571274));
#13850=VECTOR('',#13851,1.0);
#13851=DIRECTION('',(-1.335283398E-15,0.0,-1.0));
#13852=ORIENTED_EDGE('',*,*,#13816,.F.);
#13853=PLANE('',#13854);
#13854=AXIS2_PLACEMENT_3D('',#13855,#13856,#13857);
#13855=CARTESIAN_POINT('',(5.08,-3.696532275,0.0));
#13856=DIRECTION('',(0.0,-1.0,0.0));
#13857=DIRECTION('',(0.0,0.0,-1.0));
#13858=ADVANCED_FACE('NONE',(#13859),#13884,.F.);
#13859=FACE_BOUND('NONE',#13860,.T.);
#13860=EDGE_LOOP('',(#13861,#13862,#13870,#13878));
#13861=ORIENTED_EDGE('',*,*,#12883,.F.);
#13862=ORIENTED_EDGE('',*,*,#13863,.T.);
#13863=EDGE_CURVE('NONE',#12884,#13864,#13866,.T.);
#13864=VERTEX_POINT('NONE',#13865);
#13865=CARTESIAN_POINT('',(-0.23,-3.25,0.9));
#13866=LINE('',#13867,#13868);
#13867=CARTESIAN_POINT('',(-2.31,-3.25,0.9));
#13868=VECTOR('',#13869,1.0);
#13869=DIRECTION('',(1.0,0.0,1.042502089E-16));
#13870=ORIENTED_EDGE('',*,*,#13871,.T.);
#13871=EDGE_CURVE('NONE',#13864,#13872,#13874,.F.);
#13872=VERTEX_POINT('NONE',#13873);
#13873=CARTESIAN_POINT('',(-0.23,-3.696532275,0.9));
#13874=LINE('',#13875,#13876);
#13875=CARTESIAN_POINT('',(-0.23,-3.696532275,0.9));
#13876=VECTOR('',#13877,1.0);
#13877=DIRECTION('',(0.0,1.0,0.0));
#13878=ORIENTED_EDGE('',*,*,#13879,.T.);
#13879=EDGE_CURVE('NONE',#13872,#12886,#13880,.F.);
#13880=LINE('',#13881,#13882);
#13881=CARTESIAN_POINT('',(-2.31,-3.696532275,0.9));
#13882=VECTOR('',#13883,1.0);
#13883=DIRECTION('',(1.0,0.0,1.042502089E-16));
#13884=PLANE('',#13885);
#13885=AXIS2_PLACEMENT_3D('',#13886,#13887,#13888);
#13886=CARTESIAN_POINT('',(-2.31,-3.696532275,0.9));
#13887=DIRECTION('',(-1.042502089E-16,0.0,1.0));
#13888=DIRECTION('',(1.0,0.0,1.042502089E-16));
#13889=ADVANCED_FACE('NONE',(#13890),#13915,.F.);
#13890=FACE_BOUND('NONE',#13891,.T.);
#13891=EDGE_LOOP('',(#13892,#13900,#13908,#13914));
#13892=ORIENTED_EDGE('',*,*,#13893,.T.);
#13893=EDGE_CURVE('NONE',#13864,#13894,#13896,.T.);
#13894=VERTEX_POINT('NONE',#13895);
#13895=CARTESIAN_POINT('',(-0.23,-3.25,1.549571274));
#13896=LINE('',#13897,#13898);
#13897=CARTESIAN_POINT('',(-0.23,-3.25,0.9));
#13898=VECTOR('',#13899,1.0);
#13899=DIRECTION('',(0.0,0.0,1.0));
#13900=ORIENTED_EDGE('',*,*,#13901,.T.);
#13901=EDGE_CURVE('NONE',#13894,#13902,#13904,.F.);
#13902=VERTEX_POINT('NONE',#13903);
#13903=CARTESIAN_POINT('',(-0.23,-3.696532275,1.549571274));
#13904=LINE('',#13905,#13906);
#13905=CARTESIAN_POINT('',(-0.23,-3.696532275,1.549571274));
#13906=VECTOR('',#13907,1.0);
#13907=DIRECTION('',(0.0,1.0,0.0));
#13908=ORIENTED_EDGE('',*,*,#13909,.T.);
#13909=EDGE_CURVE('NONE',#13902,#13872,#13910,.F.);
#13910=LINE('',#13911,#13912);
#13911=CARTESIAN_POINT('',(-0.23,-3.696532275,0.9));
#13912=VECTOR('',#13913,1.0);
#13913=DIRECTION('',(0.0,0.0,1.0));
#13914=ORIENTED_EDGE('',*,*,#13871,.F.);
#13915=PLANE('',#13916);
#13916=AXIS2_PLACEMENT_3D('',#13917,#13918,#13919);
#13917=CARTESIAN_POINT('',(-0.23,-3.696532275,0.9));
#13918=DIRECTION('',(-1.0,0.0,0.0));
#13919=DIRECTION('',(0.0,0.0,1.0));
#13920=ADVANCED_FACE('NONE',(#13921),#13946,.F.);
#13921=FACE_BOUND('NONE',#13922,.T.);
#13922=EDGE_LOOP('',(#13923,#13931,#13937,#13938,#13939,#13945));
#13923=ORIENTED_EDGE('',*,*,#13924,.T.);
#13924=EDGE_CURVE('NONE',#13894,#13925,#13927,.T.);
#13925=VERTEX_POINT('NONE',#13926);
#13926=CARTESIAN_POINT('',(-2.31,-3.25,1.549571274));
#13927=LINE('',#13928,#13929);
#13928=CARTESIAN_POINT('',(-0.23,-3.25,1.549571274));
#13929=VECTOR('',#13930,1.0);
#13930=DIRECTION('',(-1.0,0.0,0.0));
#13931=ORIENTED_EDGE('',*,*,#13932,.T.);
#13932=EDGE_CURVE('NONE',#13925,#13840,#13933,.F.);
#13933=LINE('',#13934,#13935);
#13934=CARTESIAN_POINT('',(-2.31,-3.696532275,1.549571274));
#13935=VECTOR('',#13936,1.0);
#13936=DIRECTION('',(0.0,1.0,0.0));
#13937=ORIENTED_EDGE('',*,*,#13839,.F.);
#13938=ORIENTED_EDGE('',*,*,#12635,.F.);
#13939=ORIENTED_EDGE('',*,*,#13940,.T.);
#13940=EDGE_CURVE('NONE',#12636,#13902,#13941,.F.);
#13941=LINE('',#13942,#13943);
#13942=CARTESIAN_POINT('',(-0.23,-3.696532275,1.549571274));
#13943=VECTOR('',#13944,1.0);
#13944=DIRECTION('',(-1.0,0.0,0.0));
#13945=ORIENTED_EDGE('',*,*,#13901,.F.);
#13946=PLANE('',#13947);
#13947=AXIS2_PLACEMENT_3D('',#13948,#13949,#13950);
#13948=CARTESIAN_POINT('',(-0.23,-3.696532275,1.549571274));
#13949=DIRECTION('',(0.0,0.0,-1.0));
#13950=DIRECTION('',(-1.0,0.0,0.0));
#13951=ADVANCED_FACE('NONE',(#13952),#13963,.F.);
#13952=FACE_BOUND('NONE',#13953,.T.);
#13953=EDGE_LOOP('',(#13954,#13960,#13961,#13962));
#13954=ORIENTED_EDGE('',*,*,#13955,.T.);
#13955=EDGE_CURVE('NONE',#13925,#13808,#13956,.T.);
#13956=LINE('',#13957,#13958);
#13957=CARTESIAN_POINT('',(-2.31,-3.25,1.549571274));
#13958=VECTOR('',#13959,1.0);
#13959=DIRECTION('',(-1.335283398E-15,0.0,-1.0));
#13960=ORIENTED_EDGE('',*,*,#13824,.F.);
#13961=ORIENTED_EDGE('',*,*,#13847,.F.);
#13962=ORIENTED_EDGE('',*,*,#13932,.F.);
#13963=PLANE('',#13964);
#13964=AXIS2_PLACEMENT_3D('',#13965,#13966,#13967);
#13965=CARTESIAN_POINT('',(-2.31,-3.696532275,1.549571274));
#13966=DIRECTION('',(1.0,0.0,-1.335283398E-15));
#13967=DIRECTION('',(-1.335283398E-15,0.0,-1.0));
#13968=ADVANCED_FACE('NONE',(#13969),#13975,.T.);
#13969=FACE_BOUND('NONE',#13970,.T.);
#13970=EDGE_LOOP('',(#13971,#13972,#13973,#13974));
#13971=ORIENTED_EDGE('',*,*,#13940,.F.);
#13972=ORIENTED_EDGE('',*,*,#12893,.F.);
#13973=ORIENTED_EDGE('',*,*,#13879,.F.);
#13974=ORIENTED_EDGE('',*,*,#13909,.F.);
#13975=PLANE('',#13976);
#13976=AXIS2_PLACEMENT_3D('',#13977,#13978,#13979);
#13977=CARTESIAN_POINT('',(5.08,-3.696532275,0.0));
#13978=DIRECTION('',(0.0,-1.0,0.0));
#13979=DIRECTION('',(0.0,0.0,-1.0));
#13980=ADVANCED_FACE('NONE',(#13981),#13991,.F.);
#13981=FACE_BOUND('NONE',#13982,.T.);
#13982=EDGE_LOOP('',(#13983,#13984,#13985,#13986,#13987,#13988,#13989,#13990));
#13983=ORIENTED_EDGE('',*,*,#12990,.F.);
#13984=ORIENTED_EDGE('',*,*,#12595,.F.);
#13985=ORIENTED_EDGE('',*,*,#13020,.F.);
#13986=ORIENTED_EDGE('',*,*,#13807,.F.);
#13987=ORIENTED_EDGE('',*,*,#13955,.F.);
#13988=ORIENTED_EDGE('',*,*,#13924,.F.);
#13989=ORIENTED_EDGE('',*,*,#13893,.F.);
#13990=ORIENTED_EDGE('',*,*,#13863,.F.);
#13991=PLANE('',#13992);
#13992=AXIS2_PLACEMENT_3D('',#13993,#13994,#13995);
#13993=CARTESIAN_POINT('',(5.08,-3.25,0.0));
#13994=DIRECTION('',(0.0,-1.0,0.0));
#13995=DIRECTION('',(0.0,0.0,-1.0));
#13996=ADVANCED_FACE('NONE',(#13997),#14022,.T.);
#13997=FACE_BOUND('NONE',#13998,.T.);
#13998=EDGE_LOOP('',(#13999,#14007,#14008,#14016));
#13999=ORIENTED_EDGE('',*,*,#14000,.T.);
#14000=EDGE_CURVE('NONE',#14001,#12686,#14003,.F.);
#14001=VERTEX_POINT('NONE',#14002);
#14002=CARTESIAN_POINT('',(-1.95,-1.07,5.35));
#14003=LINE('',#14004,#14005);
#14004=CARTESIAN_POINT('',(-1.95,-1.07,2.441274629));
#14005=VECTOR('',#14006,1.0);
#14006=DIRECTION('',(0.0,0.0,1.0));
#14007=ORIENTED_EDGE('',*,*,#12685,.F.);
#14008=ORIENTED_EDGE('',*,*,#14009,.T.);
#14009=EDGE_CURVE('NONE',#12678,#14010,#14012,.T.);
#14010=VERTEX_POINT('NONE',#14011);
#14011=CARTESIAN_POINT('',(-1.95,-2.81,5.35));
#14012=LINE('',#14013,#14014);
#14013=CARTESIAN_POINT('',(-1.95,-2.81,2.441274629));
#14014=VECTOR('',#14015,1.0);
#14015=DIRECTION('',(0.0,0.0,1.0));
#14016=ORIENTED_EDGE('',*,*,#14017,.T.);
#14017=EDGE_CURVE('NONE',#14010,#14001,#14018,.F.);
#14018=LINE('',#14019,#14020);
#14019=CARTESIAN_POINT('',(-1.95,-1.07,5.35));
#14020=VECTOR('',#14021,1.0);
#14021=DIRECTION('',(0.0,-1.0,0.0));
#14022=PLANE('',#14023);
#14023=AXIS2_PLACEMENT_3D('',#14024,#14025,#14026);
#14024=CARTESIAN_POINT('',(-1.95,-1.07,2.441274629));
#14025=DIRECTION('',(-1.0,0.0,0.0));
#14026=DIRECTION('',(0.0,0.0,1.0));
#14027=ADVANCED_FACE('NONE',(#14028),#14046,.T.);
#14028=FACE_BOUND('NONE',#14029,.T.);
#14029=EDGE_LOOP('',(#14030,#14038,#14039,#14040));
#14030=ORIENTED_EDGE('',*,*,#14031,.T.);
#14031=EDGE_CURVE('NONE',#14032,#12694,#14034,.F.);
#14032=VERTEX_POINT('NONE',#14033);
#14033=CARTESIAN_POINT('',(-0.59,-1.07,5.35));
#14034=LINE('',#14035,#14036);
#14035=CARTESIAN_POINT('',(-0.59,-1.07,2.441274629));
#14036=VECTOR('',#14037,1.0);
#14037=DIRECTION('',(0.0,0.0,1.0));
#14038=ORIENTED_EDGE('',*,*,#12693,.F.);
#14039=ORIENTED_EDGE('',*,*,#14000,.F.);
#14040=ORIENTED_EDGE('',*,*,#14041,.T.);
#14041=EDGE_CURVE('NONE',#14001,#14032,#14042,.F.);
#14042=LINE('',#14043,#14044);
#14043=CARTESIAN_POINT('',(-1.95,-1.07,5.35));
#14044=VECTOR('',#14045,1.0);
#14045=DIRECTION('',(-1.0,0.0,0.0));
#14046=PLANE('',#14047);
#14047=AXIS2_PLACEMENT_3D('',#14048,#14049,#14050);
#14048=CARTESIAN_POINT('',(-1.95,-1.07,2.441274629));
#14049=DIRECTION('',(0.0,1.0,0.0));
#14050=DIRECTION('',(0.0,0.0,1.0));
#14051=ADVANCED_FACE('NONE',(#14052),#14070,.T.);
#14052=FACE_BOUND('NONE',#14053,.T.);
#14053=EDGE_LOOP('',(#14054,#14062,#14063,#14064));
#14054=ORIENTED_EDGE('',*,*,#14055,.T.);
#14055=EDGE_CURVE('NONE',#14056,#12676,#14058,.F.);
#14056=VERTEX_POINT('NONE',#14057);
#14057=CARTESIAN_POINT('',(-0.59,-2.81,5.35));
#14058=LINE('',#14059,#14060);
#14059=CARTESIAN_POINT('',(-0.59,-2.81,2.441274629));
#14060=VECTOR('',#14061,1.0);
#14061=DIRECTION('',(0.0,0.0,1.0));
#14062=ORIENTED_EDGE('',*,*,#12701,.F.);
#14063=ORIENTED_EDGE('',*,*,#14031,.F.);
#14064=ORIENTED_EDGE('',*,*,#14065,.T.);
#14065=EDGE_CURVE('NONE',#14032,#14056,#14066,.F.);
#14066=LINE('',#14067,#14068);
#14067=CARTESIAN_POINT('',(-0.59,-1.07,5.35));
#14068=VECTOR('',#14069,1.0);
#14069=DIRECTION('',(0.0,1.0,0.0));
#14070=PLANE('',#14071);
#14071=AXIS2_PLACEMENT_3D('',#14072,#14073,#14074);
#14072=CARTESIAN_POINT('',(-0.59,-1.07,2.441274629));
#14073=DIRECTION('',(1.0,0.0,0.0));
#14074=DIRECTION('',(0.0,0.0,-1.0));
#14075=ADVANCED_FACE('NONE',(#14076),#14087,.T.);
#14076=FACE_BOUND('NONE',#14077,.T.);
#14077=EDGE_LOOP('',(#14078,#14079,#14080,#14081));
#14078=ORIENTED_EDGE('',*,*,#14009,.F.);
#14079=ORIENTED_EDGE('',*,*,#12675,.F.);
#14080=ORIENTED_EDGE('',*,*,#14055,.F.);
#14081=ORIENTED_EDGE('',*,*,#14082,.T.);
#14082=EDGE_CURVE('NONE',#14056,#14010,#14083,.F.);
#14083=LINE('',#14084,#14085);
#14084=CARTESIAN_POINT('',(-1.95,-2.81,5.35));
#14085=VECTOR('',#14086,1.0);
#14086=DIRECTION('',(1.0,0.0,0.0));
#14087=PLANE('',#14088);
#14088=AXIS2_PLACEMENT_3D('',#14089,#14090,#14091);
#14089=CARTESIAN_POINT('',(-1.95,-2.81,2.441274629));
#14090=DIRECTION('',(0.0,-1.0,0.0));
#14091=DIRECTION('',(0.0,0.0,-1.0));
#14092=ADVANCED_FACE('NONE',(#14093),#14127,.F.);
#14093=FACE_BOUND('NONE',#14094,.T.);
#14094=EDGE_LOOP('',(#14095,#14105,#14113,#14121));
#14095=ORIENTED_EDGE('',*,*,#14096,.T.);
#14096=EDGE_CURVE('NONE',#14097,#14099,#14101,.F.);
#14097=VERTEX_POINT('NONE',#14098);
#14098=CARTESIAN_POINT('',(-1.87,-2.73,4.649712991));
#14099=VERTEX_POINT('NONE',#14100);
#14100=CARTESIAN_POINT('',(-1.87,-1.15,4.649712991));
#14101=LINE('',#14102,#14103);
#14102=CARTESIAN_POINT('',(-1.87,-1.15,4.649712991));
#14103=VECTOR('',#14104,1.0);
#14104=DIRECTION('',(0.0,-1.0,0.0));
#14105=ORIENTED_EDGE('',*,*,#14106,.T.);
#14106=EDGE_CURVE('NONE',#14099,#14107,#14109,.T.);
#14107=VERTEX_POINT('NONE',#14108);
#14108=CARTESIAN_POINT('',(-1.87,-1.15,5.35));
#14109=LINE('',#14110,#14111);
#14110=CARTESIAN_POINT('',(-1.87,-1.15,2.441274629));
#14111=VECTOR('',#14112,1.0);
#14112=DIRECTION('',(0.0,0.0,1.0));
#14113=ORIENTED_EDGE('',*,*,#14114,.T.);
#14114=EDGE_CURVE('NONE',#14107,#14115,#14117,.T.);
#14115=VERTEX_POINT('NONE',#14116);
#14116=CARTESIAN_POINT('',(-1.87,-2.73,5.35));
#14117=LINE('',#14118,#14119);
#14118=CARTESIAN_POINT('',(-1.87,-1.15,5.35));
#14119=VECTOR('',#14120,1.0);
#14120=DIRECTION('',(0.0,-1.0,0.0));
#14121=ORIENTED_EDGE('',*,*,#14122,.T.);
#14122=EDGE_CURVE('NONE',#14115,#14097,#14123,.F.);
#14123=LINE('',#14124,#14125);
#14124=CARTESIAN_POINT('',(-1.87,-2.73,2.441274629));
#14125=VECTOR('',#14126,1.0);
#14126=DIRECTION('',(0.0,0.0,1.0));
#14127=PLANE('',#14128);
#14128=AXIS2_PLACEMENT_3D('',#14129,#14130,#14131);
#14129=CARTESIAN_POINT('',(-1.87,-1.15,2.441274629));
#14130=DIRECTION('',(-1.0,0.0,0.0));
#14131=DIRECTION('',(0.0,0.0,1.0));
#14132=ADVANCED_FACE('NONE',(#14133),#14158,.F.);
#14133=FACE_BOUND('NONE',#14134,.T.);
#14134=EDGE_LOOP('',(#14135,#14143,#14151,#14157));
#14135=ORIENTED_EDGE('',*,*,#14136,.T.);
#14136=EDGE_CURVE('NONE',#14099,#14137,#14139,.F.);
#14137=VERTEX_POINT('NONE',#14138);
#14138=CARTESIAN_POINT('',(-0.67,-1.15,4.649712991));
#14139=LINE('',#14140,#14141);
#14140=CARTESIAN_POINT('',(-1.87,-1.15,4.649712991));
#14141=VECTOR('',#14142,1.0);
#14142=DIRECTION('',(-1.0,0.0,6.652489415E-16));
#14143=ORIENTED_EDGE('',*,*,#14144,.T.);
#14144=EDGE_CURVE('NONE',#14137,#14145,#14147,.T.);
#14145=VERTEX_POINT('NONE',#14146);
#14146=CARTESIAN_POINT('',(-0.67,-1.15,5.35));
#14147=LINE('',#14148,#14149);
#14148=CARTESIAN_POINT('',(-0.67,-1.15,2.441274629));
#14149=VECTOR('',#14150,1.0);
#14150=DIRECTION('',(0.0,0.0,1.0));
#14151=ORIENTED_EDGE('',*,*,#14152,.T.);
#14152=EDGE_CURVE('NONE',#14145,#14107,#14153,.T.);
#14153=LINE('',#14154,#14155);
#14154=CARTESIAN_POINT('',(-1.87,-1.15,5.35));
#14155=VECTOR('',#14156,1.0);
#14156=DIRECTION('',(-1.0,0.0,0.0));
#14157=ORIENTED_EDGE('',*,*,#14106,.F.);
#14158=PLANE('',#14159);
#14159=AXIS2_PLACEMENT_3D('',#14160,#14161,#14162);
#14160=CARTESIAN_POINT('',(-1.87,-1.15,2.441274629));
#14161=DIRECTION('',(0.0,1.0,0.0));
#14162=DIRECTION('',(0.0,0.0,1.0));
#14163=ADVANCED_FACE('NONE',(#14164),#14189,.F.);
#14164=FACE_BOUND('NONE',#14165,.T.);
#14165=EDGE_LOOP('',(#14166,#14174,#14182,#14188));
#14166=ORIENTED_EDGE('',*,*,#14167,.T.);
#14167=EDGE_CURVE('NONE',#14137,#14168,#14170,.F.);
#14168=VERTEX_POINT('NONE',#14169);
#14169=CARTESIAN_POINT('',(-0.67,-2.73,4.649712991));
#14170=LINE('',#14171,#14172);
#14171=CARTESIAN_POINT('',(-0.67,-1.15,4.649712991));
#14172=VECTOR('',#14173,1.0);
#14173=DIRECTION('',(0.0,1.0,0.0));
#14174=ORIENTED_EDGE('',*,*,#14175,.T.);
#14175=EDGE_CURVE('NONE',#14168,#14176,#14178,.T.);
#14176=VERTEX_POINT('NONE',#14177);
#14177=CARTESIAN_POINT('',(-0.67,-2.73,5.35));
#14178=LINE('',#14179,#14180);
#14179=CARTESIAN_POINT('',(-0.67,-2.73,2.441274629));
#14180=VECTOR('',#14181,1.0);
#14181=DIRECTION('',(0.0,0.0,1.0));
#14182=ORIENTED_EDGE('',*,*,#14183,.T.);
#14183=EDGE_CURVE('NONE',#14176,#14145,#14184,.T.);
#14184=LINE('',#14185,#14186);
#14185=CARTESIAN_POINT('',(-0.67,-1.15,5.35));
#14186=VECTOR('',#14187,1.0);
#14187=DIRECTION('',(0.0,1.0,0.0));
#14188=ORIENTED_EDGE('',*,*,#14144,.F.);
#14189=PLANE('',#14190);
#14190=AXIS2_PLACEMENT_3D('',#14191,#14192,#14193);
#14191=CARTESIAN_POINT('',(-0.67,-1.15,2.441274629));
#14192=DIRECTION('',(1.0,0.0,0.0));
#14193=DIRECTION('',(0.0,0.0,-1.0));
#14194=ADVANCED_FACE('NONE',(#14195),#14211,.F.);
#14195=FACE_BOUND('NONE',#14196,.T.);
#14196=EDGE_LOOP('',(#14197,#14203,#14204,#14210));
#14197=ORIENTED_EDGE('',*,*,#14198,.T.);
#14198=EDGE_CURVE('NONE',#14168,#14097,#14199,.F.);
#14199=LINE('',#14200,#14201);
#14200=CARTESIAN_POINT('',(-1.87,-2.73,4.649712991));
#14201=VECTOR('',#14202,1.0);
#14202=DIRECTION('',(1.0,0.0,-6.652489415E-16));
#14203=ORIENTED_EDGE('',*,*,#14122,.F.);
#14204=ORIENTED_EDGE('',*,*,#14205,.T.);
#14205=EDGE_CURVE('NONE',#14115,#14176,#14206,.T.);
#14206=LINE('',#14207,#14208);
#14207=CARTESIAN_POINT('',(-1.87,-2.73,5.35));
#14208=VECTOR('',#14209,1.0);
#14209=DIRECTION('',(1.0,0.0,0.0));
#14210=ORIENTED_EDGE('',*,*,#14175,.F.);
#14211=PLANE('',#14212);
#14212=AXIS2_PLACEMENT_3D('',#14213,#14214,#14215);
#14213=CARTESIAN_POINT('',(-1.87,-2.73,2.441274629));
#14214=DIRECTION('',(0.0,-1.0,0.0));
#14215=DIRECTION('',(0.0,0.0,-1.0));
#14216=ADVANCED_FACE('NONE',(#14217,#14223),#14229,.T.);
#14217=FACE_BOUND('NONE',#14218,.T.);
#14218=EDGE_LOOP('',(#14219,#14220,#14221,#14222));
#14219=ORIENTED_EDGE('',*,*,#14114,.F.);
#14220=ORIENTED_EDGE('',*,*,#14152,.F.);
#14221=ORIENTED_EDGE('',*,*,#14183,.F.);
#14222=ORIENTED_EDGE('',*,*,#14205,.F.);
#14223=FACE_BOUND('NONE',#14224,.T.);
#14224=EDGE_LOOP('',(#14225,#14226,#14227,#14228));
#14225=ORIENTED_EDGE('',*,*,#14017,.F.);
#14226=ORIENTED_EDGE('',*,*,#14082,.F.);
#14227=ORIENTED_EDGE('',*,*,#14065,.F.);
#14228=ORIENTED_EDGE('',*,*,#14041,.F.);
#14229=PLANE('',#14230);
#14230=AXIS2_PLACEMENT_3D('',#14231,#14232,#14233);
#14231=CARTESIAN_POINT('',(5.08,0.0,5.35));
#14232=DIRECTION('',(0.0,0.0,1.0));
#14233=DIRECTION('',(1.0,0.0,0.0));
#14234=ADVANCED_FACE('NONE',(#14235),#14241,.F.);
#14235=FACE_BOUND('NONE',#14236,.T.);
#14236=EDGE_LOOP('',(#14237,#14238,#14239,#14240));
#14237=ORIENTED_EDGE('',*,*,#14096,.F.);
#14238=ORIENTED_EDGE('',*,*,#14198,.F.);
#14239=ORIENTED_EDGE('',*,*,#14167,.F.);
#14240=ORIENTED_EDGE('',*,*,#14136,.F.);
#14241=PLANE('',#14242);
#14242=AXIS2_PLACEMENT_3D('',#14243,#14244,#14245);
#14243=CARTESIAN_POINT('',(-0.23,-3.58,4.649712991));
#14244=DIRECTION('',(-6.652489415E-16,0.0,-1.0));
#14245=DIRECTION('',(-1.0,0.0,6.652489415E-16));
#14246=MANIFOLD_SOLID_BREP('LPattern6[3]',#14247);
#14247=CLOSED_SHELL('NONE',(#14248,#14341,#14397,#14440,#14480,#14520,#14594,#14650,#14681,#14728,#14849,#14970,#14985,#15050,#15090,#15128,#15154,#15180,#15211,#15235,#15259,#15276,#15298,#15319,#15345,#15370,#15413,#15430,#15447,#15461,#15478,#15490,#15502,#15519,#15536,#15553,#15570,#15587,#15599,#15611,#15623,#15640,#15652,#15683,#15707,#15738,#15769,#15800,#15817,#15829,#15845,#15876,#15900,#15924,#15941,#15981,#16012,#16043,#16065,#16083));
#14248=ADVANCED_FACE('NONE',(#14249),#14336,.T.);
#14249=FACE_BOUND('NONE',#14250,.T.);
#14250=EDGE_LOOP('',(#14251,#14266,#14274,#14283,#14291,#14300,#14308,#14317,#14325));
#14251=ORIENTED_EDGE('',*,*,#14252,.T.);
#14252=EDGE_CURVE('NONE',#14253,#14255,#14257,.T.);
#14253=VERTEX_POINT('NONE',#14254);
#14254=CARTESIAN_POINT('',(1.27,2.6,4.097150035));
#14255=VERTEX_POINT('NONE',#14256);
#14256=CARTESIAN_POINT('',(2.27,2.599571453,3.097150035));
#14257=B_SPLINE_CURVE_WITH_KNOTS('',3,(#14258,#14259,#14260,#14261,#14262,#14263,#14264,#14265),.UNSPECIFIED.,.F.,.U.,(4,2,2,4),(0.002180736,0.002571506,0.002962276,0.003743817),.UNSPECIFIED.);
#14258=CARTESIAN_POINT('',(1.27,2.6,4.097150035));
#14259=CARTESIAN_POINT('',(1.400256914,2.6,4.097150035));
#14260=CARTESIAN_POINT('',(1.53187301,2.599988805,4.07102761));
#14261=CARTESIAN_POINT('',(1.77292816,2.599946053,3.971265743));
#14262=CARTESIAN_POINT('',(1.884097117,2.599914305,3.89718291));
#14263=CARTESIAN_POINT('',(2.162170809,2.599795244,3.6193595));
#14264=CARTESIAN_POINT('',(2.27,2.599683875,3.359482323));
#14265=CARTESIAN_POINT('',(2.27,2.599571453,3.097150035));
#14266=ORIENTED_EDGE('',*,*,#14267,.T.);
#14267=EDGE_CURVE('NONE',#14255,#14268,#14270,.T.);
#14268=VERTEX_POINT('NONE',#14269);
#14269=CARTESIAN_POINT('',(2.27,3.15,3.097150035));
#14270=LINE('',#14271,#14272);
#14271=CARTESIAN_POINT('',(2.27,-4.251,3.097150035));
#14272=VECTOR('',#14273,1.0);
#14273=DIRECTION('',(-1.104919411E-16,1.0,0.0));
#14274=ORIENTED_EDGE('',*,*,#14275,.T.);
#14275=EDGE_CURVE('NONE',#14268,#14276,#14278,.F.);
#14276=VERTEX_POINT('NONE',#14277);
#14277=CARTESIAN_POINT('',(2.244358763,3.15,3.322150035));
#14278=CIRCLE('',#14279,1.0);
#14279=AXIS2_PLACEMENT_3D('',#14280,#14281,#14282);
#14280=CARTESIAN_POINT('',(1.27,3.15,3.097150035));
#14281=DIRECTION('',(-2.168404345E-16,1.0,0.0));
#14282=DIRECTION('',(1.0,2.168404345E-16,-5.204170428E-15));
#14283=ORIENTED_EDGE('',*,*,#14284,.T.);
#14284=EDGE_CURVE('NONE',#14276,#14285,#14287,.F.);
#14285=VERTEX_POINT('NONE',#14286);
#14286=CARTESIAN_POINT('',(2.244358763,3.45,3.322150035));
#14287=LINE('',#14288,#14289);
#14288=CARTESIAN_POINT('',(2.244358763,-4.251,3.322150035));
#14289=VECTOR('',#14290,1.0);
#14290=DIRECTION('',(1.104919411E-16,-1.0,0.0));
#14291=ORIENTED_EDGE('',*,*,#14292,.T.);
#14292=EDGE_CURVE('NONE',#14285,#14293,#14295,.F.);
#14293=VERTEX_POINT('NONE',#14294);
#14294=CARTESIAN_POINT('',(0.295641237,3.45,3.322150035));
#14295=CIRCLE('',#14296,1.0);
#14296=AXIS2_PLACEMENT_3D('',#14297,#14298,#14299);
#14297=CARTESIAN_POINT('',(1.27,3.45,3.097150035));
#14298=DIRECTION('',(-1.104919411E-16,1.0,0.0));
#14299=DIRECTION('',(-1.0,-1.104919411E-16,0.0));
#14300=ORIENTED_EDGE('',*,*,#14301,.T.);
#14301=EDGE_CURVE('NONE',#14293,#14302,#14304,.F.);
#14302=VERTEX_POINT('NONE',#14303);
#14303=CARTESIAN_POINT('',(0.295641237,3.15,3.322150035));
#14304=LINE('',#14305,#14306);
#14305=CARTESIAN_POINT('',(0.295641237,-4.251,3.322150035));
#14306=VECTOR('',#14307,1.0);
#14307=DIRECTION('',(-1.104919411E-16,1.0,0.0));
#14308=ORIENTED_EDGE('',*,*,#14309,.T.);
#14309=EDGE_CURVE('NONE',#14302,#14310,#14312,.F.);
#14310=VERTEX_POINT('NONE',#14311);
#14311=CARTESIAN_POINT('',(0.27,3.15,3.097150035));
#14312=CIRCLE('',#14313,1.0);
#14313=AXIS2_PLACEMENT_3D('',#14314,#14315,#14316);
#14314=CARTESIAN_POINT('',(1.27,3.15,3.097150035));
#14315=DIRECTION('',(-2.168404345E-16,1.0,0.0));
#14316=DIRECTION('',(1.0,2.168404345E-16,0.0));
#14317=ORIENTED_EDGE('',*,*,#14318,.T.);
#14318=EDGE_CURVE('NONE',#14310,#14319,#14321,.F.);
#14319=VERTEX_POINT('NONE',#14320);
#14320=CARTESIAN_POINT('',(0.27,2.599571453,3.097150035));
#14321=LINE('',#14322,#14323);
#14322=CARTESIAN_POINT('',(0.27,-4.251,3.097150035));
#14323=VECTOR('',#14324,1.0);
#14324=DIRECTION('',(-1.104919411E-16,1.0,0.0));
#14325=ORIENTED_EDGE('',*,*,#14326,.T.);
#14326=EDGE_CURVE('NONE',#14319,#14253,#14327,.T.);
#14327=B_SPLINE_CURVE_WITH_KNOTS('',3,(#14328,#14329,#14330,#14331,#14332,#14333,#14334,#14335),.UNSPECIFIED.,.F.,.U.,(4,2,2,4),(6.176795043E-04,0.001399208,0.001789972,0.002180736),.UNSPECIFIED.);
#14328=CARTESIAN_POINT('',(0.27,2.599571453,3.097150035));
#14329=CARTESIAN_POINT('',(0.27,2.599683827,3.35936959));
#14330=CARTESIAN_POINT('',(0.377753812,2.599795211,3.619280603));
#14331=CARTESIAN_POINT('',(0.655930305,2.599914317,3.8972121));
#14332=CARTESIAN_POINT('',(0.767050602,2.599946049,3.971257038));
#14333=CARTESIAN_POINT('',(1.008149333,2.599988809,4.071036772));
#14334=CARTESIAN_POINT('',(1.139745078,2.6,4.097150035));
#14335=CARTESIAN_POINT('',(1.27,2.6,4.097150035));
#14336=CYLINDRICAL_SURFACE('',#14337,1.0);
#14337=AXIS2_PLACEMENT_3D('',#14338,#14339,#14340);
#14338=CARTESIAN_POINT('',(1.27,-4.251,3.097150035));
#14339=DIRECTION('',(-1.104919411E-16,1.0,0.0));
#14340=DIRECTION('',(-1.0,-1.104919411E-16,0.0));
#14341=ADVANCED_FACE('NONE',(#14342),#14392,.F.);
#14342=FACE_BOUND('NONE',#14343,.T.);
#14343=EDGE_LOOP('',(#14344,#14357,#14363,#14364,#14375,#14383));
#14344=ORIENTED_EDGE('',*,*,#14345,.T.);
#14345=EDGE_CURVE('NONE',#14346,#14348,#14350,.F.);
#14346=VERTEX_POINT('NONE',#14347);
#14347=CARTESIAN_POINT('',(0.735,2.599770745,3.097150035));
#14348=VERTEX_POINT('NONE',#14349);
#14349=CARTESIAN_POINT('',(1.27,2.6,3.632150035));
#14350=B_SPLINE_CURVE_WITH_KNOTS('',3,(#14351,#14352,#14353,#14354,#14355,#14356),.UNSPECIFIED.,.F.,.U.,(4,2,4),(0.002178774,0.002597126,0.003015478),.UNSPECIFIED.);
#14351=CARTESIAN_POINT('',(1.27,2.6,3.632150035));
#14352=CARTESIAN_POINT('',(1.129452978,2.6,3.632150035));
#14353=CARTESIAN_POINT('',(0.990272495,2.599975101,3.574044078));
#14354=CARTESIAN_POINT('',(0.793056905,2.599890576,3.376793898));
#14355=CARTESIAN_POINT('',(0.735,2.59983078,3.237250094));
#14356=CARTESIAN_POINT('',(0.735,2.599770745,3.097150035));
#14357=ORIENTED_EDGE('',*,*,#14358,.T.);
#14358=EDGE_CURVE('NONE',#14348,#14253,#14359,.T.);
#14359=LINE('',#14360,#14361);
#14360=CARTESIAN_POINT('',(1.27,2.6,4.121357041));
#14361=VECTOR('',#14362,1.0);
#14362=DIRECTION('',(1.224646687E-16,6.331740687E-17,1.0));
#14363=ORIENTED_EDGE('',*,*,#14326,.F.);
#14364=ORIENTED_EDGE('',*,*,#14365,.T.);
#14365=EDGE_CURVE('NONE',#14319,#14366,#14368,.F.);
#14366=VERTEX_POINT('NONE',#14367);
#14367=CARTESIAN_POINT('',(1.27,2.599142907,2.097150035));
#14368=B_SPLINE_CURVE_WITH_KNOTS('',3,(#14369,#14370,#14371,#14372,#14373,#14374),.UNSPECIFIED.,.F.,.U.,(4,2,4),(0.005307765,0.006088827,0.006869889),.UNSPECIFIED.);
#14369=CARTESIAN_POINT('',(1.27,2.599142907,2.097150035));
#14370=CARTESIAN_POINT('',(1.008245506,2.599142907,2.097150035));
#14371=CARTESIAN_POINT('',(0.748916585,2.599188701,2.204009994));
#14372=CARTESIAN_POINT('',(0.37683225,2.599348165,2.576114117));
#14373=CARTESIAN_POINT('',(0.27,2.599459147,2.835086993));
#14374=CARTESIAN_POINT('',(0.27,2.599571453,3.097150035));
#14375=ORIENTED_EDGE('',*,*,#14376,.T.);
#14376=EDGE_CURVE('NONE',#14366,#14377,#14379,.F.);
#14377=VERTEX_POINT('NONE',#14378);
#14378=CARTESIAN_POINT('',(1.27,2.599541489,2.562150035));
#14379=LINE('',#14380,#14381);
#14380=CARTESIAN_POINT('',(1.27,2.59912201,2.072771743));
#14381=VECTOR('',#14382,1.0);
#14382=DIRECTION('',(0.0,-8.571666501E-04,-0.999999633));
#14383=ORIENTED_EDGE('',*,*,#14384,.T.);
#14384=EDGE_CURVE('NONE',#14377,#14346,#14385,.F.);
#14385=B_SPLINE_CURVE_WITH_KNOTS('',3,(#14386,#14387,#14388,#14389,#14390,#14391),.UNSPECIFIED.,.F.,.U.,(4,2,4),(0.003015478,0.003433348,0.003851218),.UNSPECIFIED.);
#14386=CARTESIAN_POINT('',(0.735,2.599770745,3.097150035));
#14387=CARTESIAN_POINT('',(0.735,2.599710779,2.957211212));
#14388=CARTESIAN_POINT('',(0.79346565,2.599650652,2.816896807));
#14389=CARTESIAN_POINT('',(0.990635805,2.599566319,2.620093954));
#14390=CARTESIAN_POINT('',(1.129907138,2.599541489,2.562150035));
#14391=CARTESIAN_POINT('',(1.27,2.599541489,2.562150035));
#14392=CONICAL_SURFACE('',#14393,1.024292743,1.570367743);
#14393=AXIS2_PLACEMENT_3D('',#14394,#14395,#14396);
#14394=CARTESIAN_POINT('',(1.27,2.599561005,3.097064392));
#14395=DIRECTION('',(0.0,-0.999999908,4.285833644E-04));
#14396=DIRECTION('',(0.0,-4.285833644E-04,-0.999999908));
#14397=ADVANCED_FACE('NONE',(#14398),#14435,.T.);
#14398=FACE_BOUND('NONE',#14399,.T.);
#14399=EDGE_LOOP('',(#14400,#14411,#14412,#14420,#14429));
#14400=ORIENTED_EDGE('',*,*,#14401,.T.);
#14401=EDGE_CURVE('NONE',#14402,#14348,#14404,.T.);
#14402=VERTEX_POINT('NONE',#14403);
#14403=CARTESIAN_POINT('',(1.805,2.599770745,3.097150035));
#14404=B_SPLINE_CURVE_WITH_KNOTS('',3,(#14405,#14406,#14407,#14408,#14409,#14410),.UNSPECIFIED.,.F.,.U.,(4,2,4),(0.001342498,0.001760636,0.002178774),.UNSPECIFIED.);
#14405=CARTESIAN_POINT('',(1.805,2.599770745,3.097150035));
#14406=CARTESIAN_POINT('',(1.805,2.599830473,3.236534968));
#14407=CARTESIAN_POINT('',(1.747494916,2.599890308,3.376167507));
#14408=CARTESIAN_POINT('',(1.549459771,2.599975247,3.574386225));
#14409=CARTESIAN_POINT('',(1.410475265,2.6,3.632150035));
#14410=CARTESIAN_POINT('',(1.27,2.6,3.632150035));
#14411=ORIENTED_EDGE('',*,*,#14345,.F.);
#14412=ORIENTED_EDGE('',*,*,#14413,.T.);
#14413=EDGE_CURVE('NONE',#14346,#14414,#14416,.T.);
#14414=VERTEX_POINT('NONE',#14415);
#14415=CARTESIAN_POINT('',(0.735,1.29,3.097150035));
#14416=LINE('',#14417,#14418);
#14417=CARTESIAN_POINT('',(0.735,4.251,3.097150035));
#14418=VECTOR('',#14419,1.0);
#14419=DIRECTION('',(9.856383386E-17,-1.0,0.0));
#14420=ORIENTED_EDGE('',*,*,#14421,.T.);
#14421=EDGE_CURVE('NONE',#14414,#14422,#14424,.T.);
#14422=VERTEX_POINT('NONE',#14423);
#14423=CARTESIAN_POINT('',(1.805,1.29,3.097150035));
#14424=CIRCLE('',#14425,0.535);
#14425=AXIS2_PLACEMENT_3D('',#14426,#14427,#14428);
#14426=CARTESIAN_POINT('',(1.27,1.29,3.097150035));
#14427=DIRECTION('',(-9.856383386E-17,1.0,0.0));
#14428=DIRECTION('',(-1.0,-9.856383386E-17,0.0));
#14429=ORIENTED_EDGE('',*,*,#14430,.T.);
#14430=EDGE_CURVE('NONE',#14422,#14402,#14431,.F.);
#14431=LINE('',#14432,#14433);
#14432=CARTESIAN_POINT('',(1.805,4.251,3.097150035));
#14433=VECTOR('',#14434,1.0);
#14434=DIRECTION('',(9.856383386E-17,-1.0,0.0));
#14435=CYLINDRICAL_SURFACE('',#14436,0.535);
#14436=AXIS2_PLACEMENT_3D('',#14437,#14438,#14439);
#14437=CARTESIAN_POINT('',(1.27,4.251,3.097150035));
#14438=DIRECTION('',(9.856383386E-17,-1.0,0.0));
#14439=DIRECTION('',(1.0,9.856383386E-17,0.0));
#14440=ADVANCED_FACE('NONE',(#14441),#14475,.F.);
#14441=FACE_BOUND('NONE',#14442,.T.);
#14442=EDGE_LOOP('',(#14443,#14453,#14461,#14469));
#14443=ORIENTED_EDGE('',*,*,#14444,.T.);
#14444=EDGE_CURVE('NONE',#14445,#14447,#14449,.F.);
#14445=VERTEX_POINT('NONE',#14446);
#14446=CARTESIAN_POINT('',(0.72,-3.25,0.999712991));
#14447=VERTEX_POINT('NONE',#14448);
#14448=CARTESIAN_POINT('',(1.82,-3.25,0.999712991));
#14449=LINE('',#14450,#14451);
#14450=CARTESIAN_POINT('',(1.82,-3.25,0.999712991));
#14451=VECTOR('',#14452,1.0);
#14452=DIRECTION('',(-1.0,0.0,6.652489415E-16));
#14453=ORIENTED_EDGE('',*,*,#14454,.T.);
#14454=EDGE_CURVE('NONE',#14447,#14455,#14457,.F.);
#14455=VERTEX_POINT('NONE',#14456);
#14456=CARTESIAN_POINT('',(1.82,-1.036532275,0.999712991));
#14457=LINE('',#14458,#14459);
#14458=CARTESIAN_POINT('',(1.82,-1.036532275,0.999712991));
#14459=VECTOR('',#14460,1.0);
#14460=DIRECTION('',(0.0,-1.0,0.0));
#14461=ORIENTED_EDGE('',*,*,#14462,.T.);
#14462=EDGE_CURVE('NONE',#14455,#14463,#14465,.T.);
#14463=VERTEX_POINT('NONE',#14464);
#14464=CARTESIAN_POINT('',(0.72,-1.036532275,0.999712991));
#14465=LINE('',#14466,#14467);
#14466=CARTESIAN_POINT('',(1.82,-1.036532275,0.999712991));
#14467=VECTOR('',#14468,1.0);
#14468=DIRECTION('',(-1.0,-1.104919411E-16,6.652489415E-16));
#14469=ORIENTED_EDGE('',*,*,#14470,.T.);
#14470=EDGE_CURVE('NONE',#14463,#14445,#14471,.T.);
#14471=LINE('',#14472,#14473);
#14472=CARTESIAN_POINT('',(0.72,-1.036532275,0.999712991));
#14473=VECTOR('',#14474,1.0);
#14474=DIRECTION('',(0.0,-1.0,0.0));
#14475=PLANE('',#14476);
#14476=AXIS2_PLACEMENT_3D('',#14477,#14478,#14479);
#14477=CARTESIAN_POINT('',(1.82,-1.036532275,0.999712991));
#14478=DIRECTION('',(-6.652489415E-16,0.0,-1.0));
#14479=DIRECTION('',(-1.0,0.0,6.652489415E-16));
#14480=ADVANCED_FACE('NONE',(#14481),#14515,.F.);
#14481=FACE_BOUND('NONE',#14482,.T.);
#14482=EDGE_LOOP('',(#14483,#14493,#14501,#14509));
#14483=ORIENTED_EDGE('',*,*,#14484,.T.);
#14484=EDGE_CURVE('NONE',#14485,#14487,#14489,.F.);
#14485=VERTEX_POINT('NONE',#14486);
#14486=CARTESIAN_POINT('',(1.82,-3.696532275,1.549571274));
#14487=VERTEX_POINT('NONE',#14488);
#14488=CARTESIAN_POINT('',(0.72,-3.696532275,1.549571274));
#14489=LINE('',#14490,#14491);
#14490=CARTESIAN_POINT('',(1.82,-3.696532275,1.549571274));
#14491=VECTOR('',#14492,1.0);
#14492=DIRECTION('',(1.0,1.104919411E-16,0.0));
#14493=ORIENTED_EDGE('',*,*,#14494,.T.);
#14494=EDGE_CURVE('NONE',#14487,#14495,#14497,.T.);
#14495=VERTEX_POINT('NONE',#14496);
#14496=CARTESIAN_POINT('',(0.72,-3.696532275,2.81));
#14497=LINE('',#14498,#14499);
#14498=CARTESIAN_POINT('',(0.72,-3.696532275,1.039712991));
#14499=VECTOR('',#14500,1.0);
#14500=DIRECTION('',(9.799108662E-16,0.0,1.0));
#14501=ORIENTED_EDGE('',*,*,#14502,.T.);
#14502=EDGE_CURVE('NONE',#14495,#14503,#14505,.F.);
#14503=VERTEX_POINT('NONE',#14504);
#14504=CARTESIAN_POINT('',(1.82,-3.696532275,2.81));
#14505=LINE('',#14506,#14507);
#14506=CARTESIAN_POINT('',(1.82,-3.696532275,2.81));
#14507=VECTOR('',#14508,1.0);
#14508=DIRECTION('',(-1.0,-1.104919411E-16,6.652489415E-16));
#14509=ORIENTED_EDGE('',*,*,#14510,.T.);
#14510=EDGE_CURVE('NONE',#14503,#14485,#14511,.F.);
#14511=LINE('',#14512,#14513);
#14512=CARTESIAN_POINT('',(1.82,-3.696532275,1.039712991));
#14513=VECTOR('',#14514,1.0);
#14514=DIRECTION('',(9.799108662E-16,0.0,1.0));
#14515=PLANE('',#14516);
#14516=AXIS2_PLACEMENT_3D('',#14517,#14518,#14519);
#14517=CARTESIAN_POINT('',(1.82,-3.696532275,1.039712991));
#14518=DIRECTION('',(1.104919411E-16,-1.0,-1.082722538E-31));
#14519=DIRECTION('',(1.0,1.104919411E-16,0.0));
#14520=ADVANCED_FACE('NONE',(#14521,#14555),#14589,.F.);
#14521=FACE_BOUND('NONE',#14522,.T.);
#14522=EDGE_LOOP('',(#14523,#14533,#14541,#14549));
#14523=ORIENTED_EDGE('',*,*,#14524,.T.);
#14524=EDGE_CURVE('NONE',#14525,#14527,#14529,.F.);
#14525=VERTEX_POINT('NONE',#14526);
#14526=CARTESIAN_POINT('',(1.95,-2.81,4.649712991));
#14527=VERTEX_POINT('NONE',#14528);
#14528=CARTESIAN_POINT('',(0.59,-2.81,4.649712991));
#14529=LINE('',#14530,#14531);
#14530=CARTESIAN_POINT('',(0.59,-2.81,4.649712991));
#14531=VECTOR('',#14532,1.0);
#14532=DIRECTION('',(1.0,0.0,-6.652489415E-16));
#14533=ORIENTED_EDGE('',*,*,#14534,.T.);
#14534=EDGE_CURVE('NONE',#14527,#14535,#14537,.F.);
#14535=VERTEX_POINT('NONE',#14536);
#14536=CARTESIAN_POINT('',(0.59,-1.07,4.649712991));
#14537=LINE('',#14538,#14539);
#14538=CARTESIAN_POINT('',(0.59,-1.07,4.649712991));
#14539=VECTOR('',#14540,1.0);
#14540=DIRECTION('',(0.0,-1.0,0.0));
#14541=ORIENTED_EDGE('',*,*,#14542,.T.);
#14542=EDGE_CURVE('NONE',#14535,#14543,#14545,.F.);
#14543=VERTEX_POINT('NONE',#14544);
#14544=CARTESIAN_POINT('',(1.95,-1.07,4.649712991));
#14545=LINE('',#14546,#14547);
#14546=CARTESIAN_POINT('',(0.59,-1.07,4.649712991));
#14547=VECTOR('',#14548,1.0);
#14548=DIRECTION('',(-1.0,0.0,6.652489415E-16));
#14549=ORIENTED_EDGE('',*,*,#14550,.T.);
#14550=EDGE_CURVE('NONE',#14543,#14525,#14551,.F.);
#14551=LINE('',#14552,#14553);
#14552=CARTESIAN_POINT('',(1.95,-1.07,4.649712991));
#14553=VECTOR('',#14554,1.0);
#14554=DIRECTION('',(0.0,1.0,0.0));
#14555=FACE_BOUND('NONE',#14556,.T.);
#14556=EDGE_LOOP('',(#14557,#14567,#14575,#14583));
#14557=ORIENTED_EDGE('',*,*,#14558,.T.);
#14558=EDGE_CURVE('NONE',#14559,#14561,#14563,.F.);
#14559=VERTEX_POINT('NONE',#14560);
#14560=CARTESIAN_POINT('',(0.23,-3.25,4.649712991));
#14561=VERTEX_POINT('NONE',#14562);
#14562=CARTESIAN_POINT('',(2.31,-3.25,4.649712991));
#14563=LINE('',#14564,#14565);
#14564=CARTESIAN_POINT('',(2.31,-3.25,4.649712991));
#14565=VECTOR('',#14566,1.0);
#14566=DIRECTION('',(-1.0,-2.085004178E-16,0.0));
#14567=ORIENTED_EDGE('',*,*,#14568,.T.);
#14568=EDGE_CURVE('NONE',#14561,#14569,#14571,.F.);
#14569=VERTEX_POINT('NONE',#14570);
#14570=CARTESIAN_POINT('',(2.31,0.39,4.649712991));
#14571=LINE('',#14572,#14573);
#14572=CARTESIAN_POINT('',(2.31,-3.58,4.649712991));
#14573=VECTOR('',#14574,1.0);
#14574=DIRECTION('',(0.0,-1.0,0.0));
#14575=ORIENTED_EDGE('',*,*,#14576,.T.);
#14576=EDGE_CURVE('NONE',#14569,#14577,#14579,.T.);
#14577=VERTEX_POINT('NONE',#14578);
#14578=CARTESIAN_POINT('',(0.23,0.39,4.649712991));
#14579=LINE('',#14580,#14581);
#14580=CARTESIAN_POINT('',(2.31,0.39,4.649712991));
#14581=VECTOR('',#14582,1.0);
#14582=DIRECTION('',(-1.0,-1.104919411E-16,6.652489415E-16));
#14583=ORIENTED_EDGE('',*,*,#14584,.T.);
#14584=EDGE_CURVE('NONE',#14577,#14559,#14585,.T.);
#14585=LINE('',#14586,#14587);
#14586=CARTESIAN_POINT('',(0.23,-3.58,4.649712991));
#14587=VECTOR('',#14588,1.0);
#14588=DIRECTION('',(0.0,-1.0,0.0));
#14589=PLANE('',#14590);
#14590=AXIS2_PLACEMENT_3D('',#14591,#14592,#14593);
#14591=CARTESIAN_POINT('',(2.31,-3.58,4.649712991));
#14592=DIRECTION('',(-6.652489415E-16,0.0,-1.0));
#14593=DIRECTION('',(-1.0,0.0,6.652489415E-16));
#14594=ADVANCED_FACE('NONE',(#14595),#14645,.F.);
#14595=FACE_BOUND('NONE',#14596,.T.);
#14596=EDGE_LOOP('',(#14597,#14607,#14615,#14623,#14631,#14639));
#14597=ORIENTED_EDGE('',*,*,#14598,.T.);
#14598=EDGE_CURVE('NONE',#14599,#14601,#14603,.F.);
#14599=VERTEX_POINT('NONE',#14600);
#14600=CARTESIAN_POINT('',(0.72,-6.55,3.35));
#14601=VERTEX_POINT('NONE',#14602);
#14602=CARTESIAN_POINT('',(1.07,-7.75,3.35));
#14603=LINE('',#14604,#14605);
#14604=CARTESIAN_POINT('',(0.184379876,-4.713588145,3.35));
#14605=VECTOR('',#14606,1.0);
#14606=DIRECTION('',(-0.28,0.96,1.862697036E-16));
#14607=ORIENTED_EDGE('',*,*,#14608,.T.);
#14608=EDGE_CURVE('NONE',#14601,#14609,#14611,.F.);
#14609=VERTEX_POINT('NONE',#14610);
#14610=CARTESIAN_POINT('',(1.47,-7.75,3.35));
#14611=LINE('',#14612,#14613);
#14612=CARTESIAN_POINT('',(1.82,-7.75,3.35));
#14613=VECTOR('',#14614,1.0);
#14614=DIRECTION('',(-1.0,-1.104919411E-16,6.652489415E-16));
#14615=ORIENTED_EDGE('',*,*,#14616,.T.);
#14616=EDGE_CURVE('NONE',#14609,#14617,#14619,.F.);
#14617=VERTEX_POINT('NONE',#14618);
#14618=CARTESIAN_POINT('',(1.82,-6.55,3.35));
#14619=LINE('',#14620,#14621);
#14620=CARTESIAN_POINT('',(2.441860124,-4.417908145,3.35));
#14621=VECTOR('',#14622,1.0);
#14622=DIRECTION('',(-0.28,-0.96,1.862697036E-16));
#14623=ORIENTED_EDGE('',*,*,#14624,.T.);
#14624=EDGE_CURVE('NONE',#14617,#14625,#14627,.F.);
#14625=VERTEX_POINT('NONE',#14626);
#14626=CARTESIAN_POINT('',(1.82,-4.236532275,3.35));
#14627=LINE('',#14628,#14629);
#14628=CARTESIAN_POINT('',(1.82,-4.236532275,3.35));
#14629=VECTOR('',#14630,1.0);
#14630=DIRECTION('',(2.468677119E-16,-1.0,0.0));
#14631=ORIENTED_EDGE('',*,*,#14632,.T.);
#14632=EDGE_CURVE('NONE',#14625,#14633,#14635,.T.);
#14633=VERTEX_POINT('NONE',#14634);
#14634=CARTESIAN_POINT('',(0.72,-4.236532275,3.35));
#14635=LINE('',#14636,#14637);
#14636=CARTESIAN_POINT('',(1.82,-4.236532275,3.35));
#14637=VECTOR('',#14638,1.0);
#14638=DIRECTION('',(-1.0,-1.104919411E-16,6.652489415E-16));
#14639=ORIENTED_EDGE('',*,*,#14640,.T.);
#14640=EDGE_CURVE('NONE',#14633,#14599,#14641,.T.);
#14641=LINE('',#14642,#14643);
#14642=CARTESIAN_POINT('',(0.72,-4.236532275,3.35));
#14643=VECTOR('',#14644,1.0);
#14644=DIRECTION('',(2.468677119E-16,-1.0,0.0));
#14645=PLANE('',#14646);
#14646=AXIS2_PLACEMENT_3D('',#14647,#14648,#14649);
#14647=CARTESIAN_POINT('',(1.82,-4.236532275,3.35));
#14648=DIRECTION('',(-6.652489415E-16,-1.64228484E-31,-1.0));
#14649=DIRECTION('',(-1.0,0.0,6.652489415E-16));
#14650=ADVANCED_FACE('NONE',(#14651),#14676,.F.);
#14651=FACE_BOUND('NONE',#14652,.T.);
#14652=EDGE_LOOP('',(#14653,#14661,#14669,#14675));
#14653=ORIENTED_EDGE('',*,*,#14654,.T.);
#14654=EDGE_CURVE('NONE',#14601,#14655,#14657,.F.);
#14655=VERTEX_POINT('NONE',#14656);
#14656=CARTESIAN_POINT('',(1.07,-7.75,2.85));
#14657=LINE('',#14658,#14659);
#14658=CARTESIAN_POINT('',(1.07,-7.75,0.85));
#14659=VECTOR('',#14660,1.0);
#14660=DIRECTION('',(6.652489415E-16,1.234338559E-16,1.0));
#14661=ORIENTED_EDGE('',*,*,#14662,.T.);
#14662=EDGE_CURVE('NONE',#14655,#14663,#14665,.F.);
#14663=VERTEX_POINT('NONE',#14664);
#14664=CARTESIAN_POINT('',(1.47,-7.75,2.85));
#14665=LINE('',#14666,#14667);
#14666=CARTESIAN_POINT('',(1.82,-7.75,2.85));
#14667=VECTOR('',#14668,1.0);
#14668=DIRECTION('',(-1.0,-1.104919411E-16,6.652489415E-16));
#14669=ORIENTED_EDGE('',*,*,#14670,.T.);
#14670=EDGE_CURVE('NONE',#14663,#14609,#14671,.T.);
#14671=LINE('',#14672,#14673);
#14672=CARTESIAN_POINT('',(1.47,-7.75,0.85));
#14673=VECTOR('',#14674,1.0);
#14674=DIRECTION('',(6.652489415E-16,1.234338559E-16,1.0));
#14675=ORIENTED_EDGE('',*,*,#14608,.F.);
#14676=PLANE('',#14677);
#14677=AXIS2_PLACEMENT_3D('',#14678,#14679,#14680);
#14678=CARTESIAN_POINT('',(1.82,-7.75,2.85));
#14679=DIRECTION('',(-1.104919411E-16,1.0,1.916729642E-31));
#14680=DIRECTION('',(-1.0,-1.104919411E-16,0.0));
#14681=ADVANCED_FACE('NONE',(#14682),#14723,.F.);
#14682=FACE_BOUND('NONE',#14683,.T.);
#14683=EDGE_LOOP('',(#14684,#14692,#14700,#14708,#14716,#14722));
#14684=ORIENTED_EDGE('',*,*,#14685,.T.);
#14685=EDGE_CURVE('NONE',#14655,#14686,#14688,.F.);
#14686=VERTEX_POINT('NONE',#14687);
#14687=CARTESIAN_POINT('',(0.72,-6.55,2.85));
#14688=LINE('',#14689,#14690);
#14689=CARTESIAN_POINT('',(0.184379876,-4.713588145,2.85));
#14690=VECTOR('',#14691,1.0);
#14691=DIRECTION('',(0.28,-0.96,-6.777320191E-17));
#14692=ORIENTED_EDGE('',*,*,#14693,.T.);
#14693=EDGE_CURVE('NONE',#14686,#14694,#14696,.T.);
#14694=VERTEX_POINT('NONE',#14695);
#14695=CARTESIAN_POINT('',(0.72,-4.236532275,2.85));
#14696=LINE('',#14697,#14698);
#14697=CARTESIAN_POINT('',(0.72,-4.236532275,2.85));
#14698=VECTOR('',#14699,1.0);
#14699=DIRECTION('',(0.0,1.0,-1.234338559E-16));
#14700=ORIENTED_EDGE('',*,*,#14701,.T.);
#14701=EDGE_CURVE('NONE',#14694,#14702,#14704,.F.);
#14702=VERTEX_POINT('NONE',#14703);
#14703=CARTESIAN_POINT('',(1.82,-4.236532275,2.85));
#14704=LINE('',#14705,#14706);
#14705=CARTESIAN_POINT('',(1.82,-4.236532275,2.85));
#14706=VECTOR('',#14707,1.0);
#14707=DIRECTION('',(-1.0,-1.104919411E-16,6.652489415E-16));
#14708=ORIENTED_EDGE('',*,*,#14709,.T.);
#14709=EDGE_CURVE('NONE',#14702,#14710,#14712,.F.);
#14710=VERTEX_POINT('NONE',#14711);
#14711=CARTESIAN_POINT('',(1.82,-6.55,2.85));
#14712=LINE('',#14713,#14714);
#14713=CARTESIAN_POINT('',(1.82,-4.236532275,2.85));
#14714=VECTOR('',#14715,1.0);
#14715=DIRECTION('',(0.0,1.0,-1.234338559E-16));
#14716=ORIENTED_EDGE('',*,*,#14717,.T.);
#14717=EDGE_CURVE('NONE',#14710,#14663,#14718,.F.);
#14718=LINE('',#14719,#14720);
#14719=CARTESIAN_POINT('',(2.441860124,-4.417908145,2.85));
#14720=VECTOR('',#14721,1.0);
#14721=DIRECTION('',(0.28,0.96,-3.047662053E-16));
#14722=ORIENTED_EDGE('',*,*,#14662,.F.);
#14723=PLANE('',#14724);
#14724=AXIS2_PLACEMENT_3D('',#14725,#14726,#14727);
#14725=CARTESIAN_POINT('',(1.82,-4.236532275,2.85));
#14726=DIRECTION('',(6.652489415E-16,1.234338559E-16,1.0));
#14727=DIRECTION('',(1.0,0.0,-6.652489415E-16));
#14728=ADVANCED_FACE('NONE',(#14729),#14844,.T.);
#14729=FACE_BOUND('NONE',#14730,.T.);
#14730=EDGE_LOOP('',(#14731,#14741,#14747,#14748,#14755,#14756,#14762,#14763,#14772,#14780,#14789,#14797,#14806,#14814,#14822,#14830,#14837,#14838));
#14731=ORIENTED_EDGE('',*,*,#14732,.T.);
#14732=EDGE_CURVE('NONE',#14733,#14735,#14737,.T.);
#14733=VERTEX_POINT('NONE',#14734);
#14734=CARTESIAN_POINT('',(1.82,-3.25,0.9));
#14735=VERTEX_POINT('NONE',#14736);
#14736=CARTESIAN_POINT('',(1.82,-3.696532275,0.9));
#14737=LINE('',#14738,#14739);
#14738=CARTESIAN_POINT('',(1.82,-1.036532275,0.9));
#14739=VECTOR('',#14740,1.0);
#14740=DIRECTION('',(1.104919411E-16,-1.0,1.151880795E-32));
#14741=ORIENTED_EDGE('',*,*,#14742,.T.);
#14742=EDGE_CURVE('NONE',#14735,#14485,#14743,.T.);
#14743=LINE('',#14744,#14745);
#14744=CARTESIAN_POINT('',(1.82,-3.696532275,1.039712991));
#14745=VECTOR('',#14746,1.0);
#14746=DIRECTION('',(9.799108662E-16,0.0,1.0));
#14747=ORIENTED_EDGE('',*,*,#14510,.F.);
#14748=ORIENTED_EDGE('',*,*,#14749,.T.);
#14749=EDGE_CURVE('NONE',#14503,#14625,#14750,.T.);
#14750=CIRCLE('',#14751,0.54);
#14751=AXIS2_PLACEMENT_3D('',#14752,#14753,#14754);
#14752=CARTESIAN_POINT('',(1.82,-4.236532275,2.81));
#14753=DIRECTION('',(1.0,1.104919411E-16,-6.652489415E-16));
#14754=DIRECTION('',(6.652489415E-16,-1.523283654E-32,1.0));
#14755=ORIENTED_EDGE('',*,*,#14624,.F.);
#14756=ORIENTED_EDGE('',*,*,#14757,.T.);
#14757=EDGE_CURVE('NONE',#14617,#14710,#14758,.T.);
#14758=LINE('',#14759,#14760);
#14759=CARTESIAN_POINT('',(1.82,-6.55,1.039712991));
#14760=VECTOR('',#14761,1.0);
#14761=DIRECTION('',(-6.652489415E-16,-1.234338559E-16,-1.0));
#14762=ORIENTED_EDGE('',*,*,#14709,.F.);
#14763=ORIENTED_EDGE('',*,*,#14764,.T.);
#14764=EDGE_CURVE('NONE',#14702,#14765,#14767,.T.);
#14765=VERTEX_POINT('NONE',#14766);
#14766=CARTESIAN_POINT('',(1.82,-4.196532275,2.81));
#14767=CIRCLE('',#14768,0.04);
#14768=AXIS2_PLACEMENT_3D('',#14769,#14770,#14771);
#14769=CARTESIAN_POINT('',(1.82,-4.236532275,2.81));
#14770=DIRECTION('',(-1.0,-1.104919411E-16,6.652489415E-16));
#14771=DIRECTION('',(6.652489415E-16,7.350464689E-32,1.0));
#14772=ORIENTED_EDGE('',*,*,#14773,.T.);
#14773=EDGE_CURVE('NONE',#14765,#14774,#14776,.T.);
#14774=VERTEX_POINT('NONE',#14775);
#14775=CARTESIAN_POINT('',(1.82,-4.196532275,1.039712991));
#14776=LINE('',#14777,#14778);
#14777=CARTESIAN_POINT('',(1.82,-4.196532275,1.039712991));
#14778=VECTOR('',#14779,1.0);
#14779=DIRECTION('',(-9.799108662E-16,0.0,-1.0));
#14780=ORIENTED_EDGE('',*,*,#14781,.T.);
#14781=EDGE_CURVE('NONE',#14774,#14782,#14784,.T.);
#14782=VERTEX_POINT('NONE',#14783);
#14783=CARTESIAN_POINT('',(1.82,-3.656532275,0.499712991));
#14784=CIRCLE('',#14785,0.54);
#14785=AXIS2_PLACEMENT_3D('',#14786,#14787,#14788);
#14786=CARTESIAN_POINT('',(1.82,-3.656532275,1.039712991));
#14787=DIRECTION('',(1.0,1.104919411E-16,-6.652489415E-16));
#14788=DIRECTION('',(6.652489415E-16,-1.523283654E-32,1.0));
#14789=ORIENTED_EDGE('',*,*,#14790,.T.);
#14790=EDGE_CURVE('NONE',#14782,#14791,#14793,.T.);
#14791=VERTEX_POINT('NONE',#14792);
#14792=CARTESIAN_POINT('',(1.82,-1.036532275,0.499712991));
#14793=LINE('',#14794,#14795);
#14794=CARTESIAN_POINT('',(1.82,-1.036532275,0.499712991));
#14795=VECTOR('',#14796,1.0);
#14796=DIRECTION('',(0.0,1.0,0.0));
#14797=ORIENTED_EDGE('',*,*,#14798,.T.);
#14798=EDGE_CURVE('NONE',#14791,#14799,#14801,.T.);
#14799=VERTEX_POINT('NONE',#14800);
#14800=CARTESIAN_POINT('',(1.82,-0.496532275,1.039712991));
#14801=CIRCLE('',#14802,0.54);
#14802=AXIS2_PLACEMENT_3D('',#14803,#14804,#14805);
#14803=CARTESIAN_POINT('',(1.82,-1.036532275,1.039712991));
#14804=DIRECTION('',(1.0,1.104919411E-16,-6.652489415E-16));
#14805=DIRECTION('',(-6.652489415E-16,1.523283654E-32,-1.0));
#14806=ORIENTED_EDGE('',*,*,#14807,.T.);
#14807=EDGE_CURVE('NONE',#14799,#14808,#14810,.T.);
#14808=VERTEX_POINT('NONE',#14809);
#14809=CARTESIAN_POINT('',(1.82,-0.496532275,1.949712991));
#14810=LINE('',#14811,#14812);
#14811=CARTESIAN_POINT('',(1.82,-0.496532275,1.949712991));
#14812=VECTOR('',#14813,1.0);
#14813=DIRECTION('',(9.53144767E-16,0.0,1.0));
#14814=ORIENTED_EDGE('',*,*,#14815,.T.);
#14815=EDGE_CURVE('NONE',#14808,#14816,#14818,.T.);
#14816=VERTEX_POINT('NONE',#14817);
#14817=CARTESIAN_POINT('',(1.82,-0.996532275,1.949712991));
#14818=LINE('',#14819,#14820);
#14819=CARTESIAN_POINT('',(1.82,-0.996532275,1.949712991));
#14820=VECTOR('',#14821,1.0);
#14821=DIRECTION('',(0.0,-1.0,0.0));
#14822=ORIENTED_EDGE('',*,*,#14823,.T.);
#14823=EDGE_CURVE('NONE',#14816,#14824,#14826,.T.);
#14824=VERTEX_POINT('NONE',#14825);
#14825=CARTESIAN_POINT('',(1.82,-0.996532275,1.039712991));
#14826=LINE('',#14827,#14828);
#14827=CARTESIAN_POINT('',(1.82,-0.996532275,1.949712991));
#14828=VECTOR('',#14829,1.0);
#14829=DIRECTION('',(-9.53144767E-16,0.0,-1.0));
#14830=ORIENTED_EDGE('',*,*,#14831,.T.);
#14831=EDGE_CURVE('NONE',#14824,#14455,#14832,.T.);
#14832=CIRCLE('',#14833,0.04);
#14833=AXIS2_PLACEMENT_3D('',#14834,#14835,#14836);
#14834=CARTESIAN_POINT('',(1.82,-1.036532275,1.039712991));
#14835=DIRECTION('',(-1.0,-1.104919411E-16,6.652489415E-16));
#14836=DIRECTION('',(-6.652489415E-16,-7.350464689E-32,-1.0));
#14837=ORIENTED_EDGE('',*,*,#14454,.F.);
#14838=ORIENTED_EDGE('',*,*,#14839,.T.);
#14839=EDGE_CURVE('NONE',#14447,#14733,#14840,.T.);
#14840=LINE('',#14841,#14842);
#14841=CARTESIAN_POINT('',(1.82,-3.25,1.039712991));
#14842=VECTOR('',#14843,1.0);
#14843=DIRECTION('',(-6.652489415E-16,0.0,-1.0));
#14844=PLANE('',#14845);
#14845=AXIS2_PLACEMENT_3D('',#14846,#14847,#14848);
#14846=CARTESIAN_POINT('',(1.82,-1.036532275,1.039712991));
#14847=DIRECTION('',(1.0,1.104919411E-16,-6.652489415E-16));
#14848=DIRECTION('',(-6.652489415E-16,0.0,-1.0));
#14849=ADVANCED_FACE('NONE',(#14850),#14965,.F.);
#14850=FACE_BOUND('NONE',#14851,.T.);
#14851=EDGE_LOOP('',(#14852,#14860,#14868,#14874,#14875,#14884,#14892,#14900,#14908,#14917,#14925,#14934,#14942,#14949,#14950,#14956,#14957,#14964));
#14852=ORIENTED_EDGE('',*,*,#14853,.T.);
#14853=EDGE_CURVE('NONE',#14487,#14854,#14856,.F.);
#14854=VERTEX_POINT('NONE',#14855);
#14855=CARTESIAN_POINT('',(0.72,-3.696532275,0.9));
#14856=LINE('',#14857,#14858);
#14857=CARTESIAN_POINT('',(0.72,-3.696532275,1.039712991));
#14858=VECTOR('',#14859,1.0);
#14859=DIRECTION('',(9.799108662E-16,0.0,1.0));
#14860=ORIENTED_EDGE('',*,*,#14861,.T.);
#14861=EDGE_CURVE('NONE',#14854,#14862,#14864,.F.);
#14862=VERTEX_POINT('NONE',#14863);
#14863=CARTESIAN_POINT('',(0.72,-3.25,0.9));
#14864=LINE('',#14865,#14866);
#14865=CARTESIAN_POINT('',(0.72,-1.036532275,0.9));
#14866=VECTOR('',#14867,1.0);
#14867=DIRECTION('',(1.104919411E-16,-1.0,1.151880795E-32));
#14868=ORIENTED_EDGE('',*,*,#14869,.T.);
#14869=EDGE_CURVE('NONE',#14862,#14445,#14870,.F.);
#14870=LINE('',#14871,#14872);
#14871=CARTESIAN_POINT('',(0.72,-3.25,1.039712991));
#14872=VECTOR('',#14873,1.0);
#14873=DIRECTION('',(-6.652489415E-16,0.0,-1.0));
#14874=ORIENTED_EDGE('',*,*,#14470,.F.);
#14875=ORIENTED_EDGE('',*,*,#14876,.T.);
#14876=EDGE_CURVE('NONE',#14463,#14877,#14879,.F.);
#14877=VERTEX_POINT('NONE',#14878);
#14878=CARTESIAN_POINT('',(0.72,-0.996532275,1.039712991));
#14879=CIRCLE('',#14880,0.04);
#14880=AXIS2_PLACEMENT_3D('',#14881,#14882,#14883);
#14881=CARTESIAN_POINT('',(0.72,-1.036532275,1.039712991));
#14882=DIRECTION('',(-1.0,-1.104919411E-16,6.652489415E-16));
#14883=DIRECTION('',(-6.652489415E-16,-7.350464689E-32,-1.0));
#14884=ORIENTED_EDGE('',*,*,#14885,.T.);
#14885=EDGE_CURVE('NONE',#14877,#14886,#14888,.F.);
#14886=VERTEX_POINT('NONE',#14887);
#14887=CARTESIAN_POINT('',(0.72,-0.996532275,1.949712991));
#14888=LINE('',#14889,#14890);
#14889=CARTESIAN_POINT('',(0.72,-0.996532275,1.949712991));
#14890=VECTOR('',#14891,1.0);
#14891=DIRECTION('',(-9.53144767E-16,0.0,-1.0));
#14892=ORIENTED_EDGE('',*,*,#14893,.T.);
#14893=EDGE_CURVE('NONE',#14886,#14894,#14896,.F.);
#14894=VERTEX_POINT('NONE',#14895);
#14895=CARTESIAN_POINT('',(0.72,-0.496532275,1.949712991));
#14896=LINE('',#14897,#14898);
#14897=CARTESIAN_POINT('',(0.72,-0.996532275,1.949712991));
#14898=VECTOR('',#14899,1.0);
#14899=DIRECTION('',(0.0,-1.0,0.0));
#14900=ORIENTED_EDGE('',*,*,#14901,.T.);
#14901=EDGE_CURVE('NONE',#14894,#14902,#14904,.F.);
#14902=VERTEX_POINT('NONE',#14903);
#14903=CARTESIAN_POINT('',(0.72,-0.496532275,1.039712991));
#14904=LINE('',#14905,#14906);
#14905=CARTESIAN_POINT('',(0.72,-0.496532275,1.949712991));
#14906=VECTOR('',#14907,1.0);
#14907=DIRECTION('',(9.53144767E-16,0.0,1.0));
#14908=ORIENTED_EDGE('',*,*,#14909,.T.);
#14909=EDGE_CURVE('NONE',#14902,#14910,#14912,.F.);
#14910=VERTEX_POINT('NONE',#14911);
#14911=CARTESIAN_POINT('',(0.72,-1.036532275,0.499712991));
#14912=CIRCLE('',#14913,0.54);
#14913=AXIS2_PLACEMENT_3D('',#14914,#14915,#14916);
#14914=CARTESIAN_POINT('',(0.72,-1.036532275,1.039712991));
#14915=DIRECTION('',(1.0,1.104919411E-16,-6.652489415E-16));
#14916=DIRECTION('',(-6.652489415E-16,-6.95153432E-33,-1.0));
#14917=ORIENTED_EDGE('',*,*,#14918,.T.);
#14918=EDGE_CURVE('NONE',#14910,#14919,#14921,.F.);
#14919=VERTEX_POINT('NONE',#14920);
#14920=CARTESIAN_POINT('',(0.72,-3.656532275,0.499712991));
#14921=LINE('',#14922,#14923);
#14922=CARTESIAN_POINT('',(0.72,-1.036532275,0.499712991));
#14923=VECTOR('',#14924,1.0);
#14924=DIRECTION('',(0.0,1.0,0.0));
#14925=ORIENTED_EDGE('',*,*,#14926,.T.);
#14926=EDGE_CURVE('NONE',#14919,#14927,#14929,.F.);
#14927=VERTEX_POINT('NONE',#14928);
#14928=CARTESIAN_POINT('',(0.72,-4.196532275,1.039712991));
#14929=CIRCLE('',#14930,0.54);
#14930=AXIS2_PLACEMENT_3D('',#14931,#14932,#14933);
#14931=CARTESIAN_POINT('',(0.72,-3.656532275,1.039712991));
#14932=DIRECTION('',(1.0,1.104919411E-16,-6.652489415E-16));
#14933=DIRECTION('',(6.652489415E-16,6.95153432E-33,1.0));
#14934=ORIENTED_EDGE('',*,*,#14935,.T.);
#14935=EDGE_CURVE('NONE',#14927,#14936,#14938,.F.);
#14936=VERTEX_POINT('NONE',#14937);
#14937=CARTESIAN_POINT('',(0.72,-4.196532275,2.81));
#14938=LINE('',#14939,#14940);
#14939=CARTESIAN_POINT('',(0.72,-4.196532275,1.039712991));
#14940=VECTOR('',#14941,1.0);
#14941=DIRECTION('',(-9.799108662E-16,0.0,-1.0));
#14942=ORIENTED_EDGE('',*,*,#14943,.T.);
#14943=EDGE_CURVE('NONE',#14936,#14694,#14944,.F.);
#14944=CIRCLE('',#14945,0.04);
#14945=AXIS2_PLACEMENT_3D('',#14946,#14947,#14948);
#14946=CARTESIAN_POINT('',(0.72,-4.236532275,2.81));
#14947=DIRECTION('',(-1.0,-1.104919411E-16,6.652489415E-16));
#14948=DIRECTION('',(6.652489415E-16,7.350464689E-32,1.0));
#14949=ORIENTED_EDGE('',*,*,#14693,.F.);
#14950=ORIENTED_EDGE('',*,*,#14951,.T.);
#14951=EDGE_CURVE('NONE',#14686,#14599,#14952,.F.);
#14952=LINE('',#14953,#14954);
#14953=CARTESIAN_POINT('',(0.72,-6.55,1.039712991));
#14954=VECTOR('',#14955,1.0);
#14955=DIRECTION('',(-6.652489415E-16,-1.234338559E-16,-1.0));
#14956=ORIENTED_EDGE('',*,*,#14640,.F.);
#14957=ORIENTED_EDGE('',*,*,#14958,.T.);
#14958=EDGE_CURVE('NONE',#14633,#14495,#14959,.F.);
#14959=CIRCLE('',#14960,0.54);
#14960=AXIS2_PLACEMENT_3D('',#14961,#14962,#14963);
#14961=CARTESIAN_POINT('',(0.72,-4.236532275,2.81));
#14962=DIRECTION('',(1.0,1.104919411E-16,-6.652489415E-16));
#14963=DIRECTION('',(6.652489415E-16,6.95153432E-33,1.0));
#14964=ORIENTED_EDGE('',*,*,#14494,.F.);
#14965=PLANE('',#14966);
#14966=AXIS2_PLACEMENT_3D('',#14967,#14968,#14969);
#14967=CARTESIAN_POINT('',(0.72,-1.036532275,1.039712991));
#14968=DIRECTION('',(1.0,1.104919411E-16,-6.652489415E-16));
#14969=DIRECTION('',(-6.652489415E-16,0.0,-1.0));
#14970=ADVANCED_FACE('NONE',(#14971),#14980,.T.);
#14971=FACE_BOUND('NONE',#14972,.T.);
#14972=EDGE_LOOP('',(#14973,#14979));
#14973=ORIENTED_EDGE('',*,*,#14974,.T.);
#14974=EDGE_CURVE('NONE',#14285,#14293,#14975,.F.);
#14975=LINE('',#14976,#14977);
#14976=CARTESIAN_POINT('',(0.27,3.45,3.322150035));
#14977=VECTOR('',#14978,1.0);
#14978=DIRECTION('',(1.0,2.168404345E-16,0.0));
#14979=ORIENTED_EDGE('',*,*,#14292,.F.);
#14980=PLANE('',#14981);
#14981=AXIS2_PLACEMENT_3D('',#14982,#14983,#14984);
#14982=CARTESIAN_POINT('',(1.27,3.45,3.097150035));
#14983=DIRECTION('',(-1.104919411E-16,1.0,0.0));
#14984=DIRECTION('',(-1.0,-1.104919411E-16,0.0));
#14985=ADVANCED_FACE('NONE',(#14986,#15011),#15045,.F.);
#14986=FACE_BOUND('NONE',#14987,.T.);
#14987=EDGE_LOOP('',(#14988,#14996,#14997,#15005));
#14988=ORIENTED_EDGE('',*,*,#14989,.T.);
#14989=EDGE_CURVE('NONE',#14990,#14577,#14992,.T.);
#14990=VERTEX_POINT('NONE',#14991);
#14991=CARTESIAN_POINT('',(0.23,0.39,1.949712991));
#14992=LINE('',#14993,#14994);
#14993=CARTESIAN_POINT('',(0.23,0.39,4.649712991));
#14994=VECTOR('',#14995,1.0);
#14995=DIRECTION('',(9.637352644E-16,0.0,1.0));
#14996=ORIENTED_EDGE('',*,*,#14576,.F.);
#14997=ORIENTED_EDGE('',*,*,#14998,.T.);
#14998=EDGE_CURVE('NONE',#14569,#14999,#15001,.F.);
#14999=VERTEX_POINT('NONE',#15000);
#15000=CARTESIAN_POINT('',(2.31,0.39,1.949712991));
#15001=LINE('',#15002,#15003);
#15002=CARTESIAN_POINT('',(2.31,0.39,4.649712991));
#15003=VECTOR('',#15004,1.0);
#15004=DIRECTION('',(9.637352644E-16,0.0,1.0));
#15005=ORIENTED_EDGE('',*,*,#15006,.T.);
#15006=EDGE_CURVE('NONE',#14999,#14990,#15007,.T.);
#15007=LINE('',#15008,#15009);
#15008=CARTESIAN_POINT('',(2.31,0.39,1.949712991));
#15009=VECTOR('',#15010,1.0);
#15010=DIRECTION('',(-1.0,-1.104919411E-16,6.652489415E-16));
#15011=FACE_BOUND('NONE',#15012,.T.);
#15012=EDGE_LOOP('',(#15013,#15023,#15031,#15039));
#15013=ORIENTED_EDGE('',*,*,#15014,.T.);
#15014=EDGE_CURVE('NONE',#15015,#15017,#15019,.F.);
#15015=VERTEX_POINT('NONE',#15016);
#15016=CARTESIAN_POINT('',(1.82,0.39,2.547150035));
#15017=VERTEX_POINT('NONE',#15018);
#15018=CARTESIAN_POINT('',(1.82,0.39,3.647150035));
#15019=LINE('',#15020,#15021);
#15020=CARTESIAN_POINT('',(1.82,0.39,3.647150035));
#15021=VECTOR('',#15022,1.0);
#15022=DIRECTION('',(0.0,0.0,-1.0));
#15023=ORIENTED_EDGE('',*,*,#15024,.T.);
#15024=EDGE_CURVE('NONE',#15017,#15025,#15027,.F.);
#15025=VERTEX_POINT('NONE',#15026);
#15026=CARTESIAN_POINT('',(0.72,0.39,3.647150035));
#15027=LINE('',#15028,#15029);
#15028=CARTESIAN_POINT('',(0.72,0.39,3.647150035));
#15029=VECTOR('',#15030,1.0);
#15030=DIRECTION('',(1.0,9.856383386E-17,0.0));
#15031=ORIENTED_EDGE('',*,*,#15032,.T.);
#15032=EDGE_CURVE('NONE',#15025,#15033,#15035,.F.);
#15033=VERTEX_POINT('NONE',#15034);
#15034=CARTESIAN_POINT('',(0.72,0.39,2.547150035));
#15035=LINE('',#15036,#15037);
#15036=CARTESIAN_POINT('',(0.72,0.39,3.647150035));
#15037=VECTOR('',#15038,1.0);
#15038=DIRECTION('',(0.0,0.0,1.0));
#15039=ORIENTED_EDGE('',*,*,#15040,.T.);
#15040=EDGE_CURVE('NONE',#15033,#15015,#15041,.F.);
#15041=LINE('',#15042,#15043);
#15042=CARTESIAN_POINT('',(0.72,0.39,2.547150035));
#15043=VECTOR('',#15044,1.0);
#15044=DIRECTION('',(-1.0,-9.856383386E-17,0.0));
#15045=PLANE('',#15046);
#15046=AXIS2_PLACEMENT_3D('',#15047,#15048,#15049);
#15047=CARTESIAN_POINT('',(2.31,0.39,4.649712991));
#15048=DIRECTION('',(1.104919411E-16,-1.0,-1.064849801E-31));
#15049=DIRECTION('',(1.0,1.104919411E-16,0.0));
#15050=ADVANCED_FACE('NONE',(#15051),#15085,.F.);
#15051=FACE_BOUND('NONE',#15052,.T.);
#15052=EDGE_LOOP('',(#15053,#15063,#15071,#15079));
#15053=ORIENTED_EDGE('',*,*,#15054,.T.);
#15054=EDGE_CURVE('NONE',#15055,#15057,#15059,.T.);
#15055=VERTEX_POINT('NONE',#15056);
#15056=CARTESIAN_POINT('',(0.23,-3.58,5.149712991));
#15057=VERTEX_POINT('NONE',#15058);
#15058=CARTESIAN_POINT('',(0.23,-3.58,1.949712991));
#15059=LINE('',#15060,#15061);
#15060=CARTESIAN_POINT('',(0.23,-3.58,4.649712991));
#15061=VECTOR('',#15062,1.0);
#15062=DIRECTION('',(-6.424901763E-16,0.0,-1.0));
#15063=ORIENTED_EDGE('',*,*,#15064,.T.);
#15064=EDGE_CURVE('NONE',#15057,#15065,#15067,.F.);
#15065=VERTEX_POINT('NONE',#15066);
#15066=CARTESIAN_POINT('',(2.31,-3.58,1.949712991));
#15067=LINE('',#15068,#15069);
#15068=CARTESIAN_POINT('',(2.31,-3.58,1.949712991));
#15069=VECTOR('',#15070,1.0);
#15070=DIRECTION('',(-1.0,-1.104919411E-16,6.652489415E-16));
#15071=ORIENTED_EDGE('',*,*,#15072,.T.);
#15072=EDGE_CURVE('NONE',#15065,#15073,#15075,.F.);
#15073=VERTEX_POINT('NONE',#15074);
#15074=CARTESIAN_POINT('',(2.31,-3.58,5.149712991));
#15075=LINE('',#15076,#15077);
#15076=CARTESIAN_POINT('',(2.31,-3.58,4.649712991));
#15077=VECTOR('',#15078,1.0);
#15078=DIRECTION('',(-6.424901763E-16,0.0,-1.0));
#15079=ORIENTED_EDGE('',*,*,#15080,.T.);
#15080=EDGE_CURVE('NONE',#15073,#15055,#15081,.F.);
#15081=LINE('',#15082,#15083);
#15082=CARTESIAN_POINT('',(2.31,-3.58,5.149712991));
#15083=VECTOR('',#15084,1.0);
#15084=DIRECTION('',(1.0,0.0,0.0));
#15085=PLANE('',#15086);
#15086=AXIS2_PLACEMENT_3D('',#15087,#15088,#15089);
#15087=CARTESIAN_POINT('',(2.31,-3.58,4.649712991));
#15088=DIRECTION('',(-1.104919411E-16,1.0,7.098998674E-32));
#15089=DIRECTION('',(-1.0,-1.104919411E-16,0.0));
#15090=ADVANCED_FACE('NONE',(#15091,#15107),#15123,.F.);
#15091=FACE_BOUND('NONE',#15092,.T.);
#15092=EDGE_LOOP('',(#15093,#15099,#15100,#15106));
#15093=ORIENTED_EDGE('',*,*,#15094,.T.);
#15094=EDGE_CURVE('NONE',#14886,#14816,#15095,.F.);
#15095=LINE('',#15096,#15097);
#15096=CARTESIAN_POINT('',(1.82,-0.996532275,1.949712991));
#15097=VECTOR('',#15098,1.0);
#15098=DIRECTION('',(-1.0,-1.104919411E-16,6.652489415E-16));
#15099=ORIENTED_EDGE('',*,*,#14815,.F.);
#15100=ORIENTED_EDGE('',*,*,#15101,.T.);
#15101=EDGE_CURVE('NONE',#14808,#14894,#15102,.T.);
#15102=LINE('',#15103,#15104);
#15103=CARTESIAN_POINT('',(1.82,-0.496532275,1.949712991));
#15104=VECTOR('',#15105,1.0);
#15105=DIRECTION('',(-1.0,-1.104919411E-16,6.652489415E-16));
#15106=ORIENTED_EDGE('',*,*,#14893,.F.);
#15107=FACE_BOUND('NONE',#15108,.T.);
#15108=EDGE_LOOP('',(#15109,#15115,#15116,#15122));
#15109=ORIENTED_EDGE('',*,*,#15110,.T.);
#15110=EDGE_CURVE('NONE',#15057,#14990,#15111,.T.);
#15111=LINE('',#15112,#15113);
#15112=CARTESIAN_POINT('',(0.23,-3.58,1.949712991));
#15113=VECTOR('',#15114,1.0);
#15114=DIRECTION('',(-2.184790272E-16,1.0,0.0));
#15115=ORIENTED_EDGE('',*,*,#15006,.F.);
#15116=ORIENTED_EDGE('',*,*,#15117,.T.);
#15117=EDGE_CURVE('NONE',#14999,#15065,#15118,.F.);
#15118=LINE('',#15119,#15120);
#15119=CARTESIAN_POINT('',(2.31,-3.58,1.949712991));
#15120=VECTOR('',#15121,1.0);
#15121=DIRECTION('',(-2.184790272E-16,1.0,0.0));
#15122=ORIENTED_EDGE('',*,*,#15064,.F.);
#15123=PLANE('',#15124);
#15124=AXIS2_PLACEMENT_3D('',#15125,#15126,#15127);
#15125=CARTESIAN_POINT('',(2.31,-3.58,1.949712991));
#15126=DIRECTION('',(6.652489415E-16,1.453429416E-31,1.0));
#15127=DIRECTION('',(1.0,0.0,-6.652489415E-16));
#15128=ADVANCED_FACE('NONE',(#15129),#15149,.F.);
#15129=FACE_BOUND('NONE',#15130,.T.);
#15130=EDGE_LOOP('',(#15131,#15132,#15140,#15146,#15147,#15148));
#15131=ORIENTED_EDGE('',*,*,#14568,.F.);
#15132=ORIENTED_EDGE('',*,*,#15133,.T.);
#15133=EDGE_CURVE('NONE',#14561,#15134,#15136,.F.);
#15134=VERTEX_POINT('NONE',#15135);
#15135=CARTESIAN_POINT('',(2.31,-3.25,5.149712991));
#15136=LINE('',#15137,#15138);
#15137=CARTESIAN_POINT('',(2.31,-3.25,5.149712991));
#15138=VECTOR('',#15139,1.0);
#15139=DIRECTION('',(0.0,0.0,-1.0));
#15140=ORIENTED_EDGE('',*,*,#15141,.T.);
#15141=EDGE_CURVE('NONE',#15134,#15073,#15142,.F.);
#15142=LINE('',#15143,#15144);
#15143=CARTESIAN_POINT('',(2.31,-3.58,5.149712991));
#15144=VECTOR('',#15145,1.0);
#15145=DIRECTION('',(0.0,1.0,0.0));
#15146=ORIENTED_EDGE('',*,*,#15072,.F.);
#15147=ORIENTED_EDGE('',*,*,#15117,.F.);
#15148=ORIENTED_EDGE('',*,*,#14998,.F.);
#15149=PLANE('',#15150);
#15150=AXIS2_PLACEMENT_3D('',#15151,#15152,#15153);
#15151=CARTESIAN_POINT('',(2.31,1.149116188E-16,5.42786003E-15));
#15152=DIRECTION('',(-1.0,0.0,9.637352644E-16));
#15153=DIRECTION('',(9.637352644E-16,0.0,1.0));
#15154=ADVANCED_FACE('NONE',(#15155),#15175,.T.);
#15155=FACE_BOUND('NONE',#15156,.T.);
#15156=EDGE_LOOP('',(#15157,#15158,#15159,#15160,#15161,#15169));
#15157=ORIENTED_EDGE('',*,*,#14584,.F.);
#15158=ORIENTED_EDGE('',*,*,#14989,.F.);
#15159=ORIENTED_EDGE('',*,*,#15110,.F.);
#15160=ORIENTED_EDGE('',*,*,#15054,.F.);
#15161=ORIENTED_EDGE('',*,*,#15162,.T.);
#15162=EDGE_CURVE('NONE',#15055,#15163,#15165,.F.);
#15163=VERTEX_POINT('NONE',#15164);
#15164=CARTESIAN_POINT('',(0.23,-3.25,5.149712991));
#15165=LINE('',#15166,#15167);
#15166=CARTESIAN_POINT('',(0.23,-3.58,5.149712991));
#15167=VECTOR('',#15168,1.0);
#15168=DIRECTION('',(0.0,-1.0,0.0));
#15169=ORIENTED_EDGE('',*,*,#15170,.T.);
#15170=EDGE_CURVE('NONE',#15163,#14559,#15171,.T.);
#15171=LINE('',#15172,#15173);
#15172=CARTESIAN_POINT('',(0.23,-3.25,5.149712991));
#15173=VECTOR('',#15174,1.0);
#15174=DIRECTION('',(0.0,0.0,-1.0));
#15175=PLANE('',#15176);
#15176=AXIS2_PLACEMENT_3D('',#15177,#15178,#15179);
#15177=CARTESIAN_POINT('',(0.23,-1.149116188E-16,6.811577828E-15));
#15178=DIRECTION('',(-1.0,0.0,9.637352644E-16));
#15179=DIRECTION('',(9.637352644E-16,0.0,1.0));
#15180=ADVANCED_FACE('NONE',(#15181),#15206,.F.);
#15181=FACE_BOUND('NONE',#15182,.T.);
#15182=EDGE_LOOP('',(#15183,#15184,#15192,#15200));
#15183=ORIENTED_EDGE('',*,*,#15014,.F.);
#15184=ORIENTED_EDGE('',*,*,#15185,.T.);
#15185=EDGE_CURVE('NONE',#15015,#15186,#15188,.F.);
#15186=VERTEX_POINT('NONE',#15187);
#15187=CARTESIAN_POINT('',(1.82,1.29,2.547150035));
#15188=LINE('',#15189,#15190);
#15189=CARTESIAN_POINT('',(1.82,1.29,2.547150035));
#15190=VECTOR('',#15191,1.0);
#15191=DIRECTION('',(1.104919411E-16,-1.0,-8.471987687E-32));
#15192=ORIENTED_EDGE('',*,*,#15193,.T.);
#15193=EDGE_CURVE('NONE',#15186,#15194,#15196,.F.);
#15194=VERTEX_POINT('NONE',#15195);
#15195=CARTESIAN_POINT('',(1.82,1.29,3.647150035));
#15196=LINE('',#15197,#15198);
#15197=CARTESIAN_POINT('',(1.82,1.29,3.647150035));
#15198=VECTOR('',#15199,1.0);
#15199=DIRECTION('',(0.0,0.0,-1.0));
#15200=ORIENTED_EDGE('',*,*,#15201,.T.);
#15201=EDGE_CURVE('NONE',#15194,#15017,#15202,.T.);
#15202=LINE('',#15203,#15204);
#15203=CARTESIAN_POINT('',(1.82,1.29,3.647150035));
#15204=VECTOR('',#15205,1.0);
#15205=DIRECTION('',(1.104919411E-16,-1.0,-8.471987687E-32));
#15206=PLANE('',#15207);
#15207=AXIS2_PLACEMENT_3D('',#15208,#15209,#15210);
#15208=CARTESIAN_POINT('',(1.82,1.29,3.647150035));
#15209=DIRECTION('',(-1.0,-1.104919411E-16,0.0));
#15210=DIRECTION('',(1.104919411E-16,-1.0,0.0));
#15211=ADVANCED_FACE('NONE',(#15212),#15230,.F.);
#15212=FACE_BOUND('NONE',#15213,.T.);
#15213=EDGE_LOOP('',(#15214,#15215,#15223,#15229));
#15214=ORIENTED_EDGE('',*,*,#15040,.F.);
#15215=ORIENTED_EDGE('',*,*,#15216,.T.);
#15216=EDGE_CURVE('NONE',#15033,#15217,#15219,.F.);
#15217=VERTEX_POINT('NONE',#15218);
#15218=CARTESIAN_POINT('',(0.72,1.29,2.547150035));
#15219=LINE('',#15220,#15221);
#15220=CARTESIAN_POINT('',(0.72,1.29,2.547150035));
#15221=VECTOR('',#15222,1.0);
#15222=DIRECTION('',(1.104919411E-16,-1.0,-8.471987687E-32));
#15223=ORIENTED_EDGE('',*,*,#15224,.T.);
#15224=EDGE_CURVE('NONE',#15217,#15186,#15225,.F.);
#15225=LINE('',#15226,#15227);
#15226=CARTESIAN_POINT('',(0.72,1.29,2.547150035));
#15227=VECTOR('',#15228,1.0);
#15228=DIRECTION('',(-1.0,-9.856383386E-17,0.0));
#15229=ORIENTED_EDGE('',*,*,#15185,.F.);
#15230=PLANE('',#15231);
#15231=AXIS2_PLACEMENT_3D('',#15232,#15233,#15234);
#15232=CARTESIAN_POINT('',(0.72,1.29,2.547150035));
#15233=DIRECTION('',(8.350315868E-48,-8.471987687E-32,1.0));
#15234=DIRECTION('',(0.0,-1.0,-8.471987687E-32));
#15235=ADVANCED_FACE('NONE',(#15236),#15254,.F.);
#15236=FACE_BOUND('NONE',#15237,.T.);
#15237=EDGE_LOOP('',(#15238,#15239,#15247,#15253));
#15238=ORIENTED_EDGE('',*,*,#15032,.F.);
#15239=ORIENTED_EDGE('',*,*,#15240,.T.);
#15240=EDGE_CURVE('NONE',#15025,#15241,#15243,.F.);
#15241=VERTEX_POINT('NONE',#15242);
#15242=CARTESIAN_POINT('',(0.72,1.29,3.647150035));
#15243=LINE('',#15244,#15245);
#15244=CARTESIAN_POINT('',(0.72,1.29,3.647150035));
#15245=VECTOR('',#15246,1.0);
#15246=DIRECTION('',(1.104919411E-16,-1.0,-8.471987687E-32));
#15247=ORIENTED_EDGE('',*,*,#15248,.T.);
#15248=EDGE_CURVE('NONE',#15241,#15217,#15249,.F.);
#15249=LINE('',#15250,#15251);
#15250=CARTESIAN_POINT('',(0.72,1.29,3.647150035));
#15251=VECTOR('',#15252,1.0);
#15252=DIRECTION('',(0.0,0.0,1.0));
#15253=ORIENTED_EDGE('',*,*,#15216,.F.);
#15254=PLANE('',#15255);
#15255=AXIS2_PLACEMENT_3D('',#15256,#15257,#15258);
#15256=CARTESIAN_POINT('',(0.72,1.29,3.647150035));
#15257=DIRECTION('',(1.0,1.104919411E-16,0.0));
#15258=DIRECTION('',(-1.104919411E-16,1.0,0.0));
#15259=ADVANCED_FACE('NONE',(#15260),#15271,.F.);
#15260=FACE_BOUND('NONE',#15261,.T.);
#15261=EDGE_LOOP('',(#15262,#15263,#15264,#15270));
#15262=ORIENTED_EDGE('',*,*,#15024,.F.);
#15263=ORIENTED_EDGE('',*,*,#15201,.F.);
#15264=ORIENTED_EDGE('',*,*,#15265,.T.);
#15265=EDGE_CURVE('NONE',#15194,#15241,#15266,.F.);
#15266=LINE('',#15267,#15268);
#15267=CARTESIAN_POINT('',(0.72,1.29,3.647150035));
#15268=VECTOR('',#15269,1.0);
#15269=DIRECTION('',(1.0,9.856383386E-17,0.0));
#15270=ORIENTED_EDGE('',*,*,#15240,.F.);
#15271=PLANE('',#15272);
#15272=AXIS2_PLACEMENT_3D('',#15273,#15274,#15275);
#15273=CARTESIAN_POINT('',(0.72,1.29,3.647150035));
#15274=DIRECTION('',(-8.350315868E-48,8.471987687E-32,-1.0));
#15275=DIRECTION('',(0.0,1.0,8.471987687E-32));
#15276=ADVANCED_FACE('NONE',(#15277,#15287),#15293,.F.);
#15277=FACE_BOUND('NONE',#15278,.T.);
#15278=EDGE_LOOP('',(#15279,#15286));
#15279=ORIENTED_EDGE('',*,*,#15280,.T.);
#15280=EDGE_CURVE('NONE',#14414,#14422,#15281,.F.);
#15281=CIRCLE('',#15282,0.535);
#15282=AXIS2_PLACEMENT_3D('',#15283,#15284,#15285);
#15283=CARTESIAN_POINT('',(1.27,1.29,3.097150035));
#15284=DIRECTION('',(-9.856383386E-17,1.0,0.0));
#15285=DIRECTION('',(-1.0,-9.856383386E-17,0.0));
#15286=ORIENTED_EDGE('',*,*,#14421,.F.);
#15287=FACE_BOUND('NONE',#15288,.T.);
#15288=EDGE_LOOP('',(#15289,#15290,#15291,#15292));
#15289=ORIENTED_EDGE('',*,*,#15193,.F.);
#15290=ORIENTED_EDGE('',*,*,#15224,.F.);
#15291=ORIENTED_EDGE('',*,*,#15248,.F.);
#15292=ORIENTED_EDGE('',*,*,#15265,.F.);
#15293=PLANE('',#15294);
#15294=AXIS2_PLACEMENT_3D('',#15295,#15296,#15297);
#15295=CARTESIAN_POINT('',(7.62,1.29,7.624788918E-32));
#15296=DIRECTION('',(9.856383386E-17,-1.0,0.0));
#15297=DIRECTION('',(1.0,9.856383386E-17,0.0));
#15298=ADVANCED_FACE('NONE',(#15299),#15314,.T.);
#15299=FACE_BOUND('NONE',#15300,.T.);
#15300=EDGE_LOOP('',(#15301,#15302,#15303,#15312,#15313));
#15301=ORIENTED_EDGE('',*,*,#14413,.F.);
#15302=ORIENTED_EDGE('',*,*,#14384,.F.);
#15303=ORIENTED_EDGE('',*,*,#15304,.T.);
#15304=EDGE_CURVE('NONE',#14377,#14402,#15305,.T.);
#15305=B_SPLINE_CURVE_WITH_KNOTS('',3,(#15306,#15307,#15308,#15309,#15310,#15311),.UNSPECIFIED.,.F.,.U.,(4,2,4),(5.062863522E-04,9.243922866E-04,0.001342498),.UNSPECIFIED.);
#15306=CARTESIAN_POINT('',(1.27,2.599541489,2.562150035));
#15307=CARTESIAN_POINT('',(1.410171879,2.599541489,2.562150035));
#15308=CARTESIAN_POINT('',(1.549247432,2.599566155,2.619710978));
#15309=CARTESIAN_POINT('',(1.747670439,2.599651253,2.818298581));
#15310=CARTESIAN_POINT('',(1.805,2.599711021,2.95777583));
#15311=CARTESIAN_POINT('',(1.805,2.599770745,3.097150035));
#15312=ORIENTED_EDGE('',*,*,#14430,.F.);
#15313=ORIENTED_EDGE('',*,*,#15280,.F.);
#15314=CYLINDRICAL_SURFACE('',#15315,0.535);
#15315=AXIS2_PLACEMENT_3D('',#15316,#15317,#15318);
#15316=CARTESIAN_POINT('',(1.27,4.251,3.097150035));
#15317=DIRECTION('',(9.856383386E-17,-1.0,0.0));
#15318=DIRECTION('',(1.0,9.856383386E-17,0.0));
#15319=ADVANCED_FACE('NONE',(#15320),#15340,.F.);
#15320=FACE_BOUND('NONE',#15321,.T.);
#15321=EDGE_LOOP('',(#15322,#15323,#15324,#15325,#15326,#15339));
#15322=ORIENTED_EDGE('',*,*,#14358,.F.);
#15323=ORIENTED_EDGE('',*,*,#14401,.F.);
#15324=ORIENTED_EDGE('',*,*,#15304,.F.);
#15325=ORIENTED_EDGE('',*,*,#14376,.F.);
#15326=ORIENTED_EDGE('',*,*,#15327,.T.);
#15327=EDGE_CURVE('NONE',#14366,#14255,#15328,.F.);
#15328=B_SPLINE_CURVE_WITH_KNOTS('',3,(#15329,#15330,#15331,#15332,#15333,#15334,#15335,#15336,#15337,#15338),.UNSPECIFIED.,.F.,.U.,(4,2,2,2,4),(0.003743817,0.004134804,0.004525791,0.004916778,0.005307765),.UNSPECIFIED.);
#15329=CARTESIAN_POINT('',(2.27,2.599571453,3.097150035));
#15330=CARTESIAN_POINT('',(2.27,2.599515211,2.965911042));
#15331=CARTESIAN_POINT('',(2.243820639,2.599459108,2.834994952));
#15332=CARTESIAN_POINT('',(2.143848323,2.59935571,2.593720761));
#15333=CARTESIAN_POINT('',(2.069238727,2.599307904,2.482167126));
#15334=CARTESIAN_POINT('',(1.884912871,2.599228919,2.297857421));
#15335=CARTESIAN_POINT('',(1.773276564,2.599196937,2.223229135));
#15336=CARTESIAN_POINT('',(1.532186078,2.599154135,2.123351545));
#15337=CARTESIAN_POINT('',(1.401030149,2.599142907,2.097150035));
#15338=CARTESIAN_POINT('',(1.27,2.599142907,2.097150035));
#15339=ORIENTED_EDGE('',*,*,#14252,.F.);
#15340=CONICAL_SURFACE('',#15341,1.024292743,1.570367743);
#15341=AXIS2_PLACEMENT_3D('',#15342,#15343,#15344);
#15342=CARTESIAN_POINT('',(1.27,2.599561005,3.097064392));
#15343=DIRECTION('',(0.0,-0.999999908,4.285833644E-04));
#15344=DIRECTION('',(0.0,-4.285833644E-04,-0.999999908));
#15345=ADVANCED_FACE('NONE',(#15346),#15365,.T.);
#15346=FACE_BOUND('NONE',#15347,.T.);
#15347=EDGE_LOOP('',(#15348,#15358));
#15348=ORIENTED_EDGE('',*,*,#15349,.T.);
#15349=EDGE_CURVE('NONE',#15350,#15352,#15354,.F.);
#15350=VERTEX_POINT('NONE',#15351);
#15351=CARTESIAN_POINT('',(0.295641237,3.45,2.872150035));
#15352=VERTEX_POINT('NONE',#15353);
#15353=CARTESIAN_POINT('',(2.244358763,3.45,2.872150035));
#15354=LINE('',#15355,#15356);
#15355=CARTESIAN_POINT('',(0.27,3.45,2.872150035));
#15356=VECTOR('',#15357,1.0);
#15357=DIRECTION('',(-1.0,-2.168404345E-16,0.0));
#15358=ORIENTED_EDGE('',*,*,#15359,.T.);
#15359=EDGE_CURVE('NONE',#15352,#15350,#15360,.T.);
#15360=CIRCLE('',#15361,1.0);
#15361=AXIS2_PLACEMENT_3D('',#15362,#15363,#15364);
#15362=CARTESIAN_POINT('',(1.27,3.45,3.097150035));
#15363=DIRECTION('',(-1.104919411E-16,1.0,0.0));
#15364=DIRECTION('',(-1.0,-1.104919411E-16,0.0));
#15365=PLANE('',#15366);
#15366=AXIS2_PLACEMENT_3D('',#15367,#15368,#15369);
#15367=CARTESIAN_POINT('',(1.27,3.45,3.097150035));
#15368=DIRECTION('',(-1.104919411E-16,1.0,0.0));
#15369=DIRECTION('',(-1.0,-1.104919411E-16,0.0));
#15370=ADVANCED_FACE('NONE',(#15371),#15408,.T.);
#15371=FACE_BOUND('NONE',#15372,.T.);
#15372=EDGE_LOOP('',(#15373,#15374,#15375,#15376,#15377,#15386,#15392,#15393,#15401));
#15373=ORIENTED_EDGE('',*,*,#14267,.F.);
#15374=ORIENTED_EDGE('',*,*,#15327,.F.);
#15375=ORIENTED_EDGE('',*,*,#14365,.F.);
#15376=ORIENTED_EDGE('',*,*,#14318,.F.);
#15377=ORIENTED_EDGE('',*,*,#15378,.T.);
#15378=EDGE_CURVE('NONE',#14310,#15379,#15381,.F.);
#15379=VERTEX_POINT('NONE',#15380);
#15380=CARTESIAN_POINT('',(0.295641237,3.15,2.872150035));
#15381=CIRCLE('',#15382,1.0);
#15382=AXIS2_PLACEMENT_3D('',#15383,#15384,#15385);
#15383=CARTESIAN_POINT('',(1.27,3.15,3.097150035));
#15384=DIRECTION('',(-2.168404345E-16,1.0,0.0));
#15385=DIRECTION('',(1.0,2.168404345E-16,6.071532166E-15));
#15386=ORIENTED_EDGE('',*,*,#15387,.T.);
#15387=EDGE_CURVE('NONE',#15379,#15350,#15388,.F.);
#15388=LINE('',#15389,#15390);
#15389=CARTESIAN_POINT('',(0.295641237,-4.251,2.872150035));
#15390=VECTOR('',#15391,1.0);
#15391=DIRECTION('',(1.104919411E-16,-1.0,0.0));
#15392=ORIENTED_EDGE('',*,*,#15359,.F.);
#15393=ORIENTED_EDGE('',*,*,#15394,.T.);
#15394=EDGE_CURVE('NONE',#15352,#15395,#15397,.F.);
#15395=VERTEX_POINT('NONE',#15396);
#15396=CARTESIAN_POINT('',(2.244358763,3.15,2.872150035));
#15397=LINE('',#15398,#15399);
#15398=CARTESIAN_POINT('',(2.244358763,-4.251,2.872150035));
#15399=VECTOR('',#15400,1.0);
#15400=DIRECTION('',(-1.104919411E-16,1.0,0.0));
#15401=ORIENTED_EDGE('',*,*,#15402,.T.);
#15402=EDGE_CURVE('NONE',#15395,#14268,#15403,.F.);
#15403=CIRCLE('',#15404,1.0);
#15404=AXIS2_PLACEMENT_3D('',#15405,#15406,#15407);
#15405=CARTESIAN_POINT('',(1.27,3.15,3.097150035));
#15406=DIRECTION('',(-2.168404345E-16,1.0,0.0));
#15407=DIRECTION('',(1.0,2.168404345E-16,0.0));
#15408=CYLINDRICAL_SURFACE('',#15409,1.0);
#15409=AXIS2_PLACEMENT_3D('',#15410,#15411,#15412);
#15410=CARTESIAN_POINT('',(1.27,-4.251,3.097150035));
#15411=DIRECTION('',(-1.104919411E-16,1.0,0.0));
#15412=DIRECTION('',(-1.0,-1.104919411E-16,0.0));
#15413=ADVANCED_FACE('NONE',(#15414),#15425,.F.);
#15414=FACE_BOUND('NONE',#15415,.T.);
#15415=EDGE_LOOP('',(#15416,#15417,#15423,#15424));
#15416=ORIENTED_EDGE('',*,*,#14284,.F.);
#15417=ORIENTED_EDGE('',*,*,#15418,.T.);
#15418=EDGE_CURVE('NONE',#14276,#14302,#15419,.F.);
#15419=LINE('',#15420,#15421);
#15420=CARTESIAN_POINT('',(0.27,3.15,3.322150035));
#15421=VECTOR('',#15422,1.0);
#15422=DIRECTION('',(1.0,2.168404345E-16,0.0));
#15423=ORIENTED_EDGE('',*,*,#14301,.F.);
#15424=ORIENTED_EDGE('',*,*,#14974,.F.);
#15425=PLANE('',#15426);
#15426=AXIS2_PLACEMENT_3D('',#15427,#15428,#15429);
#15427=CARTESIAN_POINT('',(0.27,3.15,3.322150035));
#15428=DIRECTION('',(0.0,0.0,1.0));
#15429=DIRECTION('',(1.0,0.0,0.0));
#15430=ADVANCED_FACE('NONE',(#15431),#15442,.F.);
#15431=FACE_BOUND('NONE',#15432,.T.);
#15432=EDGE_LOOP('',(#15433,#15434,#15440,#15441));
#15433=ORIENTED_EDGE('',*,*,#15387,.F.);
#15434=ORIENTED_EDGE('',*,*,#15435,.T.);
#15435=EDGE_CURVE('NONE',#15379,#15395,#15436,.F.);
#15436=LINE('',#15437,#15438);
#15437=CARTESIAN_POINT('',(0.27,3.15,2.872150035));
#15438=VECTOR('',#15439,1.0);
#15439=DIRECTION('',(-1.0,-2.168404345E-16,0.0));
#15440=ORIENTED_EDGE('',*,*,#15394,.F.);
#15441=ORIENTED_EDGE('',*,*,#15349,.F.);
#15442=PLANE('',#15443);
#15443=AXIS2_PLACEMENT_3D('',#15444,#15445,#15446);
#15444=CARTESIAN_POINT('',(0.27,3.15,2.872150035));
#15445=DIRECTION('',(0.0,0.0,-1.0));
#15446=DIRECTION('',(-1.0,0.0,0.0));
#15447=ADVANCED_FACE('NONE',(#15448),#15456,.F.);
#15448=FACE_BOUND('NONE',#15449,.T.);
#15449=EDGE_LOOP('',(#15450,#15451,#15452,#15453,#15454,#15455));
#15450=ORIENTED_EDGE('',*,*,#15435,.F.);
#15451=ORIENTED_EDGE('',*,*,#15378,.F.);
#15452=ORIENTED_EDGE('',*,*,#14309,.F.);
#15453=ORIENTED_EDGE('',*,*,#15418,.F.);
#15454=ORIENTED_EDGE('',*,*,#14275,.F.);
#15455=ORIENTED_EDGE('',*,*,#15402,.F.);
#15456=PLANE('',#15457);
#15457=AXIS2_PLACEMENT_3D('',#15458,#15459,#15460);
#15458=CARTESIAN_POINT('',(7.62,3.15,0.0));
#15459=DIRECTION('',(2.168404345E-16,-1.0,0.0));
#15460=DIRECTION('',(1.0,2.168404345E-16,0.0));
#15461=ADVANCED_FACE('NONE',(#15462),#15473,.F.);
#15462=FACE_BOUND('NONE',#15463,.T.);
#15463=EDGE_LOOP('',(#15464,#15465,#15471,#15472));
#15464=ORIENTED_EDGE('',*,*,#14885,.F.);
#15465=ORIENTED_EDGE('',*,*,#15466,.T.);
#15466=EDGE_CURVE('NONE',#14877,#14824,#15467,.F.);
#15467=LINE('',#15468,#15469);
#15468=CARTESIAN_POINT('',(1.82,-0.996532275,1.039712991));
#15469=VECTOR('',#15470,1.0);
#15470=DIRECTION('',(-1.0,-1.104919411E-16,6.652489415E-16));
#15471=ORIENTED_EDGE('',*,*,#14823,.F.);
#15472=ORIENTED_EDGE('',*,*,#15094,.F.);
#15473=PLANE('',#15474);
#15474=AXIS2_PLACEMENT_3D('',#15475,#15476,#15477);
#15475=CARTESIAN_POINT('',(1.82,-0.996532275,1.949712991));
#15476=DIRECTION('',(-1.104919411E-16,1.0,1.053148155E-31));
#15477=DIRECTION('',(-1.0,-1.104919411E-16,0.0));
#15478=ADVANCED_FACE('NONE',(#15479),#15485,.F.);
#15479=FACE_BOUND('NONE',#15480,.T.);
#15480=EDGE_LOOP('',(#15481,#15482,#15483,#15484));
#15481=ORIENTED_EDGE('',*,*,#14876,.F.);
#15482=ORIENTED_EDGE('',*,*,#14462,.F.);
#15483=ORIENTED_EDGE('',*,*,#14831,.F.);
#15484=ORIENTED_EDGE('',*,*,#15466,.F.);
#15485=CYLINDRICAL_SURFACE('',#15486,0.04);
#15486=AXIS2_PLACEMENT_3D('',#15487,#15488,#15489);
#15487=CARTESIAN_POINT('',(1.82,-1.036532275,1.039712991));
#15488=DIRECTION('',(-1.0,-1.104919411E-16,6.652489415E-16));
#15489=DIRECTION('',(6.652489415E-16,7.350464689E-32,1.0));
#15490=ADVANCED_FACE('NONE',(#15491),#15497,.T.);
#15491=FACE_BOUND('NONE',#15492,.T.);
#15492=EDGE_LOOP('',(#15493,#15494,#15495,#15496));
#15493=ORIENTED_EDGE('',*,*,#14958,.F.);
#15494=ORIENTED_EDGE('',*,*,#14632,.F.);
#15495=ORIENTED_EDGE('',*,*,#14749,.F.);
#15496=ORIENTED_EDGE('',*,*,#14502,.F.);
#15497=CYLINDRICAL_SURFACE('',#15498,0.54);
#15498=AXIS2_PLACEMENT_3D('',#15499,#15500,#15501);
#15499=CARTESIAN_POINT('',(1.82,-4.236532275,2.81));
#15500=DIRECTION('',(-1.0,-1.104919411E-16,6.652489415E-16));
#15501=DIRECTION('',(6.652489415E-16,-1.523283654E-32,1.0));
#15502=ADVANCED_FACE('NONE',(#15503),#15514,.F.);
#15503=FACE_BOUND('NONE',#15504,.T.);
#15504=EDGE_LOOP('',(#15505,#15506,#15512,#15513));
#15505=ORIENTED_EDGE('',*,*,#14943,.F.);
#15506=ORIENTED_EDGE('',*,*,#15507,.T.);
#15507=EDGE_CURVE('NONE',#14936,#14765,#15508,.F.);
#15508=LINE('',#15509,#15510);
#15509=CARTESIAN_POINT('',(1.82,-4.196532275,2.81));
#15510=VECTOR('',#15511,1.0);
#15511=DIRECTION('',(-1.0,-1.104919411E-16,6.652489415E-16));
#15512=ORIENTED_EDGE('',*,*,#14764,.F.);
#15513=ORIENTED_EDGE('',*,*,#14701,.F.);
#15514=CYLINDRICAL_SURFACE('',#15515,0.04);
#15515=AXIS2_PLACEMENT_3D('',#15516,#15517,#15518);
#15516=CARTESIAN_POINT('',(1.82,-4.236532275,2.81));
#15517=DIRECTION('',(-1.0,-1.104919411E-16,6.652489415E-16));
#15518=DIRECTION('',(6.652489415E-16,7.350464689E-32,1.0));
#15519=ADVANCED_FACE('NONE',(#15520),#15531,.F.);
#15520=FACE_BOUND('NONE',#15521,.T.);
#15521=EDGE_LOOP('',(#15522,#15523,#15529,#15530));
#15522=ORIENTED_EDGE('',*,*,#14935,.F.);
#15523=ORIENTED_EDGE('',*,*,#15524,.T.);
#15524=EDGE_CURVE('NONE',#14927,#14774,#15525,.F.);
#15525=LINE('',#15526,#15527);
#15526=CARTESIAN_POINT('',(1.82,-4.196532275,1.039712991));
#15527=VECTOR('',#15528,1.0);
#15528=DIRECTION('',(-1.0,-1.104919411E-16,6.652489415E-16));
#15529=ORIENTED_EDGE('',*,*,#14773,.F.);
#15530=ORIENTED_EDGE('',*,*,#15507,.F.);
#15531=PLANE('',#15532);
#15532=AXIS2_PLACEMENT_3D('',#15533,#15534,#15535);
#15533=CARTESIAN_POINT('',(1.82,-4.196532275,1.039712991));
#15534=DIRECTION('',(-1.104919411E-16,1.0,1.082722538E-31));
#15535=DIRECTION('',(-1.0,-1.104919411E-16,0.0));
#15536=ADVANCED_FACE('NONE',(#15537),#15548,.T.);
#15537=FACE_BOUND('NONE',#15538,.T.);
#15538=EDGE_LOOP('',(#15539,#15540,#15546,#15547));
#15539=ORIENTED_EDGE('',*,*,#14926,.F.);
#15540=ORIENTED_EDGE('',*,*,#15541,.T.);
#15541=EDGE_CURVE('NONE',#14919,#14782,#15542,.F.);
#15542=LINE('',#15543,#15544);
#15543=CARTESIAN_POINT('',(1.82,-3.656532275,0.499712991));
#15544=VECTOR('',#15545,1.0);
#15545=DIRECTION('',(-1.0,-1.104919411E-16,6.652489415E-16));
#15546=ORIENTED_EDGE('',*,*,#14781,.F.);
#15547=ORIENTED_EDGE('',*,*,#15524,.F.);
#15548=CYLINDRICAL_SURFACE('',#15549,0.54);
#15549=AXIS2_PLACEMENT_3D('',#15550,#15551,#15552);
#15550=CARTESIAN_POINT('',(1.82,-3.656532275,1.039712991));
#15551=DIRECTION('',(-1.0,-1.104919411E-16,6.652489415E-16));
#15552=DIRECTION('',(6.652489415E-16,-1.523283654E-32,1.0));
#15553=ADVANCED_FACE('NONE',(#15554),#15565,.F.);
#15554=FACE_BOUND('NONE',#15555,.T.);
#15555=EDGE_LOOP('',(#15556,#15557,#15563,#15564));
#15556=ORIENTED_EDGE('',*,*,#14918,.F.);
#15557=ORIENTED_EDGE('',*,*,#15558,.T.);
#15558=EDGE_CURVE('NONE',#14910,#14791,#15559,.F.);
#15559=LINE('',#15560,#15561);
#15560=CARTESIAN_POINT('',(1.82,-1.036532275,0.499712991));
#15561=VECTOR('',#15562,1.0);
#15562=DIRECTION('',(-1.0,-1.104919411E-16,6.652489415E-16));
#15563=ORIENTED_EDGE('',*,*,#14790,.F.);
#15564=ORIENTED_EDGE('',*,*,#15541,.F.);
#15565=PLANE('',#15566);
#15566=AXIS2_PLACEMENT_3D('',#15567,#15568,#15569);
#15567=CARTESIAN_POINT('',(1.82,-1.036532275,0.499712991));
#15568=DIRECTION('',(6.652489415E-16,0.0,1.0));
#15569=DIRECTION('',(1.0,0.0,-6.652489415E-16));
#15570=ADVANCED_FACE('NONE',(#15571),#15582,.T.);
#15571=FACE_BOUND('NONE',#15572,.T.);
#15572=EDGE_LOOP('',(#15573,#15574,#15580,#15581));
#15573=ORIENTED_EDGE('',*,*,#14909,.F.);
#15574=ORIENTED_EDGE('',*,*,#15575,.T.);
#15575=EDGE_CURVE('NONE',#14902,#14799,#15576,.F.);
#15576=LINE('',#15577,#15578);
#15577=CARTESIAN_POINT('',(1.82,-0.496532275,1.039712991));
#15578=VECTOR('',#15579,1.0);
#15579=DIRECTION('',(-1.0,-1.104919411E-16,6.652489415E-16));
#15580=ORIENTED_EDGE('',*,*,#14798,.F.);
#15581=ORIENTED_EDGE('',*,*,#15558,.F.);
#15582=CYLINDRICAL_SURFACE('',#15583,0.54);
#15583=AXIS2_PLACEMENT_3D('',#15584,#15585,#15586);
#15584=CARTESIAN_POINT('',(1.82,-1.036532275,1.039712991));
#15585=DIRECTION('',(-1.0,-1.104919411E-16,6.652489415E-16));
#15586=DIRECTION('',(6.652489415E-16,-1.523283654E-32,1.0));
#15587=ADVANCED_FACE('NONE',(#15588),#15594,.F.);
#15588=FACE_BOUND('NONE',#15589,.T.);
#15589=EDGE_LOOP('',(#15590,#15591,#15592,#15593));
#15590=ORIENTED_EDGE('',*,*,#14901,.F.);
#15591=ORIENTED_EDGE('',*,*,#15101,.F.);
#15592=ORIENTED_EDGE('',*,*,#14807,.F.);
#15593=ORIENTED_EDGE('',*,*,#15575,.F.);
#15594=PLANE('',#15595);
#15595=AXIS2_PLACEMENT_3D('',#15596,#15597,#15598);
#15596=CARTESIAN_POINT('',(1.82,-0.496532275,1.949712991));
#15597=DIRECTION('',(1.104919411E-16,-1.0,-1.053148155E-31));
#15598=DIRECTION('',(1.0,1.104919411E-16,0.0));
#15599=ADVANCED_FACE('NONE',(#15600),#15606,.T.);
#15600=FACE_BOUND('NONE',#15601,.T.);
#15601=EDGE_LOOP('',(#15602,#15603,#15604,#15605));
#15602=ORIENTED_EDGE('',*,*,#14598,.F.);
#15603=ORIENTED_EDGE('',*,*,#14951,.F.);
#15604=ORIENTED_EDGE('',*,*,#14685,.F.);
#15605=ORIENTED_EDGE('',*,*,#14654,.F.);
#15606=PLANE('',#15607);
#15607=AXIS2_PLACEMENT_3D('',#15608,#15609,#15610);
#15608=CARTESIAN_POINT('',(0.72,-6.55,0.85));
#15609=DIRECTION('',(-0.96,-0.28,6.732004635E-16));
#15610=DIRECTION('',(0.28,-0.96,0.0));
#15611=ADVANCED_FACE('NONE',(#15612),#15618,.T.);
#15612=FACE_BOUND('NONE',#15613,.T.);
#15613=EDGE_LOOP('',(#15614,#15615,#15616,#15617));
#15614=ORIENTED_EDGE('',*,*,#14616,.F.);
#15615=ORIENTED_EDGE('',*,*,#14670,.F.);
#15616=ORIENTED_EDGE('',*,*,#14717,.F.);
#15617=ORIENTED_EDGE('',*,*,#14757,.F.);
#15618=PLANE('',#15619);
#15619=AXIS2_PLACEMENT_3D('',#15620,#15621,#15622);
#15620=CARTESIAN_POINT('',(1.82,-6.55,0.85));
#15621=DIRECTION('',(0.96,-0.28,-6.040775042E-16));
#15622=DIRECTION('',(0.28,0.96,0.0));
#15623=ADVANCED_FACE('NONE',(#15624),#15635,.F.);
#15624=FACE_BOUND('NONE',#15625,.T.);
#15625=EDGE_LOOP('',(#15626,#15627,#15628,#15634));
#15626=ORIENTED_EDGE('',*,*,#14558,.F.);
#15627=ORIENTED_EDGE('',*,*,#15170,.F.);
#15628=ORIENTED_EDGE('',*,*,#15629,.T.);
#15629=EDGE_CURVE('NONE',#15163,#15134,#15630,.F.);
#15630=LINE('',#15631,#15632);
#15631=CARTESIAN_POINT('',(2.31,-3.25,5.149712991));
#15632=VECTOR('',#15633,1.0);
#15633=DIRECTION('',(-1.0,-2.085004178E-16,0.0));
#15634=ORIENTED_EDGE('',*,*,#15133,.F.);
#15635=PLANE('',#15636);
#15636=AXIS2_PLACEMENT_3D('',#15637,#15638,#15639);
#15637=CARTESIAN_POINT('',(2.31,-3.25,5.149712991));
#15638=DIRECTION('',(2.085004178E-16,-1.0,0.0));
#15639=DIRECTION('',(1.0,2.085004178E-16,0.0));
#15640=ADVANCED_FACE('NONE',(#15641),#15647,.T.);
#15641=FACE_BOUND('NONE',#15642,.T.);
#15642=EDGE_LOOP('',(#15643,#15644,#15645,#15646));
#15643=ORIENTED_EDGE('',*,*,#15141,.F.);
#15644=ORIENTED_EDGE('',*,*,#15629,.F.);
#15645=ORIENTED_EDGE('',*,*,#15162,.F.);
#15646=ORIENTED_EDGE('',*,*,#15080,.F.);
#15647=PLANE('',#15648);
#15648=AXIS2_PLACEMENT_3D('',#15649,#15650,#15651);
#15649=CARTESIAN_POINT('',(7.62,0.0,5.149712991));
#15650=DIRECTION('',(0.0,0.0,1.0));
#15651=DIRECTION('',(1.0,0.0,0.0));
#15652=ADVANCED_FACE('NONE',(#15653),#15678,.F.);
#15653=FACE_BOUND('NONE',#15654,.T.);
#15654=EDGE_LOOP('',(#15655,#15663,#15664,#15672));
#15655=ORIENTED_EDGE('',*,*,#15656,.T.);
#15656=EDGE_CURVE('NONE',#15657,#14862,#15659,.T.);
#15657=VERTEX_POINT('NONE',#15658);
#15658=CARTESIAN_POINT('',(0.23,-3.25,0.9));
#15659=LINE('',#15660,#15661);
#15660=CARTESIAN_POINT('',(0.23,-3.25,0.9));
#15661=VECTOR('',#15662,1.0);
#15662=DIRECTION('',(1.0,0.0,1.042502089E-16));
#15663=ORIENTED_EDGE('',*,*,#14861,.F.);
#15664=ORIENTED_EDGE('',*,*,#15665,.T.);
#15665=EDGE_CURVE('NONE',#14854,#15666,#15668,.F.);
#15666=VERTEX_POINT('NONE',#15667);
#15667=CARTESIAN_POINT('',(0.23,-3.696532275,0.9));
#15668=LINE('',#15669,#15670);
#15669=CARTESIAN_POINT('',(0.23,-3.696532275,0.9));
#15670=VECTOR('',#15671,1.0);
#15671=DIRECTION('',(1.0,0.0,1.042502089E-16));
#15672=ORIENTED_EDGE('',*,*,#15673,.T.);
#15673=EDGE_CURVE('NONE',#15666,#15657,#15674,.T.);
#15674=LINE('',#15675,#15676);
#15675=CARTESIAN_POINT('',(0.23,-3.696532275,0.9));
#15676=VECTOR('',#15677,1.0);
#15677=DIRECTION('',(0.0,1.0,0.0));
#15678=PLANE('',#15679);
#15679=AXIS2_PLACEMENT_3D('',#15680,#15681,#15682);
#15680=CARTESIAN_POINT('',(0.23,-3.696532275,0.9));
#15681=DIRECTION('',(-1.042502089E-16,0.0,1.0));
#15682=DIRECTION('',(1.0,0.0,1.042502089E-16));
#15683=ADVANCED_FACE('NONE',(#15684),#15702,.T.);
#15684=FACE_BOUND('NONE',#15685,.T.);
#15685=EDGE_LOOP('',(#15686,#15687,#15695,#15701));
#15686=ORIENTED_EDGE('',*,*,#14853,.F.);
#15687=ORIENTED_EDGE('',*,*,#15688,.T.);
#15688=EDGE_CURVE('NONE',#14487,#15689,#15691,.T.);
#15689=VERTEX_POINT('NONE',#15690);
#15690=CARTESIAN_POINT('',(0.23,-3.696532275,1.549571274));
#15691=LINE('',#15692,#15693);
#15692=CARTESIAN_POINT('',(2.31,-3.696532275,1.549571274));
#15693=VECTOR('',#15694,1.0);
#15694=DIRECTION('',(-1.0,0.0,0.0));
#15695=ORIENTED_EDGE('',*,*,#15696,.T.);
#15696=EDGE_CURVE('NONE',#15689,#15666,#15697,.T.);
#15697=LINE('',#15698,#15699);
#15698=CARTESIAN_POINT('',(0.23,-3.696532275,1.549571274));
#15699=VECTOR('',#15700,1.0);
#15700=DIRECTION('',(-1.335283398E-15,0.0,-1.0));
#15701=ORIENTED_EDGE('',*,*,#15665,.F.);
#15702=PLANE('',#15703);
#15703=AXIS2_PLACEMENT_3D('',#15704,#15705,#15706);
#15704=CARTESIAN_POINT('',(7.62,-3.696532275,0.0));
#15705=DIRECTION('',(0.0,-1.0,0.0));
#15706=DIRECTION('',(0.0,0.0,-1.0));
#15707=ADVANCED_FACE('NONE',(#15708),#15733,.F.);
#15708=FACE_BOUND('NONE',#15709,.T.);
#15709=EDGE_LOOP('',(#15710,#15711,#15719,#15727));
#15710=ORIENTED_EDGE('',*,*,#14732,.F.);
#15711=ORIENTED_EDGE('',*,*,#15712,.T.);
#15712=EDGE_CURVE('NONE',#14733,#15713,#15715,.T.);
#15713=VERTEX_POINT('NONE',#15714);
#15714=CARTESIAN_POINT('',(2.31,-3.25,0.9));
#15715=LINE('',#15716,#15717);
#15716=CARTESIAN_POINT('',(0.23,-3.25,0.9));
#15717=VECTOR('',#15718,1.0);
#15718=DIRECTION('',(1.0,0.0,1.042502089E-16));
#15719=ORIENTED_EDGE('',*,*,#15720,.T.);
#15720=EDGE_CURVE('NONE',#15713,#15721,#15723,.F.);
#15721=VERTEX_POINT('NONE',#15722);
#15722=CARTESIAN_POINT('',(2.31,-3.696532275,0.9));
#15723=LINE('',#15724,#15725);
#15724=CARTESIAN_POINT('',(2.31,-3.696532275,0.9));
#15725=VECTOR('',#15726,1.0);
#15726=DIRECTION('',(0.0,1.0,0.0));
#15727=ORIENTED_EDGE('',*,*,#15728,.T.);
#15728=EDGE_CURVE('NONE',#15721,#14735,#15729,.F.);
#15729=LINE('',#15730,#15731);
#15730=CARTESIAN_POINT('',(0.23,-3.696532275,0.9));
#15731=VECTOR('',#15732,1.0);
#15732=DIRECTION('',(1.0,0.0,1.042502089E-16));
#15733=PLANE('',#15734);
#15734=AXIS2_PLACEMENT_3D('',#15735,#15736,#15737);
#15735=CARTESIAN_POINT('',(0.23,-3.696532275,0.9));
#15736=DIRECTION('',(-1.042502089E-16,0.0,1.0));
#15737=DIRECTION('',(1.0,0.0,1.042502089E-16));
#15738=ADVANCED_FACE('NONE',(#15739),#15764,.F.);
#15739=FACE_BOUND('NONE',#15740,.T.);
#15740=EDGE_LOOP('',(#15741,#15749,#15757,#15763));
#15741=ORIENTED_EDGE('',*,*,#15742,.T.);
#15742=EDGE_CURVE('NONE',#15713,#15743,#15745,.T.);
#15743=VERTEX_POINT('NONE',#15744);
#15744=CARTESIAN_POINT('',(2.31,-3.25,1.549571274));
#15745=LINE('',#15746,#15747);
#15746=CARTESIAN_POINT('',(2.31,-3.25,0.9));
#15747=VECTOR('',#15748,1.0);
#15748=DIRECTION('',(0.0,0.0,1.0));
#15749=ORIENTED_EDGE('',*,*,#15750,.T.);
#15750=EDGE_CURVE('NONE',#15743,#15751,#15753,.F.);
#15751=VERTEX_POINT('NONE',#15752);
#15752=CARTESIAN_POINT('',(2.31,-3.696532275,1.549571274));
#15753=LINE('',#15754,#15755);
#15754=CARTESIAN_POINT('',(2.31,-3.696532275,1.549571274));
#15755=VECTOR('',#15756,1.0);
#15756=DIRECTION('',(0.0,1.0,0.0));
#15757=ORIENTED_EDGE('',*,*,#15758,.T.);
#15758=EDGE_CURVE('NONE',#15751,#15721,#15759,.F.);
#15759=LINE('',#15760,#15761);
#15760=CARTESIAN_POINT('',(2.31,-3.696532275,0.9));
#15761=VECTOR('',#15762,1.0);
#15762=DIRECTION('',(0.0,0.0,1.0));
#15763=ORIENTED_EDGE('',*,*,#15720,.F.);
#15764=PLANE('',#15765);
#15765=AXIS2_PLACEMENT_3D('',#15766,#15767,#15768);
#15766=CARTESIAN_POINT('',(2.31,-3.696532275,0.9));
#15767=DIRECTION('',(-1.0,0.0,0.0));
#15768=DIRECTION('',(0.0,0.0,1.0));
#15769=ADVANCED_FACE('NONE',(#15770),#15795,.F.);
#15770=FACE_BOUND('NONE',#15771,.T.);
#15771=EDGE_LOOP('',(#15772,#15780,#15786,#15787,#15788,#15794));
#15772=ORIENTED_EDGE('',*,*,#15773,.T.);
#15773=EDGE_CURVE('NONE',#15743,#15774,#15776,.T.);
#15774=VERTEX_POINT('NONE',#15775);
#15775=CARTESIAN_POINT('',(0.23,-3.25,1.549571274));
#15776=LINE('',#15777,#15778);
#15777=CARTESIAN_POINT('',(2.31,-3.25,1.549571274));
#15778=VECTOR('',#15779,1.0);
#15779=DIRECTION('',(-1.0,0.0,0.0));
#15780=ORIENTED_EDGE('',*,*,#15781,.T.);
#15781=EDGE_CURVE('NONE',#15774,#15689,#15782,.F.);
#15782=LINE('',#15783,#15784);
#15783=CARTESIAN_POINT('',(0.23,-3.696532275,1.549571274));
#15784=VECTOR('',#15785,1.0);
#15785=DIRECTION('',(0.0,1.0,0.0));
#15786=ORIENTED_EDGE('',*,*,#15688,.F.);
#15787=ORIENTED_EDGE('',*,*,#14484,.F.);
#15788=ORIENTED_EDGE('',*,*,#15789,.T.);
#15789=EDGE_CURVE('NONE',#14485,#15751,#15790,.F.);
#15790=LINE('',#15791,#15792);
#15791=CARTESIAN_POINT('',(2.31,-3.696532275,1.549571274));
#15792=VECTOR('',#15793,1.0);
#15793=DIRECTION('',(-1.0,0.0,0.0));
#15794=ORIENTED_EDGE('',*,*,#15750,.F.);
#15795=PLANE('',#15796);
#15796=AXIS2_PLACEMENT_3D('',#15797,#15798,#15799);
#15797=CARTESIAN_POINT('',(2.31,-3.696532275,1.549571274));
#15798=DIRECTION('',(0.0,0.0,-1.0));
#15799=DIRECTION('',(-1.0,0.0,0.0));
#15800=ADVANCED_FACE('NONE',(#15801),#15812,.F.);
#15801=FACE_BOUND('NONE',#15802,.T.);
#15802=EDGE_LOOP('',(#15803,#15809,#15810,#15811));
#15803=ORIENTED_EDGE('',*,*,#15804,.T.);
#15804=EDGE_CURVE('NONE',#15774,#15657,#15805,.T.);
#15805=LINE('',#15806,#15807);
#15806=CARTESIAN_POINT('',(0.23,-3.25,1.549571274));
#15807=VECTOR('',#15808,1.0);
#15808=DIRECTION('',(-1.335283398E-15,0.0,-1.0));
#15809=ORIENTED_EDGE('',*,*,#15673,.F.);
#15810=ORIENTED_EDGE('',*,*,#15696,.F.);
#15811=ORIENTED_EDGE('',*,*,#15781,.F.);
#15812=PLANE('',#15813);
#15813=AXIS2_PLACEMENT_3D('',#15814,#15815,#15816);
#15814=CARTESIAN_POINT('',(0.23,-3.696532275,1.549571274));
#15815=DIRECTION('',(1.0,0.0,-1.335283398E-15));
#15816=DIRECTION('',(-1.335283398E-15,0.0,-1.0));
#15817=ADVANCED_FACE('NONE',(#15818),#15824,.T.);
#15818=FACE_BOUND('NONE',#15819,.T.);
#15819=EDGE_LOOP('',(#15820,#15821,#15822,#15823));
#15820=ORIENTED_EDGE('',*,*,#15789,.F.);
#15821=ORIENTED_EDGE('',*,*,#14742,.F.);
#15822=ORIENTED_EDGE('',*,*,#15728,.F.);
#15823=ORIENTED_EDGE('',*,*,#15758,.F.);
#15824=PLANE('',#15825);
#15825=AXIS2_PLACEMENT_3D('',#15826,#15827,#15828);
#15826=CARTESIAN_POINT('',(7.62,-3.696532275,0.0));
#15827=DIRECTION('',(0.0,-1.0,0.0));
#15828=DIRECTION('',(0.0,0.0,-1.0));
#15829=ADVANCED_FACE('NONE',(#15830),#15840,.F.);
#15830=FACE_BOUND('NONE',#15831,.T.);
#15831=EDGE_LOOP('',(#15832,#15833,#15834,#15835,#15836,#15837,#15838,#15839));
#15832=ORIENTED_EDGE('',*,*,#14839,.F.);
#15833=ORIENTED_EDGE('',*,*,#14444,.F.);
#15834=ORIENTED_EDGE('',*,*,#14869,.F.);
#15835=ORIENTED_EDGE('',*,*,#15656,.F.);
#15836=ORIENTED_EDGE('',*,*,#15804,.F.);
#15837=ORIENTED_EDGE('',*,*,#15773,.F.);
#15838=ORIENTED_EDGE('',*,*,#15742,.F.);
#15839=ORIENTED_EDGE('',*,*,#15712,.F.);
#15840=PLANE('',#15841);
#15841=AXIS2_PLACEMENT_3D('',#15842,#15843,#15844);
#15842=CARTESIAN_POINT('',(7.62,-3.25,0.0));
#15843=DIRECTION('',(0.0,-1.0,0.0));
#15844=DIRECTION('',(0.0,0.0,-1.0));
#15845=ADVANCED_FACE('NONE',(#15846),#15871,.T.);
#15846=FACE_BOUND('NONE',#15847,.T.);
#15847=EDGE_LOOP('',(#15848,#15856,#15857,#15865));
#15848=ORIENTED_EDGE('',*,*,#15849,.T.);
#15849=EDGE_CURVE('NONE',#15850,#14535,#15852,.F.);
#15850=VERTEX_POINT('NONE',#15851);
#15851=CARTESIAN_POINT('',(0.59,-1.07,5.35));
#15852=LINE('',#15853,#15854);
#15853=CARTESIAN_POINT('',(0.59,-1.07,2.441274629));
#15854=VECTOR('',#15855,1.0);
#15855=DIRECTION('',(0.0,0.0,1.0));
#15856=ORIENTED_EDGE('',*,*,#14534,.F.);
#15857=ORIENTED_EDGE('',*,*,#15858,.T.);
#15858=EDGE_CURVE('NONE',#14527,#15859,#15861,.T.);
#15859=VERTEX_POINT('NONE',#15860);
#15860=CARTESIAN_POINT('',(0.59,-2.81,5.35));
#15861=LINE('',#15862,#15863);
#15862=CARTESIAN_POINT('',(0.59,-2.81,2.441274629));
#15863=VECTOR('',#15864,1.0);
#15864=DIRECTION('',(0.0,0.0,1.0));
#15865=ORIENTED_EDGE('',*,*,#15866,.T.);
#15866=EDGE_CURVE('NONE',#15859,#15850,#15867,.F.);
#15867=LINE('',#15868,#15869);
#15868=CARTESIAN_POINT('',(0.59,-1.07,5.35));
#15869=VECTOR('',#15870,1.0);
#15870=DIRECTION('',(0.0,-1.0,0.0));
#15871=PLANE('',#15872);
#15872=AXIS2_PLACEMENT_3D('',#15873,#15874,#15875);
#15873=CARTESIAN_POINT('',(0.59,-1.07,2.441274629));
#15874=DIRECTION('',(-1.0,0.0,0.0));
#15875=DIRECTION('',(0.0,0.0,1.0));
#15876=ADVANCED_FACE('NONE',(#15877),#15895,.T.);
#15877=FACE_BOUND('NONE',#15878,.T.);
#15878=EDGE_LOOP('',(#15879,#15887,#15888,#15889));
#15879=ORIENTED_EDGE('',*,*,#15880,.T.);
#15880=EDGE_CURVE('NONE',#15881,#14543,#15883,.F.);
#15881=VERTEX_POINT('NONE',#15882);
#15882=CARTESIAN_POINT('',(1.95,-1.07,5.35));
#15883=LINE('',#15884,#15885);
#15884=CARTESIAN_POINT('',(1.95,-1.07,2.441274629));
#15885=VECTOR('',#15886,1.0);
#15886=DIRECTION('',(0.0,0.0,1.0));
#15887=ORIENTED_EDGE('',*,*,#14542,.F.);
#15888=ORIENTED_EDGE('',*,*,#15849,.F.);
#15889=ORIENTED_EDGE('',*,*,#15890,.T.);
#15890=EDGE_CURVE('NONE',#15850,#15881,#15891,.F.);
#15891=LINE('',#15892,#15893);
#15892=CARTESIAN_POINT('',(0.59,-1.07,5.35));
#15893=VECTOR('',#15894,1.0);
#15894=DIRECTION('',(-1.0,0.0,0.0));
#15895=PLANE('',#15896);
#15896=AXIS2_PLACEMENT_3D('',#15897,#15898,#15899);
#15897=CARTESIAN_POINT('',(0.59,-1.07,2.441274629));
#15898=DIRECTION('',(0.0,1.0,0.0));
#15899=DIRECTION('',(0.0,0.0,1.0));
#15900=ADVANCED_FACE('NONE',(#15901),#15919,.T.);
#15901=FACE_BOUND('NONE',#15902,.T.);
#15902=EDGE_LOOP('',(#15903,#15911,#15912,#15913));
#15903=ORIENTED_EDGE('',*,*,#15904,.T.);
#15904=EDGE_CURVE('NONE',#15905,#14525,#15907,.F.);
#15905=VERTEX_POINT('NONE',#15906);
#15906=CARTESIAN_POINT('',(1.95,-2.81,5.35));
#15907=LINE('',#15908,#15909);
#15908=CARTESIAN_POINT('',(1.95,-2.81,2.441274629));
#15909=VECTOR('',#15910,1.0);
#15910=DIRECTION('',(0.0,0.0,1.0));
#15911=ORIENTED_EDGE('',*,*,#14550,.F.);
#15912=ORIENTED_EDGE('',*,*,#15880,.F.);
#15913=ORIENTED_EDGE('',*,*,#15914,.T.);
#15914=EDGE_CURVE('NONE',#15881,#15905,#15915,.F.);
#15915=LINE('',#15916,#15917);
#15916=CARTESIAN_POINT('',(1.95,-1.07,5.35));
#15917=VECTOR('',#15918,1.0);
#15918=DIRECTION('',(0.0,1.0,0.0));
#15919=PLANE('',#15920);
#15920=AXIS2_PLACEMENT_3D('',#15921,#15922,#15923);
#15921=CARTESIAN_POINT('',(1.95,-1.07,2.441274629));
#15922=DIRECTION('',(1.0,0.0,0.0));
#15923=DIRECTION('',(0.0,0.0,-1.0));
#15924=ADVANCED_FACE('NONE',(#15925),#15936,.T.);
#15925=FACE_BOUND('NONE',#15926,.T.);
#15926=EDGE_LOOP('',(#15927,#15928,#15929,#15930));
#15927=ORIENTED_EDGE('',*,*,#15858,.F.);
#15928=ORIENTED_EDGE('',*,*,#14524,.F.);
#15929=ORIENTED_EDGE('',*,*,#15904,.F.);
#15930=ORIENTED_EDGE('',*,*,#15931,.T.);
#15931=EDGE_CURVE('NONE',#15905,#15859,#15932,.F.);
#15932=LINE('',#15933,#15934);
#15933=CARTESIAN_POINT('',(0.59,-2.81,5.35));
#15934=VECTOR('',#15935,1.0);
#15935=DIRECTION('',(1.0,0.0,0.0));
#15936=PLANE('',#15937);
#15937=AXIS2_PLACEMENT_3D('',#15938,#15939,#15940);
#15938=CARTESIAN_POINT('',(0.59,-2.81,2.441274629));
#15939=DIRECTION('',(0.0,-1.0,0.0));
#15940=DIRECTION('',(0.0,0.0,-1.0));
#15941=ADVANCED_FACE('NONE',(#15942),#15976,.F.);
#15942=FACE_BOUND('NONE',#15943,.T.);
#15943=EDGE_LOOP('',(#15944,#15954,#15962,#15970));
#15944=ORIENTED_EDGE('',*,*,#15945,.T.);
#15945=EDGE_CURVE('NONE',#15946,#15948,#15950,.F.);
#15946=VERTEX_POINT('NONE',#15947);
#15947=CARTESIAN_POINT('',(0.67,-2.73,4.649712991));
#15948=VERTEX_POINT('NONE',#15949);
#15949=CARTESIAN_POINT('',(0.67,-1.15,4.649712991));
#15950=LINE('',#15951,#15952);
#15951=CARTESIAN_POINT('',(0.67,-1.15,4.649712991));
#15952=VECTOR('',#15953,1.0);
#15953=DIRECTION('',(0.0,-1.0,0.0));
#15954=ORIENTED_EDGE('',*,*,#15955,.T.);
#15955=EDGE_CURVE('NONE',#15948,#15956,#15958,.T.);
#15956=VERTEX_POINT('NONE',#15957);
#15957=CARTESIAN_POINT('',(0.67,-1.15,5.35));
#15958=LINE('',#15959,#15960);
#15959=CARTESIAN_POINT('',(0.67,-1.15,2.441274629));
#15960=VECTOR('',#15961,1.0);
#15961=DIRECTION('',(0.0,0.0,1.0));
#15962=ORIENTED_EDGE('',*,*,#15963,.T.);
#15963=EDGE_CURVE('NONE',#15956,#15964,#15966,.T.);
#15964=VERTEX_POINT('NONE',#15965);
#15965=CARTESIAN_POINT('',(0.67,-2.73,5.35));
#15966=LINE('',#15967,#15968);
#15967=CARTESIAN_POINT('',(0.67,-1.15,5.35));
#15968=VECTOR('',#15969,1.0);
#15969=DIRECTION('',(0.0,-1.0,0.0));
#15970=ORIENTED_EDGE('',*,*,#15971,.T.);
#15971=EDGE_CURVE('NONE',#15964,#15946,#15972,.F.);
#15972=LINE('',#15973,#15974);
#15973=CARTESIAN_POINT('',(0.67,-2.73,2.441274629));
#15974=VECTOR('',#15975,1.0);
#15975=DIRECTION('',(0.0,0.0,1.0));
#15976=PLANE('',#15977);
#15977=AXIS2_PLACEMENT_3D('',#15978,#15979,#15980);
#15978=CARTESIAN_POINT('',(0.67,-1.15,2.441274629));
#15979=DIRECTION('',(-1.0,0.0,0.0));
#15980=DIRECTION('',(0.0,0.0,1.0));
#15981=ADVANCED_FACE('NONE',(#15982),#16007,.F.);
#15982=FACE_BOUND('NONE',#15983,.T.);
#15983=EDGE_LOOP('',(#15984,#15992,#16000,#16006));
#15984=ORIENTED_EDGE('',*,*,#15985,.T.);
#15985=EDGE_CURVE('NONE',#15948,#15986,#15988,.F.);
#15986=VERTEX_POINT('NONE',#15987);
#15987=CARTESIAN_POINT('',(1.87,-1.15,4.649712991));
#15988=LINE('',#15989,#15990);
#15989=CARTESIAN_POINT('',(0.67,-1.15,4.649712991));
#15990=VECTOR('',#15991,1.0);
#15991=DIRECTION('',(-1.0,0.0,6.652489415E-16));
#15992=ORIENTED_EDGE('',*,*,#15993,.T.);
#15993=EDGE_CURVE('NONE',#15986,#15994,#15996,.T.);
#15994=VERTEX_POINT('NONE',#15995);
#15995=CARTESIAN_POINT('',(1.87,-1.15,5.35));
#15996=LINE('',#15997,#15998);
#15997=CARTESIAN_POINT('',(1.87,-1.15,2.441274629));
#15998=VECTOR('',#15999,1.0);
#15999=DIRECTION('',(0.0,0.0,1.0));
#16000=ORIENTED_EDGE('',*,*,#16001,.T.);
#16001=EDGE_CURVE('NONE',#15994,#15956,#16002,.T.);
#16002=LINE('',#16003,#16004);
#16003=CARTESIAN_POINT('',(0.67,-1.15,5.35));
#16004=VECTOR('',#16005,1.0);
#16005=DIRECTION('',(-1.0,0.0,0.0));
#16006=ORIENTED_EDGE('',*,*,#15955,.F.);
#16007=PLANE('',#16008);
#16008=AXIS2_PLACEMENT_3D('',#16009,#16010,#16011);
#16009=CARTESIAN_POINT('',(0.67,-1.15,2.441274629));
#16010=DIRECTION('',(0.0,1.0,0.0));
#16011=DIRECTION('',(0.0,0.0,1.0));
#16012=ADVANCED_FACE('NONE',(#16013),#16038,.F.);
#16013=FACE_BOUND('NONE',#16014,.T.);
#16014=EDGE_LOOP('',(#16015,#16023,#16031,#16037));
#16015=ORIENTED_EDGE('',*,*,#16016,.T.);
#16016=EDGE_CURVE('NONE',#15986,#16017,#16019,.F.);
#16017=VERTEX_POINT('NONE',#16018);
#16018=CARTESIAN_POINT('',(1.87,-2.73,4.649712991));
#16019=LINE('',#16020,#16021);
#16020=CARTESIAN_POINT('',(1.87,-1.15,4.649712991));
#16021=VECTOR('',#16022,1.0);
#16022=DIRECTION('',(0.0,1.0,0.0));
#16023=ORIENTED_EDGE('',*,*,#16024,.T.);
#16024=EDGE_CURVE('NONE',#16017,#16025,#16027,.T.);
#16025=VERTEX_POINT('NONE',#16026);
#16026=CARTESIAN_POINT('',(1.87,-2.73,5.35));
#16027=LINE('',#16028,#16029);
#16028=CARTESIAN_POINT('',(1.87,-2.73,2.441274629));
#16029=VECTOR('',#16030,1.0);
#16030=DIRECTION('',(0.0,0.0,1.0));
#16031=ORIENTED_EDGE('',*,*,#16032,.T.);
#16032=EDGE_CURVE('NONE',#16025,#15994,#16033,.T.);
#16033=LINE('',#16034,#16035);
#16034=CARTESIAN_POINT('',(1.87,-1.15,5.35));
#16035=VECTOR('',#16036,1.0);
#16036=DIRECTION('',(0.0,1.0,0.0));
#16037=ORIENTED_EDGE('',*,*,#15993,.F.);
#16038=PLANE('',#16039);
#16039=AXIS2_PLACEMENT_3D('',#16040,#16041,#16042);
#16040=CARTESIAN_POINT('',(1.87,-1.15,2.441274629));
#16041=DIRECTION('',(1.0,0.0,0.0));
#16042=DIRECTION('',(0.0,0.0,-1.0));
#16043=ADVANCED_FACE('NONE',(#16044),#16060,.F.);
#16044=FACE_BOUND('NONE',#16045,.T.);
#16045=EDGE_LOOP('',(#16046,#16052,#16053,#16059));
#16046=ORIENTED_EDGE('',*,*,#16047,.T.);
#16047=EDGE_CURVE('NONE',#16017,#15946,#16048,.F.);
#16048=LINE('',#16049,#16050);
#16049=CARTESIAN_POINT('',(0.67,-2.73,4.649712991));
#16050=VECTOR('',#16051,1.0);
#16051=DIRECTION('',(1.0,0.0,-6.652489415E-16));
#16052=ORIENTED_EDGE('',*,*,#15971,.F.);
#16053=ORIENTED_EDGE('',*,*,#16054,.T.);
#16054=EDGE_CURVE('NONE',#15964,#16025,#16055,.T.);
#16055=LINE('',#16056,#16057);
#16056=CARTESIAN_POINT('',(0.67,-2.73,5.35));
#16057=VECTOR('',#16058,1.0);
#16058=DIRECTION('',(1.0,0.0,0.0));
#16059=ORIENTED_EDGE('',*,*,#16024,.F.);
#16060=PLANE('',#16061);
#16061=AXIS2_PLACEMENT_3D('',#16062,#16063,#16064);
#16062=CARTESIAN_POINT('',(0.67,-2.73,2.441274629));
#16063=DIRECTION('',(0.0,-1.0,0.0));
#16064=DIRECTION('',(0.0,0.0,-1.0));
#16065=ADVANCED_FACE('NONE',(#16066,#16072),#16078,.T.);
#16066=FACE_BOUND('NONE',#16067,.T.);
#16067=EDGE_LOOP('',(#16068,#16069,#16070,#16071));
#16068=ORIENTED_EDGE('',*,*,#15963,.F.);
#16069=ORIENTED_EDGE('',*,*,#16001,.F.);
#16070=ORIENTED_EDGE('',*,*,#16032,.F.);
#16071=ORIENTED_EDGE('',*,*,#16054,.F.);
#16072=FACE_BOUND('NONE',#16073,.T.);
#16073=EDGE_LOOP('',(#16074,#16075,#16076,#16077));
#16074=ORIENTED_EDGE('',*,*,#15866,.F.);
#16075=ORIENTED_EDGE('',*,*,#15931,.F.);
#16076=ORIENTED_EDGE('',*,*,#15914,.F.);
#16077=ORIENTED_EDGE('',*,*,#15890,.F.);
#16078=PLANE('',#16079);
#16079=AXIS2_PLACEMENT_3D('',#16080,#16081,#16082);
#16080=CARTESIAN_POINT('',(7.62,0.0,5.35));
#16081=DIRECTION('',(0.0,0.0,1.0));
#16082=DIRECTION('',(1.0,0.0,0.0));
#16083=ADVANCED_FACE('NONE',(#16084),#16090,.F.);
#16084=FACE_BOUND('NONE',#16085,.T.);
#16085=EDGE_LOOP('',(#16086,#16087,#16088,#16089));
#16086=ORIENTED_EDGE('',*,*,#15945,.F.);
#16087=ORIENTED_EDGE('',*,*,#16047,.F.);
#16088=ORIENTED_EDGE('',*,*,#16016,.F.);
#16089=ORIENTED_EDGE('',*,*,#15985,.F.);
#16090=PLANE('',#16091);
#16091=AXIS2_PLACEMENT_3D('',#16092,#16093,#16094);
#16092=CARTESIAN_POINT('',(2.31,-3.58,4.649712991));
#16093=DIRECTION('',(-6.652489415E-16,0.0,-1.0));
#16094=DIRECTION('',(-1.0,0.0,6.652489415E-16));
#16095=MANIFOLD_SOLID_BREP('LPattern6[4]',#16096);
#16096=CLOSED_SHELL('NONE',(#16097,#16190,#16246,#16289,#16329,#16369,#16443,#16499,#16530,#16577,#16698,#16819,#16834,#16899,#16939,#16977,#17003,#17029,#17060,#17084,#17108,#17125,#17147,#17168,#17194,#17219,#17262,#17279,#17296,#17310,#17327,#17339,#17351,#17368,#17385,#17402,#17419,#17436,#17448,#17460,#17472,#17489,#17501,#17532,#17556,#17587,#17618,#17649,#17666,#17678,#17694,#17725,#17749,#17773,#17790,#17830,#17861,#17892,#17914,#17932));
#16097=ADVANCED_FACE('NONE',(#16098),#16185,.T.);
#16098=FACE_BOUND('NONE',#16099,.T.);
#16099=EDGE_LOOP('',(#16100,#16115,#16123,#16132,#16140,#16149,#16157,#16166,#16174));
#16100=ORIENTED_EDGE('',*,*,#16101,.T.);
#16101=EDGE_CURVE('NONE',#16102,#16104,#16106,.T.);
#16102=VERTEX_POINT('NONE',#16103);
#16103=CARTESIAN_POINT('',(3.81,2.6,4.097150035));
#16104=VERTEX_POINT('NONE',#16105);
#16105=CARTESIAN_POINT('',(4.81,2.599571453,3.097150035));
#16106=B_SPLINE_CURVE_WITH_KNOTS('',3,(#16107,#16108,#16109,#16110,#16111,#16112,#16113,#16114),.UNSPECIFIED.,.F.,.U.,(4,2,2,4),(0.002180736,0.002571506,0.002962276,0.003743817),.UNSPECIFIED.);
#16107=CARTESIAN_POINT('',(3.81,2.6,4.097150035));
#16108=CARTESIAN_POINT('',(3.940256914,2.6,4.097150035));
#16109=CARTESIAN_POINT('',(4.07187301,2.599988805,4.07102761));
#16110=CARTESIAN_POINT('',(4.31292816,2.599946053,3.971265743));
#16111=CARTESIAN_POINT('',(4.424097117,2.599914305,3.89718291));
#16112=CARTESIAN_POINT('',(4.702170809,2.599795244,3.6193595));
#16113=CARTESIAN_POINT('',(4.81,2.599683875,3.359482323));
#16114=CARTESIAN_POINT('',(4.81,2.599571453,3.097150035));
#16115=ORIENTED_EDGE('',*,*,#16116,.T.);
#16116=EDGE_CURVE('NONE',#16104,#16117,#16119,.T.);
#16117=VERTEX_POINT('NONE',#16118);
#16118=CARTESIAN_POINT('',(4.81,3.15,3.097150035));
#16119=LINE('',#16120,#16121);
#16120=CARTESIAN_POINT('',(4.81,-4.251,3.097150035));
#16121=VECTOR('',#16122,1.0);
#16122=DIRECTION('',(-1.104919411E-16,1.0,0.0));
#16123=ORIENTED_EDGE('',*,*,#16124,.T.);
#16124=EDGE_CURVE('NONE',#16117,#16125,#16127,.F.);
#16125=VERTEX_POINT('NONE',#16126);
#16126=CARTESIAN_POINT('',(4.784358763,3.15,3.322150035));
#16127=CIRCLE('',#16128,1.0);
#16128=AXIS2_PLACEMENT_3D('',#16129,#16130,#16131);
#16129=CARTESIAN_POINT('',(3.81,3.15,3.097150035));
#16130=DIRECTION('',(-2.168404345E-16,1.0,0.0));
#16131=DIRECTION('',(1.0,2.168404345E-16,-5.204170428E-15));
#16132=ORIENTED_EDGE('',*,*,#16133,.T.);
#16133=EDGE_CURVE('NONE',#16125,#16134,#16136,.F.);
#16134=VERTEX_POINT('NONE',#16135);
#16135=CARTESIAN_POINT('',(4.784358763,3.45,3.322150035));
#16136=LINE('',#16137,#16138);
#16137=CARTESIAN_POINT('',(4.784358763,-4.251,3.322150035));
#16138=VECTOR('',#16139,1.0);
#16139=DIRECTION('',(1.104919411E-16,-1.0,0.0));
#16140=ORIENTED_EDGE('',*,*,#16141,.T.);
#16141=EDGE_CURVE('NONE',#16134,#16142,#16144,.F.);
#16142=VERTEX_POINT('NONE',#16143);
#16143=CARTESIAN_POINT('',(2.835641237,3.45,3.322150035));
#16144=CIRCLE('',#16145,1.0);
#16145=AXIS2_PLACEMENT_3D('',#16146,#16147,#16148);
#16146=CARTESIAN_POINT('',(3.81,3.45,3.097150035));
#16147=DIRECTION('',(-1.104919411E-16,1.0,0.0));
#16148=DIRECTION('',(-1.0,-1.104919411E-16,0.0));
#16149=ORIENTED_EDGE('',*,*,#16150,.T.);
#16150=EDGE_CURVE('NONE',#16142,#16151,#16153,.F.);
#16151=VERTEX_POINT('NONE',#16152);
#16152=CARTESIAN_POINT('',(2.835641237,3.15,3.322150035));
#16153=LINE('',#16154,#16155);
#16154=CARTESIAN_POINT('',(2.835641237,-4.251,3.322150035));
#16155=VECTOR('',#16156,1.0);
#16156=DIRECTION('',(-1.104919411E-16,1.0,0.0));
#16157=ORIENTED_EDGE('',*,*,#16158,.T.);
#16158=EDGE_CURVE('NONE',#16151,#16159,#16161,.F.);
#16159=VERTEX_POINT('NONE',#16160);
#16160=CARTESIAN_POINT('',(2.81,3.15,3.097150035));
#16161=CIRCLE('',#16162,1.0);
#16162=AXIS2_PLACEMENT_3D('',#16163,#16164,#16165);
#16163=CARTESIAN_POINT('',(3.81,3.15,3.097150035));
#16164=DIRECTION('',(-2.168404345E-16,1.0,0.0));
#16165=DIRECTION('',(1.0,2.168404345E-16,0.0));
#16166=ORIENTED_EDGE('',*,*,#16167,.T.);
#16167=EDGE_CURVE('NONE',#16159,#16168,#16170,.F.);
#16168=VERTEX_POINT('NONE',#16169);
#16169=CARTESIAN_POINT('',(2.81,2.599571453,3.097150035));
#16170=LINE('',#16171,#16172);
#16171=CARTESIAN_POINT('',(2.81,-4.251,3.097150035));
#16172=VECTOR('',#16173,1.0);
#16173=DIRECTION('',(-1.104919411E-16,1.0,0.0));
#16174=ORIENTED_EDGE('',*,*,#16175,.T.);
#16175=EDGE_CURVE('NONE',#16168,#16102,#16176,.T.);
#16176=B_SPLINE_CURVE_WITH_KNOTS('',3,(#16177,#16178,#16179,#16180,#16181,#16182,#16183,#16184),.UNSPECIFIED.,.F.,.U.,(4,2,2,4),(6.176795043E-04,0.001399208,0.001789972,0.002180736),.UNSPECIFIED.);
#16177=CARTESIAN_POINT('',(2.81,2.599571453,3.097150035));
#16178=CARTESIAN_POINT('',(2.81,2.599683827,3.35936959));
#16179=CARTESIAN_POINT('',(2.917753812,2.599795211,3.619280603));
#16180=CARTESIAN_POINT('',(3.195930305,2.599914317,3.8972121));
#16181=CARTESIAN_POINT('',(3.307050602,2.599946049,3.971257038));
#16182=CARTESIAN_POINT('',(3.548149333,2.599988809,4.071036772));
#16183=CARTESIAN_POINT('',(3.679745078,2.6,4.097150035));
#16184=CARTESIAN_POINT('',(3.81,2.6,4.097150035));
#16185=CYLINDRICAL_SURFACE('',#16186,1.0);
#16186=AXIS2_PLACEMENT_3D('',#16187,#16188,#16189);
#16187=CARTESIAN_POINT('',(3.81,-4.251,3.097150035));
#16188=DIRECTION('',(-1.104919411E-16,1.0,0.0));
#16189=DIRECTION('',(-1.0,-1.104919411E-16,0.0));
#16190=ADVANCED_FACE('NONE',(#16191),#16241,.F.);
#16191=FACE_BOUND('NONE',#16192,.T.);
#16192=EDGE_LOOP('',(#16193,#16206,#16212,#16213,#16224,#16232));
#16193=ORIENTED_EDGE('',*,*,#16194,.T.);
#16194=EDGE_CURVE('NONE',#16195,#16197,#16199,.F.);
#16195=VERTEX_POINT('NONE',#16196);
#16196=CARTESIAN_POINT('',(3.275,2.599770745,3.097150035));
#16197=VERTEX_POINT('NONE',#16198);
#16198=CARTESIAN_POINT('',(3.81,2.6,3.632150035));
#16199=B_SPLINE_CURVE_WITH_KNOTS('',3,(#16200,#16201,#16202,#16203,#16204,#16205),.UNSPECIFIED.,.F.,.U.,(4,2,4),(0.002178774,0.002597126,0.003015478),.UNSPECIFIED.);
#16200=CARTESIAN_POINT('',(3.81,2.6,3.632150035));
#16201=CARTESIAN_POINT('',(3.669452978,2.6,3.632150035));
#16202=CARTESIAN_POINT('',(3.530272495,2.599975101,3.574044078));
#16203=CARTESIAN_POINT('',(3.333056905,2.599890576,3.376793898));
#16204=CARTESIAN_POINT('',(3.275,2.59983078,3.237250094));
#16205=CARTESIAN_POINT('',(3.275,2.599770745,3.097150035));
#16206=ORIENTED_EDGE('',*,*,#16207,.T.);
#16207=EDGE_CURVE('NONE',#16197,#16102,#16208,.T.);
#16208=LINE('',#16209,#16210);
#16209=CARTESIAN_POINT('',(3.81,2.6,4.121357041));
#16210=VECTOR('',#16211,1.0);
#16211=DIRECTION('',(1.224646687E-16,6.331740687E-17,1.0));
#16212=ORIENTED_EDGE('',*,*,#16175,.F.);
#16213=ORIENTED_EDGE('',*,*,#16214,.T.);
#16214=EDGE_CURVE('NONE',#16168,#16215,#16217,.F.);
#16215=VERTEX_POINT('NONE',#16216);
#16216=CARTESIAN_POINT('',(3.81,2.599142907,2.097150035));
#16217=B_SPLINE_CURVE_WITH_KNOTS('',3,(#16218,#16219,#16220,#16221,#16222,#16223),.UNSPECIFIED.,.F.,.U.,(4,2,4),(0.005307765,0.006088827,0.006869889),.UNSPECIFIED.);
#16218=CARTESIAN_POINT('',(3.81,2.599142907,2.097150035));
#16219=CARTESIAN_POINT('',(3.548245506,2.599142907,2.097150035));
#16220=CARTESIAN_POINT('',(3.288916585,2.599188701,2.204009994));
#16221=CARTESIAN_POINT('',(2.91683225,2.599348165,2.576114117));
#16222=CARTESIAN_POINT('',(2.81,2.599459147,2.835086993));
#16223=CARTESIAN_POINT('',(2.81,2.599571453,3.097150035));
#16224=ORIENTED_EDGE('',*,*,#16225,.T.);
#16225=EDGE_CURVE('NONE',#16215,#16226,#16228,.F.);
#16226=VERTEX_POINT('NONE',#16227);
#16227=CARTESIAN_POINT('',(3.81,2.599541489,2.562150035));
#16228=LINE('',#16229,#16230);
#16229=CARTESIAN_POINT('',(3.81,2.59912201,2.072771743));
#16230=VECTOR('',#16231,1.0);
#16231=DIRECTION('',(0.0,-8.571666501E-04,-0.999999633));
#16232=ORIENTED_EDGE('',*,*,#16233,.T.);
#16233=EDGE_CURVE('NONE',#16226,#16195,#16234,.F.);
#16234=B_SPLINE_CURVE_WITH_KNOTS('',3,(#16235,#16236,#16237,#16238,#16239,#16240),.UNSPECIFIED.,.F.,.U.,(4,2,4),(0.003015478,0.003433348,0.003851218),.UNSPECIFIED.);
#16235=CARTESIAN_POINT('',(3.275,2.599770745,3.097150035));
#16236=CARTESIAN_POINT('',(3.275,2.599710779,2.957211212));
#16237=CARTESIAN_POINT('',(3.33346565,2.599650652,2.816896807));
#16238=CARTESIAN_POINT('',(3.530635805,2.599566319,2.620093954));
#16239=CARTESIAN_POINT('',(3.669907138,2.599541489,2.562150035));
#16240=CARTESIAN_POINT('',(3.81,2.599541489,2.562150035));
#16241=CONICAL_SURFACE('',#16242,1.024292743,1.570367743);
#16242=AXIS2_PLACEMENT_3D('',#16243,#16244,#16245);
#16243=CARTESIAN_POINT('',(3.81,2.599561005,3.097064392));
#16244=DIRECTION('',(0.0,-0.999999908,4.285833644E-04));
#16245=DIRECTION('',(0.0,-4.285833644E-04,-0.999999908));
#16246=ADVANCED_FACE('NONE',(#16247),#16284,.T.);
#16247=FACE_BOUND('NONE',#16248,.T.);
#16248=EDGE_LOOP('',(#16249,#16260,#16261,#16269,#16278));
#16249=ORIENTED_EDGE('',*,*,#16250,.T.);
#16250=EDGE_CURVE('NONE',#16251,#16197,#16253,.T.);
#16251=VERTEX_POINT('NONE',#16252);
#16252=CARTESIAN_POINT('',(4.345,2.599770745,3.097150035));
#16253=B_SPLINE_CURVE_WITH_KNOTS('',3,(#16254,#16255,#16256,#16257,#16258,#16259),.UNSPECIFIED.,.F.,.U.,(4,2,4),(0.001342498,0.001760636,0.002178774),.UNSPECIFIED.);
#16254=CARTESIAN_POINT('',(4.345,2.599770745,3.097150035));
#16255=CARTESIAN_POINT('',(4.345,2.599830473,3.236534968));
#16256=CARTESIAN_POINT('',(4.287494916,2.599890308,3.376167507));
#16257=CARTESIAN_POINT('',(4.089459771,2.599975247,3.574386225));
#16258=CARTESIAN_POINT('',(3.950475265,2.6,3.632150035));
#16259=CARTESIAN_POINT('',(3.81,2.6,3.632150035));
#16260=ORIENTED_EDGE('',*,*,#16194,.F.);
#16261=ORIENTED_EDGE('',*,*,#16262,.T.);
#16262=EDGE_CURVE('NONE',#16195,#16263,#16265,.T.);
#16263=VERTEX_POINT('NONE',#16264);
#16264=CARTESIAN_POINT('',(3.275,1.29,3.097150035));
#16265=LINE('',#16266,#16267);
#16266=CARTESIAN_POINT('',(3.275,4.251,3.097150035));
#16267=VECTOR('',#16268,1.0);
#16268=DIRECTION('',(9.856383386E-17,-1.0,0.0));
#16269=ORIENTED_EDGE('',*,*,#16270,.T.);
#16270=EDGE_CURVE('NONE',#16263,#16271,#16273,.T.);
#16271=VERTEX_POINT('NONE',#16272);
#16272=CARTESIAN_POINT('',(4.345,1.29,3.097150035));
#16273=CIRCLE('',#16274,0.535);
#16274=AXIS2_PLACEMENT_3D('',#16275,#16276,#16277);
#16275=CARTESIAN_POINT('',(3.81,1.29,3.097150035));
#16276=DIRECTION('',(-9.856383386E-17,1.0,0.0));
#16277=DIRECTION('',(-1.0,-9.856383386E-17,0.0));
#16278=ORIENTED_EDGE('',*,*,#16279,.T.);
#16279=EDGE_CURVE('NONE',#16271,#16251,#16280,.F.);
#16280=LINE('',#16281,#16282);
#16281=CARTESIAN_POINT('',(4.345,4.251,3.097150035));
#16282=VECTOR('',#16283,1.0);
#16283=DIRECTION('',(9.856383386E-17,-1.0,0.0));
#16284=CYLINDRICAL_SURFACE('',#16285,0.535);
#16285=AXIS2_PLACEMENT_3D('',#16286,#16287,#16288);
#16286=CARTESIAN_POINT('',(3.81,4.251,3.097150035));
#16287=DIRECTION('',(9.856383386E-17,-1.0,0.0));
#16288=DIRECTION('',(1.0,9.856383386E-17,0.0));
#16289=ADVANCED_FACE('NONE',(#16290),#16324,.F.);
#16290=FACE_BOUND('NONE',#16291,.T.);
#16291=EDGE_LOOP('',(#16292,#16302,#16310,#16318));
#16292=ORIENTED_EDGE('',*,*,#16293,.T.);
#16293=EDGE_CURVE('NONE',#16294,#16296,#16298,.F.);
#16294=VERTEX_POINT('NONE',#16295);
#16295=CARTESIAN_POINT('',(3.26,-3.25,0.999712991));
#16296=VERTEX_POINT('NONE',#16297);
#16297=CARTESIAN_POINT('',(4.36,-3.25,0.999712991));
#16298=LINE('',#16299,#16300);
#16299=CARTESIAN_POINT('',(4.36,-3.25,0.999712991));
#16300=VECTOR('',#16301,1.0);
#16301=DIRECTION('',(-1.0,0.0,6.652489415E-16));
#16302=ORIENTED_EDGE('',*,*,#16303,.T.);
#16303=EDGE_CURVE('NONE',#16296,#16304,#16306,.F.);
#16304=VERTEX_POINT('NONE',#16305);
#16305=CARTESIAN_POINT('',(4.36,-1.036532275,0.999712991));
#16306=LINE('',#16307,#16308);
#16307=CARTESIAN_POINT('',(4.36,-1.036532275,0.999712991));
#16308=VECTOR('',#16309,1.0);
#16309=DIRECTION('',(0.0,-1.0,0.0));
#16310=ORIENTED_EDGE('',*,*,#16311,.T.);
#16311=EDGE_CURVE('NONE',#16304,#16312,#16314,.T.);
#16312=VERTEX_POINT('NONE',#16313);
#16313=CARTESIAN_POINT('',(3.26,-1.036532275,0.999712991));
#16314=LINE('',#16315,#16316);
#16315=CARTESIAN_POINT('',(4.36,-1.036532275,0.999712991));
#16316=VECTOR('',#16317,1.0);
#16317=DIRECTION('',(-1.0,-1.104919411E-16,6.652489415E-16));
#16318=ORIENTED_EDGE('',*,*,#16319,.T.);
#16319=EDGE_CURVE('NONE',#16312,#16294,#16320,.T.);
#16320=LINE('',#16321,#16322);
#16321=CARTESIAN_POINT('',(3.26,-1.036532275,0.999712991));
#16322=VECTOR('',#16323,1.0);
#16323=DIRECTION('',(0.0,-1.0,0.0));
#16324=PLANE('',#16325);
#16325=AXIS2_PLACEMENT_3D('',#16326,#16327,#16328);
#16326=CARTESIAN_POINT('',(4.36,-1.036532275,0.999712991));
#16327=DIRECTION('',(-6.652489415E-16,0.0,-1.0));
#16328=DIRECTION('',(-1.0,0.0,6.652489415E-16));
#16329=ADVANCED_FACE('NONE',(#16330),#16364,.F.);
#16330=FACE_BOUND('NONE',#16331,.T.);
#16331=EDGE_LOOP('',(#16332,#16342,#16350,#16358));
#16332=ORIENTED_EDGE('',*,*,#16333,.T.);
#16333=EDGE_CURVE('NONE',#16334,#16336,#16338,.F.);
#16334=VERTEX_POINT('NONE',#16335);
#16335=CARTESIAN_POINT('',(4.36,-3.696532275,1.549571274));
#16336=VERTEX_POINT('NONE',#16337);
#16337=CARTESIAN_POINT('',(3.26,-3.696532275,1.549571274));
#16338=LINE('',#16339,#16340);
#16339=CARTESIAN_POINT('',(4.36,-3.696532275,1.549571274));
#16340=VECTOR('',#16341,1.0);
#16341=DIRECTION('',(1.0,1.104919411E-16,0.0));
#16342=ORIENTED_EDGE('',*,*,#16343,.T.);
#16343=EDGE_CURVE('NONE',#16336,#16344,#16346,.T.);
#16344=VERTEX_POINT('NONE',#16345);
#16345=CARTESIAN_POINT('',(3.26,-3.696532275,2.81));
#16346=LINE('',#16347,#16348);
#16347=CARTESIAN_POINT('',(3.26,-3.696532275,1.039712991));
#16348=VECTOR('',#16349,1.0);
#16349=DIRECTION('',(9.799108662E-16,0.0,1.0));
#16350=ORIENTED_EDGE('',*,*,#16351,.T.);
#16351=EDGE_CURVE('NONE',#16344,#16352,#16354,.F.);
#16352=VERTEX_POINT('NONE',#16353);
#16353=CARTESIAN_POINT('',(4.36,-3.696532275,2.81));
#16354=LINE('',#16355,#16356);
#16355=CARTESIAN_POINT('',(4.36,-3.696532275,2.81));
#16356=VECTOR('',#16357,1.0);
#16357=DIRECTION('',(-1.0,-1.104919411E-16,6.652489415E-16));
#16358=ORIENTED_EDGE('',*,*,#16359,.T.);
#16359=EDGE_CURVE('NONE',#16352,#16334,#16360,.F.);
#16360=LINE('',#16361,#16362);
#16361=CARTESIAN_POINT('',(4.36,-3.696532275,1.039712991));
#16362=VECTOR('',#16363,1.0);
#16363=DIRECTION('',(9.799108662E-16,0.0,1.0));
#16364=PLANE('',#16365);
#16365=AXIS2_PLACEMENT_3D('',#16366,#16367,#16368);
#16366=CARTESIAN_POINT('',(4.36,-3.696532275,1.039712991));
#16367=DIRECTION('',(1.104919411E-16,-1.0,-1.082722538E-31));
#16368=DIRECTION('',(1.0,1.104919411E-16,0.0));
#16369=ADVANCED_FACE('NONE',(#16370,#16404),#16438,.F.);
#16370=FACE_BOUND('NONE',#16371,.T.);
#16371=EDGE_LOOP('',(#16372,#16382,#16390,#16398));
#16372=ORIENTED_EDGE('',*,*,#16373,.T.);
#16373=EDGE_CURVE('NONE',#16374,#16376,#16378,.F.);
#16374=VERTEX_POINT('NONE',#16375);
#16375=CARTESIAN_POINT('',(4.49,-2.81,4.649712991));
#16376=VERTEX_POINT('NONE',#16377);
#16377=CARTESIAN_POINT('',(3.13,-2.81,4.649712991));
#16378=LINE('',#16379,#16380);
#16379=CARTESIAN_POINT('',(3.13,-2.81,4.649712991));
#16380=VECTOR('',#16381,1.0);
#16381=DIRECTION('',(1.0,0.0,-6.652489415E-16));
#16382=ORIENTED_EDGE('',*,*,#16383,.T.);
#16383=EDGE_CURVE('NONE',#16376,#16384,#16386,.F.);
#16384=VERTEX_POINT('NONE',#16385);
#16385=CARTESIAN_POINT('',(3.13,-1.07,4.649712991));
#16386=LINE('',#16387,#16388);
#16387=CARTESIAN_POINT('',(3.13,-1.07,4.649712991));
#16388=VECTOR('',#16389,1.0);
#16389=DIRECTION('',(0.0,-1.0,0.0));
#16390=ORIENTED_EDGE('',*,*,#16391,.T.);
#16391=EDGE_CURVE('NONE',#16384,#16392,#16394,.F.);
#16392=VERTEX_POINT('NONE',#16393);
#16393=CARTESIAN_POINT('',(4.49,-1.07,4.649712991));
#16394=LINE('',#16395,#16396);
#16395=CARTESIAN_POINT('',(3.13,-1.07,4.649712991));
#16396=VECTOR('',#16397,1.0);
#16397=DIRECTION('',(-1.0,0.0,6.652489415E-16));
#16398=ORIENTED_EDGE('',*,*,#16399,.T.);
#16399=EDGE_CURVE('NONE',#16392,#16374,#16400,.F.);
#16400=LINE('',#16401,#16402);
#16401=CARTESIAN_POINT('',(4.49,-1.07,4.649712991));
#16402=VECTOR('',#16403,1.0);
#16403=DIRECTION('',(0.0,1.0,0.0));
#16404=FACE_BOUND('NONE',#16405,.T.);
#16405=EDGE_LOOP('',(#16406,#16416,#16424,#16432));
#16406=ORIENTED_EDGE('',*,*,#16407,.T.);
#16407=EDGE_CURVE('NONE',#16408,#16410,#16412,.F.);
#16408=VERTEX_POINT('NONE',#16409);
#16409=CARTESIAN_POINT('',(2.77,-3.25,4.649712991));
#16410=VERTEX_POINT('NONE',#16411);
#16411=CARTESIAN_POINT('',(4.85,-3.25,4.649712991));
#16412=LINE('',#16413,#16414);
#16413=CARTESIAN_POINT('',(4.85,-3.25,4.649712991));
#16414=VECTOR('',#16415,1.0);
#16415=DIRECTION('',(-1.0,-2.085004178E-16,0.0));
#16416=ORIENTED_EDGE('',*,*,#16417,.T.);
#16417=EDGE_CURVE('NONE',#16410,#16418,#16420,.F.);
#16418=VERTEX_POINT('NONE',#16419);
#16419=CARTESIAN_POINT('',(4.85,0.39,4.649712991));
#16420=LINE('',#16421,#16422);
#16421=CARTESIAN_POINT('',(4.85,-3.58,4.649712991));
#16422=VECTOR('',#16423,1.0);
#16423=DIRECTION('',(0.0,-1.0,0.0));
#16424=ORIENTED_EDGE('',*,*,#16425,.T.);
#16425=EDGE_CURVE('NONE',#16418,#16426,#16428,.T.);
#16426=VERTEX_POINT('NONE',#16427);
#16427=CARTESIAN_POINT('',(2.77,0.39,4.649712991));
#16428=LINE('',#16429,#16430);
#16429=CARTESIAN_POINT('',(4.85,0.39,4.649712991));
#16430=VECTOR('',#16431,1.0);
#16431=DIRECTION('',(-1.0,-1.104919411E-16,6.652489415E-16));
#16432=ORIENTED_EDGE('',*,*,#16433,.T.);
#16433=EDGE_CURVE('NONE',#16426,#16408,#16434,.T.);
#16434=LINE('',#16435,#16436);
#16435=CARTESIAN_POINT('',(2.77,-3.58,4.649712991));
#16436=VECTOR('',#16437,1.0);
#16437=DIRECTION('',(0.0,-1.0,0.0));
#16438=PLANE('',#16439);
#16439=AXIS2_PLACEMENT_3D('',#16440,#16441,#16442);
#16440=CARTESIAN_POINT('',(4.85,-3.58,4.649712991));
#16441=DIRECTION('',(-6.652489415E-16,0.0,-1.0));
#16442=DIRECTION('',(-1.0,0.0,6.652489415E-16));
#16443=ADVANCED_FACE('NONE',(#16444),#16494,.F.);
#16444=FACE_BOUND('NONE',#16445,.T.);
#16445=EDGE_LOOP('',(#16446,#16456,#16464,#16472,#16480,#16488));
#16446=ORIENTED_EDGE('',*,*,#16447,.T.);
#16447=EDGE_CURVE('NONE',#16448,#16450,#16452,.F.);
#16448=VERTEX_POINT('NONE',#16449);
#16449=CARTESIAN_POINT('',(3.26,-6.55,3.35));
#16450=VERTEX_POINT('NONE',#16451);
#16451=CARTESIAN_POINT('',(3.61,-7.75,3.35));
#16452=LINE('',#16453,#16454);
#16453=CARTESIAN_POINT('',(2.724379876,-4.713588145,3.35));
#16454=VECTOR('',#16455,1.0);
#16455=DIRECTION('',(-0.28,0.96,1.862697036E-16));
#16456=ORIENTED_EDGE('',*,*,#16457,.T.);
#16457=EDGE_CURVE('NONE',#16450,#16458,#16460,.F.);
#16458=VERTEX_POINT('NONE',#16459);
#16459=CARTESIAN_POINT('',(4.01,-7.75,3.35));
#16460=LINE('',#16461,#16462);
#16461=CARTESIAN_POINT('',(4.36,-7.75,3.35));
#16462=VECTOR('',#16463,1.0);
#16463=DIRECTION('',(-1.0,-1.104919411E-16,6.652489415E-16));
#16464=ORIENTED_EDGE('',*,*,#16465,.T.);
#16465=EDGE_CURVE('NONE',#16458,#16466,#16468,.F.);
#16466=VERTEX_POINT('NONE',#16467);
#16467=CARTESIAN_POINT('',(4.36,-6.55,3.35));
#16468=LINE('',#16469,#16470);
#16469=CARTESIAN_POINT('',(4.981860124,-4.417908145,3.35));
#16470=VECTOR('',#16471,1.0);
#16471=DIRECTION('',(-0.28,-0.96,1.862697036E-16));
#16472=ORIENTED_EDGE('',*,*,#16473,.T.);
#16473=EDGE_CURVE('NONE',#16466,#16474,#16476,.F.);
#16474=VERTEX_POINT('NONE',#16475);
#16475=CARTESIAN_POINT('',(4.36,-4.236532275,3.35));
#16476=LINE('',#16477,#16478);
#16477=CARTESIAN_POINT('',(4.36,-4.236532275,3.35));
#16478=VECTOR('',#16479,1.0);
#16479=DIRECTION('',(2.468677119E-16,-1.0,0.0));
#16480=ORIENTED_EDGE('',*,*,#16481,.T.);
#16481=EDGE_CURVE('NONE',#16474,#16482,#16484,.T.);
#16482=VERTEX_POINT('NONE',#16483);
#16483=CARTESIAN_POINT('',(3.26,-4.236532275,3.35));
#16484=LINE('',#16485,#16486);
#16485=CARTESIAN_POINT('',(4.36,-4.236532275,3.35));
#16486=VECTOR('',#16487,1.0);
#16487=DIRECTION('',(-1.0,-1.104919411E-16,6.652489415E-16));
#16488=ORIENTED_EDGE('',*,*,#16489,.T.);
#16489=EDGE_CURVE('NONE',#16482,#16448,#16490,.T.);
#16490=LINE('',#16491,#16492);
#16491=CARTESIAN_POINT('',(3.26,-4.236532275,3.35));
#16492=VECTOR('',#16493,1.0);
#16493=DIRECTION('',(2.468677119E-16,-1.0,0.0));
#16494=PLANE('',#16495);
#16495=AXIS2_PLACEMENT_3D('',#16496,#16497,#16498);
#16496=CARTESIAN_POINT('',(4.36,-4.236532275,3.35));
#16497=DIRECTION('',(-6.652489415E-16,-1.64228484E-31,-1.0));
#16498=DIRECTION('',(-1.0,0.0,6.652489415E-16));
#16499=ADVANCED_FACE('NONE',(#16500),#16525,.F.);
#16500=FACE_BOUND('NONE',#16501,.T.);
#16501=EDGE_LOOP('',(#16502,#16510,#16518,#16524));
#16502=ORIENTED_EDGE('',*,*,#16503,.T.);
#16503=EDGE_CURVE('NONE',#16450,#16504,#16506,.F.);
#16504=VERTEX_POINT('NONE',#16505);
#16505=CARTESIAN_POINT('',(3.61,-7.75,2.85));
#16506=LINE('',#16507,#16508);
#16507=CARTESIAN_POINT('',(3.61,-7.75,0.85));
#16508=VECTOR('',#16509,1.0);
#16509=DIRECTION('',(6.652489415E-16,1.234338559E-16,1.0));
#16510=ORIENTED_EDGE('',*,*,#16511,.T.);
#16511=EDGE_CURVE('NONE',#16504,#16512,#16514,.F.);
#16512=VERTEX_POINT('NONE',#16513);
#16513=CARTESIAN_POINT('',(4.01,-7.75,2.85));
#16514=LINE('',#16515,#16516);
#16515=CARTESIAN_POINT('',(4.36,-7.75,2.85));
#16516=VECTOR('',#16517,1.0);
#16517=DIRECTION('',(-1.0,-1.104919411E-16,6.652489415E-16));
#16518=ORIENTED_EDGE('',*,*,#16519,.T.);
#16519=EDGE_CURVE('NONE',#16512,#16458,#16520,.T.);
#16520=LINE('',#16521,#16522);
#16521=CARTESIAN_POINT('',(4.01,-7.75,0.85));
#16522=VECTOR('',#16523,1.0);
#16523=DIRECTION('',(6.652489415E-16,1.234338559E-16,1.0));
#16524=ORIENTED_EDGE('',*,*,#16457,.F.);
#16525=PLANE('',#16526);
#16526=AXIS2_PLACEMENT_3D('',#16527,#16528,#16529);
#16527=CARTESIAN_POINT('',(4.36,-7.75,2.85));
#16528=DIRECTION('',(-1.104919411E-16,1.0,1.916729642E-31));
#16529=DIRECTION('',(-1.0,-1.104919411E-16,0.0));
#16530=ADVANCED_FACE('NONE',(#16531),#16572,.F.);
#16531=FACE_BOUND('NONE',#16532,.T.);
#16532=EDGE_LOOP('',(#16533,#16541,#16549,#16557,#16565,#16571));
#16533=ORIENTED_EDGE('',*,*,#16534,.T.);
#16534=EDGE_CURVE('NONE',#16504,#16535,#16537,.F.);
#16535=VERTEX_POINT('NONE',#16536);
#16536=CARTESIAN_POINT('',(3.26,-6.55,2.85));
#16537=LINE('',#16538,#16539);
#16538=CARTESIAN_POINT('',(2.724379876,-4.713588145,2.85));
#16539=VECTOR('',#16540,1.0);
#16540=DIRECTION('',(0.28,-0.96,-6.777320191E-17));
#16541=ORIENTED_EDGE('',*,*,#16542,.T.);
#16542=EDGE_CURVE('NONE',#16535,#16543,#16545,.T.);
#16543=VERTEX_POINT('NONE',#16544);
#16544=CARTESIAN_POINT('',(3.26,-4.236532275,2.85));
#16545=LINE('',#16546,#16547);
#16546=CARTESIAN_POINT('',(3.26,-4.236532275,2.85));
#16547=VECTOR('',#16548,1.0);
#16548=DIRECTION('',(0.0,1.0,-1.234338559E-16));
#16549=ORIENTED_EDGE('',*,*,#16550,.T.);
#16550=EDGE_CURVE('NONE',#16543,#16551,#16553,.F.);
#16551=VERTEX_POINT('NONE',#16552);
#16552=CARTESIAN_POINT('',(4.36,-4.236532275,2.85));
#16553=LINE('',#16554,#16555);
#16554=CARTESIAN_POINT('',(4.36,-4.236532275,2.85));
#16555=VECTOR('',#16556,1.0);
#16556=DIRECTION('',(-1.0,-1.104919411E-16,6.652489415E-16));
#16557=ORIENTED_EDGE('',*,*,#16558,.T.);
#16558=EDGE_CURVE('NONE',#16551,#16559,#16561,.F.);
#16559=VERTEX_POINT('NONE',#16560);
#16560=CARTESIAN_POINT('',(4.36,-6.55,2.85));
#16561=LINE('',#16562,#16563);
#16562=CARTESIAN_POINT('',(4.36,-4.236532275,2.85));
#16563=VECTOR('',#16564,1.0);
#16564=DIRECTION('',(0.0,1.0,-1.234338559E-16));
#16565=ORIENTED_EDGE('',*,*,#16566,.T.);
#16566=EDGE_CURVE('NONE',#16559,#16512,#16567,.F.);
#16567=LINE('',#16568,#16569);
#16568=CARTESIAN_POINT('',(4.981860124,-4.417908145,2.85));
#16569=VECTOR('',#16570,1.0);
#16570=DIRECTION('',(0.28,0.96,-3.047662053E-16));
#16571=ORIENTED_EDGE('',*,*,#16511,.F.);
#16572=PLANE('',#16573);
#16573=AXIS2_PLACEMENT_3D('',#16574,#16575,#16576);
#16574=CARTESIAN_POINT('',(4.36,-4.236532275,2.85));
#16575=DIRECTION('',(6.652489415E-16,1.234338559E-16,1.0));
#16576=DIRECTION('',(1.0,0.0,-6.652489415E-16));
#16577=ADVANCED_FACE('NONE',(#16578),#16693,.T.);
#16578=FACE_BOUND('NONE',#16579,.T.);
#16579=EDGE_LOOP('',(#16580,#16590,#16596,#16597,#16604,#16605,#16611,#16612,#16621,#16629,#16638,#16646,#16655,#16663,#16671,#16679,#16686,#16687));
#16580=ORIENTED_EDGE('',*,*,#16581,.T.);
#16581=EDGE_CURVE('NONE',#16582,#16584,#16586,.T.);
#16582=VERTEX_POINT('NONE',#16583);
#16583=CARTESIAN_POINT('',(4.36,-3.25,0.9));
#16584=VERTEX_POINT('NONE',#16585);
#16585=CARTESIAN_POINT('',(4.36,-3.696532275,0.9));
#16586=LINE('',#16587,#16588);
#16587=CARTESIAN_POINT('',(4.36,-1.036532275,0.9));
#16588=VECTOR('',#16589,1.0);
#16589=DIRECTION('',(1.104919411E-16,-1.0,1.151880795E-32));
#16590=ORIENTED_EDGE('',*,*,#16591,.T.);
#16591=EDGE_CURVE('NONE',#16584,#16334,#16592,.T.);
#16592=LINE('',#16593,#16594);
#16593=CARTESIAN_POINT('',(4.36,-3.696532275,1.039712991));
#16594=VECTOR('',#16595,1.0);
#16595=DIRECTION('',(9.799108662E-16,0.0,1.0));
#16596=ORIENTED_EDGE('',*,*,#16359,.F.);
#16597=ORIENTED_EDGE('',*,*,#16598,.T.);
#16598=EDGE_CURVE('NONE',#16352,#16474,#16599,.T.);
#16599=CIRCLE('',#16600,0.54);
#16600=AXIS2_PLACEMENT_3D('',#16601,#16602,#16603);
#16601=CARTESIAN_POINT('',(4.36,-4.236532275,2.81));
#16602=DIRECTION('',(1.0,1.104919411E-16,-6.652489415E-16));
#16603=DIRECTION('',(6.652489415E-16,7.350464689E-32,1.0));
#16604=ORIENTED_EDGE('',*,*,#16473,.F.);
#16605=ORIENTED_EDGE('',*,*,#16606,.T.);
#16606=EDGE_CURVE('NONE',#16466,#16559,#16607,.T.);
#16607=LINE('',#16608,#16609);
#16608=CARTESIAN_POINT('',(4.36,-6.55,1.039712991));
#16609=VECTOR('',#16610,1.0);
#16610=DIRECTION('',(-6.652489415E-16,-1.234338559E-16,-1.0));
#16611=ORIENTED_EDGE('',*,*,#16558,.F.);
#16612=ORIENTED_EDGE('',*,*,#16613,.T.);
#16613=EDGE_CURVE('NONE',#16551,#16614,#16616,.T.);
#16614=VERTEX_POINT('NONE',#16615);
#16615=CARTESIAN_POINT('',(4.36,-4.196532275,2.81));
#16616=CIRCLE('',#16617,0.04);
#16617=AXIS2_PLACEMENT_3D('',#16618,#16619,#16620);
#16618=CARTESIAN_POINT('',(4.36,-4.236532275,2.81));
#16619=DIRECTION('',(-1.0,-1.104919411E-16,6.652489415E-16));
#16620=DIRECTION('',(6.652489415E-16,7.350464689E-32,1.0));
#16621=ORIENTED_EDGE('',*,*,#16622,.T.);
#16622=EDGE_CURVE('NONE',#16614,#16623,#16625,.T.);
#16623=VERTEX_POINT('NONE',#16624);
#16624=CARTESIAN_POINT('',(4.36,-4.196532275,1.039712991));
#16625=LINE('',#16626,#16627);
#16626=CARTESIAN_POINT('',(4.36,-4.196532275,1.039712991));
#16627=VECTOR('',#16628,1.0);
#16628=DIRECTION('',(-9.799108662E-16,0.0,-1.0));
#16629=ORIENTED_EDGE('',*,*,#16630,.T.);
#16630=EDGE_CURVE('NONE',#16623,#16631,#16633,.T.);
#16631=VERTEX_POINT('NONE',#16632);
#16632=CARTESIAN_POINT('',(4.36,-3.656532275,0.499712991));
#16633=CIRCLE('',#16634,0.54);
#16634=AXIS2_PLACEMENT_3D('',#16635,#16636,#16637);
#16635=CARTESIAN_POINT('',(4.36,-3.656532275,1.039712991));
#16636=DIRECTION('',(1.0,1.104919411E-16,-6.652489415E-16));
#16637=DIRECTION('',(6.652489415E-16,7.350464689E-32,1.0));
#16638=ORIENTED_EDGE('',*,*,#16639,.T.);
#16639=EDGE_CURVE('NONE',#16631,#16640,#16642,.T.);
#16640=VERTEX_POINT('NONE',#16641);
#16641=CARTESIAN_POINT('',(4.36,-1.036532275,0.499712991));
#16642=LINE('',#16643,#16644);
#16643=CARTESIAN_POINT('',(4.36,-1.036532275,0.499712991));
#16644=VECTOR('',#16645,1.0);
#16645=DIRECTION('',(0.0,1.0,0.0));
#16646=ORIENTED_EDGE('',*,*,#16647,.T.);
#16647=EDGE_CURVE('NONE',#16640,#16648,#16650,.T.);
#16648=VERTEX_POINT('NONE',#16649);
#16649=CARTESIAN_POINT('',(4.36,-0.496532275,1.039712991));
#16650=CIRCLE('',#16651,0.54);
#16651=AXIS2_PLACEMENT_3D('',#16652,#16653,#16654);
#16652=CARTESIAN_POINT('',(4.36,-1.036532275,1.039712991));
#16653=DIRECTION('',(1.0,1.104919411E-16,-6.652489415E-16));
#16654=DIRECTION('',(-6.652489415E-16,-7.350464689E-32,-1.0));
#16655=ORIENTED_EDGE('',*,*,#16656,.T.);
#16656=EDGE_CURVE('NONE',#16648,#16657,#16659,.T.);
#16657=VERTEX_POINT('NONE',#16658);
#16658=CARTESIAN_POINT('',(4.36,-0.496532275,1.949712991));
#16659=LINE('',#16660,#16661);
#16660=CARTESIAN_POINT('',(4.36,-0.496532275,1.949712991));
#16661=VECTOR('',#16662,1.0);
#16662=DIRECTION('',(9.53144767E-16,0.0,1.0));
#16663=ORIENTED_EDGE('',*,*,#16664,.T.);
#16664=EDGE_CURVE('NONE',#16657,#16665,#16667,.T.);
#16665=VERTEX_POINT('NONE',#16666);
#16666=CARTESIAN_POINT('',(4.36,-0.996532275,1.949712991));
#16667=LINE('',#16668,#16669);
#16668=CARTESIAN_POINT('',(4.36,-0.996532275,1.949712991));
#16669=VECTOR('',#16670,1.0);
#16670=DIRECTION('',(0.0,-1.0,0.0));
#16671=ORIENTED_EDGE('',*,*,#16672,.T.);
#16672=EDGE_CURVE('NONE',#16665,#16673,#16675,.T.);
#16673=VERTEX_POINT('NONE',#16674);
#16674=CARTESIAN_POINT('',(4.36,-0.996532275,1.039712991));
#16675=LINE('',#16676,#16677);
#16676=CARTESIAN_POINT('',(4.36,-0.996532275,1.949712991));
#16677=VECTOR('',#16678,1.0);
#16678=DIRECTION('',(-9.53144767E-16,0.0,-1.0));
#16679=ORIENTED_EDGE('',*,*,#16680,.T.);
#16680=EDGE_CURVE('NONE',#16673,#16304,#16681,.T.);
#16681=CIRCLE('',#16682,0.04);
#16682=AXIS2_PLACEMENT_3D('',#16683,#16684,#16685);
#16683=CARTESIAN_POINT('',(4.36,-1.036532275,1.039712991));
#16684=DIRECTION('',(-1.0,-1.104919411E-16,6.652489415E-16));
#16685=DIRECTION('',(-6.652489415E-16,-7.350464689E-32,-1.0));
#16686=ORIENTED_EDGE('',*,*,#16303,.F.);
#16687=ORIENTED_EDGE('',*,*,#16688,.T.);
#16688=EDGE_CURVE('NONE',#16296,#16582,#16689,.T.);
#16689=LINE('',#16690,#16691);
#16690=CARTESIAN_POINT('',(4.36,-3.25,1.039712991));
#16691=VECTOR('',#16692,1.0);
#16692=DIRECTION('',(-6.652489415E-16,0.0,-1.0));
#16693=PLANE('',#16694);
#16694=AXIS2_PLACEMENT_3D('',#16695,#16696,#16697);
#16695=CARTESIAN_POINT('',(4.36,-1.036532275,1.039712991));
#16696=DIRECTION('',(1.0,1.104919411E-16,-6.652489415E-16));
#16697=DIRECTION('',(-6.652489415E-16,0.0,-1.0));
#16698=ADVANCED_FACE('NONE',(#16699),#16814,.F.);
#16699=FACE_BOUND('NONE',#16700,.T.);
#16700=EDGE_LOOP('',(#16701,#16709,#16717,#16723,#16724,#16733,#16741,#16749,#16757,#16766,#16774,#16783,#16791,#16798,#16799,#16805,#16806,#16813));
#16701=ORIENTED_EDGE('',*,*,#16702,.T.);
#16702=EDGE_CURVE('NONE',#16336,#16703,#16705,.F.);
#16703=VERTEX_POINT('NONE',#16704);
#16704=CARTESIAN_POINT('',(3.26,-3.696532275,0.9));
#16705=LINE('',#16706,#16707);
#16706=CARTESIAN_POINT('',(3.26,-3.696532275,1.039712991));
#16707=VECTOR('',#16708,1.0);
#16708=DIRECTION('',(9.799108662E-16,0.0,1.0));
#16709=ORIENTED_EDGE('',*,*,#16710,.T.);
#16710=EDGE_CURVE('NONE',#16703,#16711,#16713,.F.);
#16711=VERTEX_POINT('NONE',#16712);
#16712=CARTESIAN_POINT('',(3.26,-3.25,0.9));
#16713=LINE('',#16714,#16715);
#16714=CARTESIAN_POINT('',(3.26,-1.036532275,0.9));
#16715=VECTOR('',#16716,1.0);
#16716=DIRECTION('',(1.104919411E-16,-1.0,1.151880795E-32));
#16717=ORIENTED_EDGE('',*,*,#16718,.T.);
#16718=EDGE_CURVE('NONE',#16711,#16294,#16719,.F.);
#16719=LINE('',#16720,#16721);
#16720=CARTESIAN_POINT('',(3.26,-3.25,1.039712991));
#16721=VECTOR('',#16722,1.0);
#16722=DIRECTION('',(-6.652489415E-16,0.0,-1.0));
#16723=ORIENTED_EDGE('',*,*,#16319,.F.);
#16724=ORIENTED_EDGE('',*,*,#16725,.T.);
#16725=EDGE_CURVE('NONE',#16312,#16726,#16728,.F.);
#16726=VERTEX_POINT('NONE',#16727);
#16727=CARTESIAN_POINT('',(3.26,-0.996532275,1.039712991));
#16728=CIRCLE('',#16729,0.04);
#16729=AXIS2_PLACEMENT_3D('',#16730,#16731,#16732);
#16730=CARTESIAN_POINT('',(3.26,-1.036532275,1.039712991));
#16731=DIRECTION('',(-1.0,-1.104919411E-16,6.652489415E-16));
#16732=DIRECTION('',(-6.652489415E-16,-7.350464689E-32,-1.0));
#16733=ORIENTED_EDGE('',*,*,#16734,.T.);
#16734=EDGE_CURVE('NONE',#16726,#16735,#16737,.F.);
#16735=VERTEX_POINT('NONE',#16736);
#16736=CARTESIAN_POINT('',(3.26,-0.996532275,1.949712991));
#16737=LINE('',#16738,#16739);
#16738=CARTESIAN_POINT('',(3.26,-0.996532275,1.949712991));
#16739=VECTOR('',#16740,1.0);
#16740=DIRECTION('',(-9.53144767E-16,0.0,-1.0));
#16741=ORIENTED_EDGE('',*,*,#16742,.T.);
#16742=EDGE_CURVE('NONE',#16735,#16743,#16745,.F.);
#16743=VERTEX_POINT('NONE',#16744);
#16744=CARTESIAN_POINT('',(3.26,-0.496532275,1.949712991));
#16745=LINE('',#16746,#16747);
#16746=CARTESIAN_POINT('',(3.26,-0.996532275,1.949712991));
#16747=VECTOR('',#16748,1.0);
#16748=DIRECTION('',(0.0,-1.0,0.0));
#16749=ORIENTED_EDGE('',*,*,#16750,.T.);
#16750=EDGE_CURVE('NONE',#16743,#16751,#16753,.F.);
#16751=VERTEX_POINT('NONE',#16752);
#16752=CARTESIAN_POINT('',(3.26,-0.496532275,1.039712991));
#16753=LINE('',#16754,#16755);
#16754=CARTESIAN_POINT('',(3.26,-0.496532275,1.949712991));
#16755=VECTOR('',#16756,1.0);
#16756=DIRECTION('',(9.53144767E-16,0.0,1.0));
#16757=ORIENTED_EDGE('',*,*,#16758,.T.);
#16758=EDGE_CURVE('NONE',#16751,#16759,#16761,.F.);
#16759=VERTEX_POINT('NONE',#16760);
#16760=CARTESIAN_POINT('',(3.26,-1.036532275,0.499712991));
#16761=CIRCLE('',#16762,0.54);
#16762=AXIS2_PLACEMENT_3D('',#16763,#16764,#16765);
#16763=CARTESIAN_POINT('',(3.26,-1.036532275,1.039712991));
#16764=DIRECTION('',(1.0,1.104919411E-16,-6.652489415E-16));
#16765=DIRECTION('',(-6.652489415E-16,1.523283654E-32,-1.0));
#16766=ORIENTED_EDGE('',*,*,#16767,.T.);
#16767=EDGE_CURVE('NONE',#16759,#16768,#16770,.F.);
#16768=VERTEX_POINT('NONE',#16769);
#16769=CARTESIAN_POINT('',(3.26,-3.656532275,0.499712991));
#16770=LINE('',#16771,#16772);
#16771=CARTESIAN_POINT('',(3.26,-1.036532275,0.499712991));
#16772=VECTOR('',#16773,1.0);
#16773=DIRECTION('',(0.0,1.0,0.0));
#16774=ORIENTED_EDGE('',*,*,#16775,.T.);
#16775=EDGE_CURVE('NONE',#16768,#16776,#16778,.F.);
#16776=VERTEX_POINT('NONE',#16777);
#16777=CARTESIAN_POINT('',(3.26,-4.196532275,1.039712991));
#16778=CIRCLE('',#16779,0.54);
#16779=AXIS2_PLACEMENT_3D('',#16780,#16781,#16782);
#16780=CARTESIAN_POINT('',(3.26,-3.656532275,1.039712991));
#16781=DIRECTION('',(1.0,1.104919411E-16,-6.652489415E-16));
#16782=DIRECTION('',(6.652489415E-16,-1.523283654E-32,1.0));
#16783=ORIENTED_EDGE('',*,*,#16784,.T.);
#16784=EDGE_CURVE('NONE',#16776,#16785,#16787,.F.);
#16785=VERTEX_POINT('NONE',#16786);
#16786=CARTESIAN_POINT('',(3.26,-4.196532275,2.81));
#16787=LINE('',#16788,#16789);
#16788=CARTESIAN_POINT('',(3.26,-4.196532275,1.039712991));
#16789=VECTOR('',#16790,1.0);
#16790=DIRECTION('',(-9.799108662E-16,0.0,-1.0));
#16791=ORIENTED_EDGE('',*,*,#16792,.T.);
#16792=EDGE_CURVE('NONE',#16785,#16543,#16793,.F.);
#16793=CIRCLE('',#16794,0.04);
#16794=AXIS2_PLACEMENT_3D('',#16795,#16796,#16797);
#16795=CARTESIAN_POINT('',(3.26,-4.236532275,2.81));
#16796=DIRECTION('',(-1.0,-1.104919411E-16,6.652489415E-16));
#16797=DIRECTION('',(6.652489415E-16,7.350464689E-32,1.0));
#16798=ORIENTED_EDGE('',*,*,#16542,.F.);
#16799=ORIENTED_EDGE('',*,*,#16800,.T.);
#16800=EDGE_CURVE('NONE',#16535,#16448,#16801,.F.);
#16801=LINE('',#16802,#16803);
#16802=CARTESIAN_POINT('',(3.26,-6.55,1.039712991));
#16803=VECTOR('',#16804,1.0);
#16804=DIRECTION('',(-6.652489415E-16,-1.234338559E-16,-1.0));
#16805=ORIENTED_EDGE('',*,*,#16489,.F.);
#16806=ORIENTED_EDGE('',*,*,#16807,.T.);
#16807=EDGE_CURVE('NONE',#16482,#16344,#16808,.F.);
#16808=CIRCLE('',#16809,0.54);
#16809=AXIS2_PLACEMENT_3D('',#16810,#16811,#16812);
#16810=CARTESIAN_POINT('',(3.26,-4.236532275,2.81));
#16811=DIRECTION('',(1.0,1.104919411E-16,-6.652489415E-16));
#16812=DIRECTION('',(6.652489415E-16,-1.523283654E-32,1.0));
#16813=ORIENTED_EDGE('',*,*,#16343,.F.);
#16814=PLANE('',#16815);
#16815=AXIS2_PLACEMENT_3D('',#16816,#16817,#16818);
#16816=CARTESIAN_POINT('',(3.26,-1.036532275,1.039712991));
#16817=DIRECTION('',(1.0,1.104919411E-16,-6.652489415E-16));
#16818=DIRECTION('',(-6.652489415E-16,0.0,-1.0));
#16819=ADVANCED_FACE('NONE',(#16820),#16829,.T.);
#16820=FACE_BOUND('NONE',#16821,.T.);
#16821=EDGE_LOOP('',(#16822,#16828));
#16822=ORIENTED_EDGE('',*,*,#16823,.T.);
#16823=EDGE_CURVE('NONE',#16134,#16142,#16824,.F.);
#16824=LINE('',#16825,#16826);
#16825=CARTESIAN_POINT('',(2.81,3.45,3.322150035));
#16826=VECTOR('',#16827,1.0);
#16827=DIRECTION('',(1.0,2.168404345E-16,0.0));
#16828=ORIENTED_EDGE('',*,*,#16141,.F.);
#16829=PLANE('',#16830);
#16830=AXIS2_PLACEMENT_3D('',#16831,#16832,#16833);
#16831=CARTESIAN_POINT('',(3.81,3.45,3.097150035));
#16832=DIRECTION('',(-1.104919411E-16,1.0,0.0));
#16833=DIRECTION('',(-1.0,-1.104919411E-16,0.0));
#16834=ADVANCED_FACE('NONE',(#16835,#16860),#16894,.F.);
#16835=FACE_BOUND('NONE',#16836,.T.);
#16836=EDGE_LOOP('',(#16837,#16845,#16846,#16854));
#16837=ORIENTED_EDGE('',*,*,#16838,.T.);
#16838=EDGE_CURVE('NONE',#16839,#16426,#16841,.T.);
#16839=VERTEX_POINT('NONE',#16840);
#16840=CARTESIAN_POINT('',(2.77,0.39,1.949712991));
#16841=LINE('',#16842,#16843);
#16842=CARTESIAN_POINT('',(2.77,0.39,4.649712991));
#16843=VECTOR('',#16844,1.0);
#16844=DIRECTION('',(9.637352644E-16,0.0,1.0));
#16845=ORIENTED_EDGE('',*,*,#16425,.F.);
#16846=ORIENTED_EDGE('',*,*,#16847,.T.);
#16847=EDGE_CURVE('NONE',#16418,#16848,#16850,.F.);
#16848=VERTEX_POINT('NONE',#16849);
#16849=CARTESIAN_POINT('',(4.85,0.39,1.949712991));
#16850=LINE('',#16851,#16852);
#16851=CARTESIAN_POINT('',(4.85,0.39,4.649712991));
#16852=VECTOR('',#16853,1.0);
#16853=DIRECTION('',(9.637352644E-16,0.0,1.0));
#16854=ORIENTED_EDGE('',*,*,#16855,.T.);
#16855=EDGE_CURVE('NONE',#16848,#16839,#16856,.T.);
#16856=LINE('',#16857,#16858);
#16857=CARTESIAN_POINT('',(4.85,0.39,1.949712991));
#16858=VECTOR('',#16859,1.0);
#16859=DIRECTION('',(-1.0,-1.104919411E-16,6.652489415E-16));
#16860=FACE_BOUND('NONE',#16861,.T.);
#16861=EDGE_LOOP('',(#16862,#16872,#16880,#16888));
#16862=ORIENTED_EDGE('',*,*,#16863,.T.);
#16863=EDGE_CURVE('NONE',#16864,#16866,#16868,.F.);
#16864=VERTEX_POINT('NONE',#16865);
#16865=CARTESIAN_POINT('',(4.36,0.39,2.547150035));
#16866=VERTEX_POINT('NONE',#16867);
#16867=CARTESIAN_POINT('',(4.36,0.39,3.647150035));
#16868=LINE('',#16869,#16870);
#16869=CARTESIAN_POINT('',(4.36,0.39,3.647150035));
#16870=VECTOR('',#16871,1.0);
#16871=DIRECTION('',(0.0,0.0,-1.0));
#16872=ORIENTED_EDGE('',*,*,#16873,.T.);
#16873=EDGE_CURVE('NONE',#16866,#16874,#16876,.F.);
#16874=VERTEX_POINT('NONE',#16875);
#16875=CARTESIAN_POINT('',(3.26,0.39,3.647150035));
#16876=LINE('',#16877,#16878);
#16877=CARTESIAN_POINT('',(3.26,0.39,3.647150035));
#16878=VECTOR('',#16879,1.0);
#16879=DIRECTION('',(1.0,9.856383386E-17,0.0));
#16880=ORIENTED_EDGE('',*,*,#16881,.T.);
#16881=EDGE_CURVE('NONE',#16874,#16882,#16884,.F.);
#16882=VERTEX_POINT('NONE',#16883);
#16883=CARTESIAN_POINT('',(3.26,0.39,2.547150035));
#16884=LINE('',#16885,#16886);
#16885=CARTESIAN_POINT('',(3.26,0.39,3.647150035));
#16886=VECTOR('',#16887,1.0);
#16887=DIRECTION('',(0.0,0.0,1.0));
#16888=ORIENTED_EDGE('',*,*,#16889,.T.);
#16889=EDGE_CURVE('NONE',#16882,#16864,#16890,.F.);
#16890=LINE('',#16891,#16892);
#16891=CARTESIAN_POINT('',(3.26,0.39,2.547150035));
#16892=VECTOR('',#16893,1.0);
#16893=DIRECTION('',(-1.0,-9.856383386E-17,0.0));
#16894=PLANE('',#16895);
#16895=AXIS2_PLACEMENT_3D('',#16896,#16897,#16898);
#16896=CARTESIAN_POINT('',(4.85,0.39,4.649712991));
#16897=DIRECTION('',(1.104919411E-16,-1.0,-1.064849801E-31));
#16898=DIRECTION('',(1.0,1.104919411E-16,0.0));
#16899=ADVANCED_FACE('NONE',(#16900),#16934,.F.);
#16900=FACE_BOUND('NONE',#16901,.T.);
#16901=EDGE_LOOP('',(#16902,#16912,#16920,#16928));
#16902=ORIENTED_EDGE('',*,*,#16903,.T.);
#16903=EDGE_CURVE('NONE',#16904,#16906,#16908,.T.);
#16904=VERTEX_POINT('NONE',#16905);
#16905=CARTESIAN_POINT('',(2.77,-3.58,5.149712991));
#16906=VERTEX_POINT('NONE',#16907);
#16907=CARTESIAN_POINT('',(2.77,-3.58,1.949712991));
#16908=LINE('',#16909,#16910);
#16909=CARTESIAN_POINT('',(2.77,-3.58,4.649712991));
#16910=VECTOR('',#16911,1.0);
#16911=DIRECTION('',(-6.424901763E-16,0.0,-1.0));
#16912=ORIENTED_EDGE('',*,*,#16913,.T.);
#16913=EDGE_CURVE('NONE',#16906,#16914,#16916,.F.);
#16914=VERTEX_POINT('NONE',#16915);
#16915=CARTESIAN_POINT('',(4.85,-3.58,1.949712991));
#16916=LINE('',#16917,#16918);
#16917=CARTESIAN_POINT('',(4.85,-3.58,1.949712991));
#16918=VECTOR('',#16919,1.0);
#16919=DIRECTION('',(-1.0,-1.104919411E-16,6.652489415E-16));
#16920=ORIENTED_EDGE('',*,*,#16921,.T.);
#16921=EDGE_CURVE('NONE',#16914,#16922,#16924,.F.);
#16922=VERTEX_POINT('NONE',#16923);
#16923=CARTESIAN_POINT('',(4.85,-3.58,5.149712991));
#16924=LINE('',#16925,#16926);
#16925=CARTESIAN_POINT('',(4.85,-3.58,4.649712991));
#16926=VECTOR('',#16927,1.0);
#16927=DIRECTION('',(-6.424901763E-16,0.0,-1.0));
#16928=ORIENTED_EDGE('',*,*,#16929,.T.);
#16929=EDGE_CURVE('NONE',#16922,#16904,#16930,.F.);
#16930=LINE('',#16931,#16932);
#16931=CARTESIAN_POINT('',(4.85,-3.58,5.149712991));
#16932=VECTOR('',#16933,1.0);
#16933=DIRECTION('',(1.0,0.0,0.0));
#16934=PLANE('',#16935);
#16935=AXIS2_PLACEMENT_3D('',#16936,#16937,#16938);
#16936=CARTESIAN_POINT('',(4.85,-3.58,4.649712991));
#16937=DIRECTION('',(-1.104919411E-16,1.0,7.098998674E-32));
#16938=DIRECTION('',(-1.0,-1.104919411E-16,0.0));
#16939=ADVANCED_FACE('NONE',(#16940,#16956),#16972,.F.);
#16940=FACE_BOUND('NONE',#16941,.T.);
#16941=EDGE_LOOP('',(#16942,#16948,#16949,#16955));
#16942=ORIENTED_EDGE('',*,*,#16943,.T.);
#16943=EDGE_CURVE('NONE',#16735,#16665,#16944,.F.);
#16944=LINE('',#16945,#16946);
#16945=CARTESIAN_POINT('',(4.36,-0.996532275,1.949712991));
#16946=VECTOR('',#16947,1.0);
#16947=DIRECTION('',(-1.0,-1.104919411E-16,6.652489415E-16));
#16948=ORIENTED_EDGE('',*,*,#16664,.F.);
#16949=ORIENTED_EDGE('',*,*,#16950,.T.);
#16950=EDGE_CURVE('NONE',#16657,#16743,#16951,.T.);
#16951=LINE('',#16952,#16953);
#16952=CARTESIAN_POINT('',(4.36,-0.496532275,1.949712991));
#16953=VECTOR('',#16954,1.0);
#16954=DIRECTION('',(-1.0,-1.104919411E-16,6.652489415E-16));
#16955=ORIENTED_EDGE('',*,*,#16742,.F.);
#16956=FACE_BOUND('NONE',#16957,.T.);
#16957=EDGE_LOOP('',(#16958,#16964,#16965,#16971));
#16958=ORIENTED_EDGE('',*,*,#16959,.T.);
#16959=EDGE_CURVE('NONE',#16906,#16839,#16960,.T.);
#16960=LINE('',#16961,#16962);
#16961=CARTESIAN_POINT('',(2.77,-3.58,1.949712991));
#16962=VECTOR('',#16963,1.0);
#16963=DIRECTION('',(-2.184790272E-16,1.0,0.0));
#16964=ORIENTED_EDGE('',*,*,#16855,.F.);
#16965=ORIENTED_EDGE('',*,*,#16966,.T.);
#16966=EDGE_CURVE('NONE',#16848,#16914,#16967,.F.);
#16967=LINE('',#16968,#16969);
#16968=CARTESIAN_POINT('',(4.85,-3.58,1.949712991));
#16969=VECTOR('',#16970,1.0);
#16970=DIRECTION('',(-2.184790272E-16,1.0,0.0));
#16971=ORIENTED_EDGE('',*,*,#16913,.F.);
#16972=PLANE('',#16973);
#16973=AXIS2_PLACEMENT_3D('',#16974,#16975,#16976);
#16974=CARTESIAN_POINT('',(4.85,-3.58,1.949712991));
#16975=DIRECTION('',(6.652489415E-16,1.453429416E-31,1.0));
#16976=DIRECTION('',(1.0,0.0,-6.652489415E-16));
#16977=ADVANCED_FACE('NONE',(#16978),#16998,.F.);
#16978=FACE_BOUND('NONE',#16979,.T.);
#16979=EDGE_LOOP('',(#16980,#16981,#16989,#16995,#16996,#16997));
#16980=ORIENTED_EDGE('',*,*,#16417,.F.);
#16981=ORIENTED_EDGE('',*,*,#16982,.T.);
#16982=EDGE_CURVE('NONE',#16410,#16983,#16985,.F.);
#16983=VERTEX_POINT('NONE',#16984);
#16984=CARTESIAN_POINT('',(4.85,-3.25,5.149712991));
#16985=LINE('',#16986,#16987);
#16986=CARTESIAN_POINT('',(4.85,-3.25,5.149712991));
#16987=VECTOR('',#16988,1.0);
#16988=DIRECTION('',(0.0,0.0,-1.0));
#16989=ORIENTED_EDGE('',*,*,#16990,.T.);
#16990=EDGE_CURVE('NONE',#16983,#16922,#16991,.F.);
#16991=LINE('',#16992,#16993);
#16992=CARTESIAN_POINT('',(4.85,-3.58,5.149712991));
#16993=VECTOR('',#16994,1.0);
#16994=DIRECTION('',(0.0,1.0,0.0));
#16995=ORIENTED_EDGE('',*,*,#16921,.F.);
#16996=ORIENTED_EDGE('',*,*,#16966,.F.);
#16997=ORIENTED_EDGE('',*,*,#16847,.F.);
#16998=PLANE('',#16999);
#16999=AXIS2_PLACEMENT_3D('',#17000,#17001,#17002);
#17000=CARTESIAN_POINT('',(4.85,1.149116188E-16,5.42786003E-15));
#17001=DIRECTION('',(-1.0,0.0,9.637352644E-16));
#17002=DIRECTION('',(9.637352644E-16,0.0,1.0));
#17003=ADVANCED_FACE('NONE',(#17004),#17024,.T.);
#17004=FACE_BOUND('NONE',#17005,.T.);
#17005=EDGE_LOOP('',(#17006,#17007,#17008,#17009,#17010,#17018));
#17006=ORIENTED_EDGE('',*,*,#16433,.F.);
#17007=ORIENTED_EDGE('',*,*,#16838,.F.);
#17008=ORIENTED_EDGE('',*,*,#16959,.F.);
#17009=ORIENTED_EDGE('',*,*,#16903,.F.);
#17010=ORIENTED_EDGE('',*,*,#17011,.T.);
#17011=EDGE_CURVE('NONE',#16904,#17012,#17014,.F.);
#17012=VERTEX_POINT('NONE',#17013);
#17013=CARTESIAN_POINT('',(2.77,-3.25,5.149712991));
#17014=LINE('',#17015,#17016);
#17015=CARTESIAN_POINT('',(2.77,-3.58,5.149712991));
#17016=VECTOR('',#17017,1.0);
#17017=DIRECTION('',(0.0,-1.0,0.0));
#17018=ORIENTED_EDGE('',*,*,#17019,.T.);
#17019=EDGE_CURVE('NONE',#17012,#16408,#17020,.T.);
#17020=LINE('',#17021,#17022);
#17021=CARTESIAN_POINT('',(2.77,-3.25,5.149712991));
#17022=VECTOR('',#17023,1.0);
#17023=DIRECTION('',(0.0,0.0,-1.0));
#17024=PLANE('',#17025);
#17025=AXIS2_PLACEMENT_3D('',#17026,#17027,#17028);
#17026=CARTESIAN_POINT('',(2.77,-1.149116188E-16,6.811577828E-15));
#17027=DIRECTION('',(-1.0,0.0,9.637352644E-16));
#17028=DIRECTION('',(9.637352644E-16,0.0,1.0));
#17029=ADVANCED_FACE('NONE',(#17030),#17055,.F.);
#17030=FACE_BOUND('NONE',#17031,.T.);
#17031=EDGE_LOOP('',(#17032,#17033,#17041,#17049));
#17032=ORIENTED_EDGE('',*,*,#16863,.F.);
#17033=ORIENTED_EDGE('',*,*,#17034,.T.);
#17034=EDGE_CURVE('NONE',#16864,#17035,#17037,.F.);
#17035=VERTEX_POINT('NONE',#17036);
#17036=CARTESIAN_POINT('',(4.36,1.29,2.547150035));
#17037=LINE('',#17038,#17039);
#17038=CARTESIAN_POINT('',(4.36,1.29,2.547150035));
#17039=VECTOR('',#17040,1.0);
#17040=DIRECTION('',(1.104919411E-16,-1.0,-8.471987687E-32));
#17041=ORIENTED_EDGE('',*,*,#17042,.T.);
#17042=EDGE_CURVE('NONE',#17035,#17043,#17045,.F.);
#17043=VERTEX_POINT('NONE',#17044);
#17044=CARTESIAN_POINT('',(4.36,1.29,3.647150035));
#17045=LINE('',#17046,#17047);
#17046=CARTESIAN_POINT('',(4.36,1.29,3.647150035));
#17047=VECTOR('',#17048,1.0);
#17048=DIRECTION('',(0.0,0.0,-1.0));
#17049=ORIENTED_EDGE('',*,*,#17050,.T.);
#17050=EDGE_CURVE('NONE',#17043,#16866,#17051,.T.);
#17051=LINE('',#17052,#17053);
#17052=CARTESIAN_POINT('',(4.36,1.29,3.647150035));
#17053=VECTOR('',#17054,1.0);
#17054=DIRECTION('',(1.104919411E-16,-1.0,-8.471987687E-32));
#17055=PLANE('',#17056);
#17056=AXIS2_PLACEMENT_3D('',#17057,#17058,#17059);
#17057=CARTESIAN_POINT('',(4.36,1.29,3.647150035));
#17058=DIRECTION('',(-1.0,-1.104919411E-16,0.0));
#17059=DIRECTION('',(1.104919411E-16,-1.0,0.0));
#17060=ADVANCED_FACE('NONE',(#17061),#17079,.F.);
#17061=FACE_BOUND('NONE',#17062,.T.);
#17062=EDGE_LOOP('',(#17063,#17064,#17072,#17078));
#17063=ORIENTED_EDGE('',*,*,#16889,.F.);
#17064=ORIENTED_EDGE('',*,*,#17065,.T.);
#17065=EDGE_CURVE('NONE',#16882,#17066,#17068,.F.);
#17066=VERTEX_POINT('NONE',#17067);
#17067=CARTESIAN_POINT('',(3.26,1.29,2.547150035));
#17068=LINE('',#17069,#17070);
#17069=CARTESIAN_POINT('',(3.26,1.29,2.547150035));
#17070=VECTOR('',#17071,1.0);
#17071=DIRECTION('',(1.104919411E-16,-1.0,-8.471987687E-32));
#17072=ORIENTED_EDGE('',*,*,#17073,.T.);
#17073=EDGE_CURVE('NONE',#17066,#17035,#17074,.F.);
#17074=LINE('',#17075,#17076);
#17075=CARTESIAN_POINT('',(3.26,1.29,2.547150035));
#17076=VECTOR('',#17077,1.0);
#17077=DIRECTION('',(-1.0,-9.856383386E-17,0.0));
#17078=ORIENTED_EDGE('',*,*,#17034,.F.);
#17079=PLANE('',#17080);
#17080=AXIS2_PLACEMENT_3D('',#17081,#17082,#17083);
#17081=CARTESIAN_POINT('',(3.26,1.29,2.547150035));
#17082=DIRECTION('',(8.350315868E-48,-8.471987687E-32,1.0));
#17083=DIRECTION('',(0.0,-1.0,-8.471987687E-32));
#17084=ADVANCED_FACE('NONE',(#17085),#17103,.F.);
#17085=FACE_BOUND('NONE',#17086,.T.);
#17086=EDGE_LOOP('',(#17087,#17088,#17096,#17102));
#17087=ORIENTED_EDGE('',*,*,#16881,.F.);
#17088=ORIENTED_EDGE('',*,*,#17089,.T.);
#17089=EDGE_CURVE('NONE',#16874,#17090,#17092,.F.);
#17090=VERTEX_POINT('NONE',#17091);
#17091=CARTESIAN_POINT('',(3.26,1.29,3.647150035));
#17092=LINE('',#17093,#17094);
#17093=CARTESIAN_POINT('',(3.26,1.29,3.647150035));
#17094=VECTOR('',#17095,1.0);
#17095=DIRECTION('',(1.104919411E-16,-1.0,-8.471987687E-32));
#17096=ORIENTED_EDGE('',*,*,#17097,.T.);
#17097=EDGE_CURVE('NONE',#17090,#17066,#17098,.F.);
#17098=LINE('',#17099,#17100);
#17099=CARTESIAN_POINT('',(3.26,1.29,3.647150035));
#17100=VECTOR('',#17101,1.0);
#17101=DIRECTION('',(0.0,0.0,1.0));
#17102=ORIENTED_EDGE('',*,*,#17065,.F.);
#17103=PLANE('',#17104);
#17104=AXIS2_PLACEMENT_3D('',#17105,#17106,#17107);
#17105=CARTESIAN_POINT('',(3.26,1.29,3.647150035));
#17106=DIRECTION('',(1.0,1.104919411E-16,0.0));
#17107=DIRECTION('',(-1.104919411E-16,1.0,0.0));
#17108=ADVANCED_FACE('NONE',(#17109),#17120,.F.);
#17109=FACE_BOUND('NONE',#17110,.T.);
#17110=EDGE_LOOP('',(#17111,#17112,#17113,#17119));
#17111=ORIENTED_EDGE('',*,*,#16873,.F.);
#17112=ORIENTED_EDGE('',*,*,#17050,.F.);
#17113=ORIENTED_EDGE('',*,*,#17114,.T.);
#17114=EDGE_CURVE('NONE',#17043,#17090,#17115,.F.);
#17115=LINE('',#17116,#17117);
#17116=CARTESIAN_POINT('',(3.26,1.29,3.647150035));
#17117=VECTOR('',#17118,1.0);
#17118=DIRECTION('',(1.0,9.856383386E-17,0.0));
#17119=ORIENTED_EDGE('',*,*,#17089,.F.);
#17120=PLANE('',#17121);
#17121=AXIS2_PLACEMENT_3D('',#17122,#17123,#17124);
#17122=CARTESIAN_POINT('',(3.26,1.29,3.647150035));
#17123=DIRECTION('',(-8.350315868E-48,8.471987687E-32,-1.0));
#17124=DIRECTION('',(0.0,1.0,8.471987687E-32));
#17125=ADVANCED_FACE('NONE',(#17126,#17136),#17142,.F.);
#17126=FACE_BOUND('NONE',#17127,.T.);
#17127=EDGE_LOOP('',(#17128,#17135));
#17128=ORIENTED_EDGE('',*,*,#17129,.T.);
#17129=EDGE_CURVE('NONE',#16263,#16271,#17130,.F.);
#17130=CIRCLE('',#17131,0.535);
#17131=AXIS2_PLACEMENT_3D('',#17132,#17133,#17134);
#17132=CARTESIAN_POINT('',(3.81,1.29,3.097150035));
#17133=DIRECTION('',(-9.856383386E-17,1.0,0.0));
#17134=DIRECTION('',(-1.0,-9.856383386E-17,0.0));
#17135=ORIENTED_EDGE('',*,*,#16270,.F.);
#17136=FACE_BOUND('NONE',#17137,.T.);
#17137=EDGE_LOOP('',(#17138,#17139,#17140,#17141));
#17138=ORIENTED_EDGE('',*,*,#17042,.F.);
#17139=ORIENTED_EDGE('',*,*,#17073,.F.);
#17140=ORIENTED_EDGE('',*,*,#17097,.F.);
#17141=ORIENTED_EDGE('',*,*,#17114,.F.);
#17142=PLANE('',#17143);
#17143=AXIS2_PLACEMENT_3D('',#17144,#17145,#17146);
#17144=CARTESIAN_POINT('',(10.16,1.29,7.624788918E-32));
#17145=DIRECTION('',(9.856383386E-17,-1.0,0.0));
#17146=DIRECTION('',(1.0,9.856383386E-17,0.0));
#17147=ADVANCED_FACE('NONE',(#17148),#17163,.T.);
#17148=FACE_BOUND('NONE',#17149,.T.);
#17149=EDGE_LOOP('',(#17150,#17151,#17152,#17161,#17162));
#17150=ORIENTED_EDGE('',*,*,#16262,.F.);
#17151=ORIENTED_EDGE('',*,*,#16233,.F.);
#17152=ORIENTED_EDGE('',*,*,#17153,.T.);
#17153=EDGE_CURVE('NONE',#16226,#16251,#17154,.T.);
#17154=B_SPLINE_CURVE_WITH_KNOTS('',3,(#17155,#17156,#17157,#17158,#17159,#17160),.UNSPECIFIED.,.F.,.U.,(4,2,4),(5.062863522E-04,9.243922866E-04,0.001342498),.UNSPECIFIED.);
#17155=CARTESIAN_POINT('',(3.81,2.599541489,2.562150035));
#17156=CARTESIAN_POINT('',(3.950171879,2.599541489,2.562150035));
#17157=CARTESIAN_POINT('',(4.089247432,2.599566155,2.619710978));
#17158=CARTESIAN_POINT('',(4.287670439,2.599651253,2.818298581));
#17159=CARTESIAN_POINT('',(4.345,2.599711021,2.95777583));
#17160=CARTESIAN_POINT('',(4.345,2.599770745,3.097150035));
#17161=ORIENTED_EDGE('',*,*,#16279,.F.);
#17162=ORIENTED_EDGE('',*,*,#17129,.F.);
#17163=CYLINDRICAL_SURFACE('',#17164,0.535);
#17164=AXIS2_PLACEMENT_3D('',#17165,#17166,#17167);
#17165=CARTESIAN_POINT('',(3.81,4.251,3.097150035));
#17166=DIRECTION('',(9.856383386E-17,-1.0,0.0));
#17167=DIRECTION('',(1.0,9.856383386E-17,0.0));
#17168=ADVANCED_FACE('NONE',(#17169),#17189,.F.);
#17169=FACE_BOUND('NONE',#17170,.T.);
#17170=EDGE_LOOP('',(#17171,#17172,#17173,#17174,#17175,#17188));
#17171=ORIENTED_EDGE('',*,*,#16207,.F.);
#17172=ORIENTED_EDGE('',*,*,#16250,.F.);
#17173=ORIENTED_EDGE('',*,*,#17153,.F.);
#17174=ORIENTED_EDGE('',*,*,#16225,.F.);
#17175=ORIENTED_EDGE('',*,*,#17176,.T.);
#17176=EDGE_CURVE('NONE',#16215,#16104,#17177,.F.);
#17177=B_SPLINE_CURVE_WITH_KNOTS('',3,(#17178,#17179,#17180,#17181,#17182,#17183,#17184,#17185,#17186,#17187),.UNSPECIFIED.,.F.,.U.,(4,2,2,2,4),(0.003743817,0.004134804,0.004525791,0.004916778,0.005307765),.UNSPECIFIED.);
#17178=CARTESIAN_POINT('',(4.81,2.599571453,3.097150035));
#17179=CARTESIAN_POINT('',(4.81,2.599515211,2.965911042));
#17180=CARTESIAN_POINT('',(4.783820639,2.599459108,2.834994952));
#17181=CARTESIAN_POINT('',(4.683848323,2.59935571,2.593720761));
#17182=CARTESIAN_POINT('',(4.609238727,2.599307904,2.482167126));
#17183=CARTESIAN_POINT('',(4.424912871,2.599228919,2.297857421));
#17184=CARTESIAN_POINT('',(4.313276564,2.599196937,2.223229135));
#17185=CARTESIAN_POINT('',(4.072186078,2.599154135,2.123351545));
#17186=CARTESIAN_POINT('',(3.941030149,2.599142907,2.097150035));
#17187=CARTESIAN_POINT('',(3.81,2.599142907,2.097150035));
#17188=ORIENTED_EDGE('',*,*,#16101,.F.);
#17189=CONICAL_SURFACE('',#17190,1.024292743,1.570367743);
#17190=AXIS2_PLACEMENT_3D('',#17191,#17192,#17193);
#17191=CARTESIAN_POINT('',(3.81,2.599561005,3.097064392));
#17192=DIRECTION('',(0.0,-0.999999908,4.285833644E-04));
#17193=DIRECTION('',(0.0,-4.285833644E-04,-0.999999908));
#17194=ADVANCED_FACE('NONE',(#17195),#17214,.T.);
#17195=FACE_BOUND('NONE',#17196,.T.);
#17196=EDGE_LOOP('',(#17197,#17207));
#17197=ORIENTED_EDGE('',*,*,#17198,.T.);
#17198=EDGE_CURVE('NONE',#17199,#17201,#17203,.F.);
#17199=VERTEX_POINT('NONE',#17200);
#17200=CARTESIAN_POINT('',(2.835641237,3.45,2.872150035));
#17201=VERTEX_POINT('NONE',#17202);
#17202=CARTESIAN_POINT('',(4.784358763,3.45,2.872150035));
#17203=LINE('',#17204,#17205);
#17204=CARTESIAN_POINT('',(2.81,3.45,2.872150035));
#17205=VECTOR('',#17206,1.0);
#17206=DIRECTION('',(-1.0,-2.168404345E-16,0.0));
#17207=ORIENTED_EDGE('',*,*,#17208,.T.);
#17208=EDGE_CURVE('NONE',#17201,#17199,#17209,.T.);
#17209=CIRCLE('',#17210,1.0);
#17210=AXIS2_PLACEMENT_3D('',#17211,#17212,#17213);
#17211=CARTESIAN_POINT('',(3.81,3.45,3.097150035));
#17212=DIRECTION('',(-1.104919411E-16,1.0,0.0));
#17213=DIRECTION('',(-1.0,-1.104919411E-16,0.0));
#17214=PLANE('',#17215);
#17215=AXIS2_PLACEMENT_3D('',#17216,#17217,#17218);
#17216=CARTESIAN_POINT('',(3.81,3.45,3.097150035));
#17217=DIRECTION('',(-1.104919411E-16,1.0,0.0));
#17218=DIRECTION('',(-1.0,-1.104919411E-16,0.0));
#17219=ADVANCED_FACE('NONE',(#17220),#17257,.T.);
#17220=FACE_BOUND('NONE',#17221,.T.);
#17221=EDGE_LOOP('',(#17222,#17223,#17224,#17225,#17226,#17235,#17241,#17242,#17250));
#17222=ORIENTED_EDGE('',*,*,#16116,.F.);
#17223=ORIENTED_EDGE('',*,*,#17176,.F.);
#17224=ORIENTED_EDGE('',*,*,#16214,.F.);
#17225=ORIENTED_EDGE('',*,*,#16167,.F.);
#17226=ORIENTED_EDGE('',*,*,#17227,.T.);
#17227=EDGE_CURVE('NONE',#16159,#17228,#17230,.F.);
#17228=VERTEX_POINT('NONE',#17229);
#17229=CARTESIAN_POINT('',(2.835641237,3.15,2.872150035));
#17230=CIRCLE('',#17231,1.0);
#17231=AXIS2_PLACEMENT_3D('',#17232,#17233,#17234);
#17232=CARTESIAN_POINT('',(3.81,3.15,3.097150035));
#17233=DIRECTION('',(-2.168404345E-16,1.0,0.0));
#17234=DIRECTION('',(1.0,2.168404345E-16,6.071532166E-15));
#17235=ORIENTED_EDGE('',*,*,#17236,.T.);
#17236=EDGE_CURVE('NONE',#17228,#17199,#17237,.F.);
#17237=LINE('',#17238,#17239);
#17238=CARTESIAN_POINT('',(2.835641237,-4.251,2.872150035));
#17239=VECTOR('',#17240,1.0);
#17240=DIRECTION('',(1.104919411E-16,-1.0,0.0));
#17241=ORIENTED_EDGE('',*,*,#17208,.F.);
#17242=ORIENTED_EDGE('',*,*,#17243,.T.);
#17243=EDGE_CURVE('NONE',#17201,#17244,#17246,.F.);
#17244=VERTEX_POINT('NONE',#17245);
#17245=CARTESIAN_POINT('',(4.784358763,3.15,2.872150035));
#17246=LINE('',#17247,#17248);
#17247=CARTESIAN_POINT('',(4.784358763,-4.251,2.872150035));
#17248=VECTOR('',#17249,1.0);
#17249=DIRECTION('',(-1.104919411E-16,1.0,0.0));
#17250=ORIENTED_EDGE('',*,*,#17251,.T.);
#17251=EDGE_CURVE('NONE',#17244,#16117,#17252,.F.);
#17252=CIRCLE('',#17253,1.0);
#17253=AXIS2_PLACEMENT_3D('',#17254,#17255,#17256);
#17254=CARTESIAN_POINT('',(3.81,3.15,3.097150035));
#17255=DIRECTION('',(-2.168404345E-16,1.0,0.0));
#17256=DIRECTION('',(1.0,2.168404345E-16,0.0));
#17257=CYLINDRICAL_SURFACE('',#17258,1.0);
#17258=AXIS2_PLACEMENT_3D('',#17259,#17260,#17261);
#17259=CARTESIAN_POINT('',(3.81,-4.251,3.097150035));
#17260=DIRECTION('',(-1.104919411E-16,1.0,0.0));
#17261=DIRECTION('',(-1.0,-1.104919411E-16,0.0));
#17262=ADVANCED_FACE('NONE',(#17263),#17274,.F.);
#17263=FACE_BOUND('NONE',#17264,.T.);
#17264=EDGE_LOOP('',(#17265,#17266,#17272,#17273));
#17265=ORIENTED_EDGE('',*,*,#16133,.F.);
#17266=ORIENTED_EDGE('',*,*,#17267,.T.);
#17267=EDGE_CURVE('NONE',#16125,#16151,#17268,.F.);
#17268=LINE('',#17269,#17270);
#17269=CARTESIAN_POINT('',(2.81,3.15,3.322150035));
#17270=VECTOR('',#17271,1.0);
#17271=DIRECTION('',(1.0,2.168404345E-16,0.0));
#17272=ORIENTED_EDGE('',*,*,#16150,.F.);
#17273=ORIENTED_EDGE('',*,*,#16823,.F.);
#17274=PLANE('',#17275);
#17275=AXIS2_PLACEMENT_3D('',#17276,#17277,#17278);
#17276=CARTESIAN_POINT('',(2.81,3.15,3.322150035));
#17277=DIRECTION('',(0.0,0.0,1.0));
#17278=DIRECTION('',(1.0,0.0,0.0));
#17279=ADVANCED_FACE('NONE',(#17280),#17291,.F.);
#17280=FACE_BOUND('NONE',#17281,.T.);
#17281=EDGE_LOOP('',(#17282,#17283,#17289,#17290));
#17282=ORIENTED_EDGE('',*,*,#17236,.F.);
#17283=ORIENTED_EDGE('',*,*,#17284,.T.);
#17284=EDGE_CURVE('NONE',#17228,#17244,#17285,.F.);
#17285=LINE('',#17286,#17287);
#17286=CARTESIAN_POINT('',(2.81,3.15,2.872150035));
#17287=VECTOR('',#17288,1.0);
#17288=DIRECTION('',(-1.0,-2.168404345E-16,0.0));
#17289=ORIENTED_EDGE('',*,*,#17243,.F.);
#17290=ORIENTED_EDGE('',*,*,#17198,.F.);
#17291=PLANE('',#17292);
#17292=AXIS2_PLACEMENT_3D('',#17293,#17294,#17295);
#17293=CARTESIAN_POINT('',(2.81,3.15,2.872150035));
#17294=DIRECTION('',(0.0,0.0,-1.0));
#17295=DIRECTION('',(-1.0,0.0,0.0));
#17296=ADVANCED_FACE('NONE',(#17297),#17305,.F.);
#17297=FACE_BOUND('NONE',#17298,.T.);
#17298=EDGE_LOOP('',(#17299,#17300,#17301,#17302,#17303,#17304));
#17299=ORIENTED_EDGE('',*,*,#17284,.F.);
#17300=ORIENTED_EDGE('',*,*,#17227,.F.);
#17301=ORIENTED_EDGE('',*,*,#16158,.F.);
#17302=ORIENTED_EDGE('',*,*,#17267,.F.);
#17303=ORIENTED_EDGE('',*,*,#16124,.F.);
#17304=ORIENTED_EDGE('',*,*,#17251,.F.);
#17305=PLANE('',#17306);
#17306=AXIS2_PLACEMENT_3D('',#17307,#17308,#17309);
#17307=CARTESIAN_POINT('',(10.16,3.15,0.0));
#17308=DIRECTION('',(2.168404345E-16,-1.0,0.0));
#17309=DIRECTION('',(1.0,2.168404345E-16,0.0));
#17310=ADVANCED_FACE('NONE',(#17311),#17322,.F.);
#17311=FACE_BOUND('NONE',#17312,.T.);
#17312=EDGE_LOOP('',(#17313,#17314,#17320,#17321));
#17313=ORIENTED_EDGE('',*,*,#16734,.F.);
#17314=ORIENTED_EDGE('',*,*,#17315,.T.);
#17315=EDGE_CURVE('NONE',#16726,#16673,#17316,.F.);
#17316=LINE('',#17317,#17318);
#17317=CARTESIAN_POINT('',(4.36,-0.996532275,1.039712991));
#17318=VECTOR('',#17319,1.0);
#17319=DIRECTION('',(-1.0,-1.104919411E-16,6.652489415E-16));
#17320=ORIENTED_EDGE('',*,*,#16672,.F.);
#17321=ORIENTED_EDGE('',*,*,#16943,.F.);
#17322=PLANE('',#17323);
#17323=AXIS2_PLACEMENT_3D('',#17324,#17325,#17326);
#17324=CARTESIAN_POINT('',(4.36,-0.996532275,1.949712991));
#17325=DIRECTION('',(-1.104919411E-16,1.0,1.053148155E-31));
#17326=DIRECTION('',(-1.0,-1.104919411E-16,0.0));
#17327=ADVANCED_FACE('NONE',(#17328),#17334,.F.);
#17328=FACE_BOUND('NONE',#17329,.T.);
#17329=EDGE_LOOP('',(#17330,#17331,#17332,#17333));
#17330=ORIENTED_EDGE('',*,*,#16725,.F.);
#17331=ORIENTED_EDGE('',*,*,#16311,.F.);
#17332=ORIENTED_EDGE('',*,*,#16680,.F.);
#17333=ORIENTED_EDGE('',*,*,#17315,.F.);
#17334=CYLINDRICAL_SURFACE('',#17335,0.04);
#17335=AXIS2_PLACEMENT_3D('',#17336,#17337,#17338);
#17336=CARTESIAN_POINT('',(4.36,-1.036532275,1.039712991));
#17337=DIRECTION('',(-1.0,-1.104919411E-16,6.652489415E-16));
#17338=DIRECTION('',(6.652489415E-16,7.350464689E-32,1.0));
#17339=ADVANCED_FACE('NONE',(#17340),#17346,.T.);
#17340=FACE_BOUND('NONE',#17341,.T.);
#17341=EDGE_LOOP('',(#17342,#17343,#17344,#17345));
#17342=ORIENTED_EDGE('',*,*,#16807,.F.);
#17343=ORIENTED_EDGE('',*,*,#16481,.F.);
#17344=ORIENTED_EDGE('',*,*,#16598,.F.);
#17345=ORIENTED_EDGE('',*,*,#16351,.F.);
#17346=CYLINDRICAL_SURFACE('',#17347,0.54);
#17347=AXIS2_PLACEMENT_3D('',#17348,#17349,#17350);
#17348=CARTESIAN_POINT('',(4.36,-4.236532275,2.81));
#17349=DIRECTION('',(-1.0,-1.104919411E-16,6.652489415E-16));
#17350=DIRECTION('',(6.652489415E-16,7.350464689E-32,1.0));
#17351=ADVANCED_FACE('NONE',(#17352),#17363,.F.);
#17352=FACE_BOUND('NONE',#17353,.T.);
#17353=EDGE_LOOP('',(#17354,#17355,#17361,#17362));
#17354=ORIENTED_EDGE('',*,*,#16792,.F.);
#17355=ORIENTED_EDGE('',*,*,#17356,.T.);
#17356=EDGE_CURVE('NONE',#16785,#16614,#17357,.F.);
#17357=LINE('',#17358,#17359);
#17358=CARTESIAN_POINT('',(4.36,-4.196532275,2.81));
#17359=VECTOR('',#17360,1.0);
#17360=DIRECTION('',(-1.0,-1.104919411E-16,6.652489415E-16));
#17361=ORIENTED_EDGE('',*,*,#16613,.F.);
#17362=ORIENTED_EDGE('',*,*,#16550,.F.);
#17363=CYLINDRICAL_SURFACE('',#17364,0.04);
#17364=AXIS2_PLACEMENT_3D('',#17365,#17366,#17367);
#17365=CARTESIAN_POINT('',(4.36,-4.236532275,2.81));
#17366=DIRECTION('',(-1.0,-1.104919411E-16,6.652489415E-16));
#17367=DIRECTION('',(6.652489415E-16,7.350464689E-32,1.0));
#17368=ADVANCED_FACE('NONE',(#17369),#17380,.F.);
#17369=FACE_BOUND('NONE',#17370,.T.);
#17370=EDGE_LOOP('',(#17371,#17372,#17378,#17379));
#17371=ORIENTED_EDGE('',*,*,#16784,.F.);
#17372=ORIENTED_EDGE('',*,*,#17373,.T.);
#17373=EDGE_CURVE('NONE',#16776,#16623,#17374,.F.);
#17374=LINE('',#17375,#17376);
#17375=CARTESIAN_POINT('',(4.36,-4.196532275,1.039712991));
#17376=VECTOR('',#17377,1.0);
#17377=DIRECTION('',(-1.0,-1.104919411E-16,6.652489415E-16));
#17378=ORIENTED_EDGE('',*,*,#16622,.F.);
#17379=ORIENTED_EDGE('',*,*,#17356,.F.);
#17380=PLANE('',#17381);
#17381=AXIS2_PLACEMENT_3D('',#17382,#17383,#17384);
#17382=CARTESIAN_POINT('',(4.36,-4.196532275,1.039712991));
#17383=DIRECTION('',(-1.104919411E-16,1.0,1.082722538E-31));
#17384=DIRECTION('',(-1.0,-1.104919411E-16,0.0));
#17385=ADVANCED_FACE('NONE',(#17386),#17397,.T.);
#17386=FACE_BOUND('NONE',#17387,.T.);
#17387=EDGE_LOOP('',(#17388,#17389,#17395,#17396));
#17388=ORIENTED_EDGE('',*,*,#16775,.F.);
#17389=ORIENTED_EDGE('',*,*,#17390,.T.);
#17390=EDGE_CURVE('NONE',#16768,#16631,#17391,.F.);
#17391=LINE('',#17392,#17393);
#17392=CARTESIAN_POINT('',(4.36,-3.656532275,0.499712991));
#17393=VECTOR('',#17394,1.0);
#17394=DIRECTION('',(-1.0,-1.104919411E-16,6.652489415E-16));
#17395=ORIENTED_EDGE('',*,*,#16630,.F.);
#17396=ORIENTED_EDGE('',*,*,#17373,.F.);
#17397=CYLINDRICAL_SURFACE('',#17398,0.54);
#17398=AXIS2_PLACEMENT_3D('',#17399,#17400,#17401);
#17399=CARTESIAN_POINT('',(4.36,-3.656532275,1.039712991));
#17400=DIRECTION('',(-1.0,-1.104919411E-16,6.652489415E-16));
#17401=DIRECTION('',(6.652489415E-16,7.350464689E-32,1.0));
#17402=ADVANCED_FACE('NONE',(#17403),#17414,.F.);
#17403=FACE_BOUND('NONE',#17404,.T.);
#17404=EDGE_LOOP('',(#17405,#17406,#17412,#17413));
#17405=ORIENTED_EDGE('',*,*,#16767,.F.);
#17406=ORIENTED_EDGE('',*,*,#17407,.T.);
#17407=EDGE_CURVE('NONE',#16759,#16640,#17408,.F.);
#17408=LINE('',#17409,#17410);
#17409=CARTESIAN_POINT('',(4.36,-1.036532275,0.499712991));
#17410=VECTOR('',#17411,1.0);
#17411=DIRECTION('',(-1.0,-1.104919411E-16,6.652489415E-16));
#17412=ORIENTED_EDGE('',*,*,#16639,.F.);
#17413=ORIENTED_EDGE('',*,*,#17390,.F.);
#17414=PLANE('',#17415);
#17415=AXIS2_PLACEMENT_3D('',#17416,#17417,#17418);
#17416=CARTESIAN_POINT('',(4.36,-1.036532275,0.499712991));
#17417=DIRECTION('',(6.652489415E-16,0.0,1.0));
#17418=DIRECTION('',(1.0,0.0,-6.652489415E-16));
#17419=ADVANCED_FACE('NONE',(#17420),#17431,.T.);
#17420=FACE_BOUND('NONE',#17421,.T.);
#17421=EDGE_LOOP('',(#17422,#17423,#17429,#17430));
#17422=ORIENTED_EDGE('',*,*,#16758,.F.);
#17423=ORIENTED_EDGE('',*,*,#17424,.T.);
#17424=EDGE_CURVE('NONE',#16751,#16648,#17425,.F.);
#17425=LINE('',#17426,#17427);
#17426=CARTESIAN_POINT('',(4.36,-0.496532275,1.039712991));
#17427=VECTOR('',#17428,1.0);
#17428=DIRECTION('',(-1.0,-1.104919411E-16,6.652489415E-16));
#17429=ORIENTED_EDGE('',*,*,#16647,.F.);
#17430=ORIENTED_EDGE('',*,*,#17407,.F.);
#17431=CYLINDRICAL_SURFACE('',#17432,0.54);
#17432=AXIS2_PLACEMENT_3D('',#17433,#17434,#17435);
#17433=CARTESIAN_POINT('',(4.36,-1.036532275,1.039712991));
#17434=DIRECTION('',(-1.0,-1.104919411E-16,6.652489415E-16));
#17435=DIRECTION('',(6.652489415E-16,7.350464689E-32,1.0));
#17436=ADVANCED_FACE('NONE',(#17437),#17443,.F.);
#17437=FACE_BOUND('NONE',#17438,.T.);
#17438=EDGE_LOOP('',(#17439,#17440,#17441,#17442));
#17439=ORIENTED_EDGE('',*,*,#16750,.F.);
#17440=ORIENTED_EDGE('',*,*,#16950,.F.);
#17441=ORIENTED_EDGE('',*,*,#16656,.F.);
#17442=ORIENTED_EDGE('',*,*,#17424,.F.);
#17443=PLANE('',#17444);
#17444=AXIS2_PLACEMENT_3D('',#17445,#17446,#17447);
#17445=CARTESIAN_POINT('',(4.36,-0.496532275,1.949712991));
#17446=DIRECTION('',(1.104919411E-16,-1.0,-1.053148155E-31));
#17447=DIRECTION('',(1.0,1.104919411E-16,0.0));
#17448=ADVANCED_FACE('NONE',(#17449),#17455,.T.);
#17449=FACE_BOUND('NONE',#17450,.T.);
#17450=EDGE_LOOP('',(#17451,#17452,#17453,#17454));
#17451=ORIENTED_EDGE('',*,*,#16447,.F.);
#17452=ORIENTED_EDGE('',*,*,#16800,.F.);
#17453=ORIENTED_EDGE('',*,*,#16534,.F.);
#17454=ORIENTED_EDGE('',*,*,#16503,.F.);
#17455=PLANE('',#17456);
#17456=AXIS2_PLACEMENT_3D('',#17457,#17458,#17459);
#17457=CARTESIAN_POINT('',(3.26,-6.55,0.85));
#17458=DIRECTION('',(-0.96,-0.28,6.732004635E-16));
#17459=DIRECTION('',(0.28,-0.96,0.0));
#17460=ADVANCED_FACE('NONE',(#17461),#17467,.T.);
#17461=FACE_BOUND('NONE',#17462,.T.);
#17462=EDGE_LOOP('',(#17463,#17464,#17465,#17466));
#17463=ORIENTED_EDGE('',*,*,#16465,.F.);
#17464=ORIENTED_EDGE('',*,*,#16519,.F.);
#17465=ORIENTED_EDGE('',*,*,#16566,.F.);
#17466=ORIENTED_EDGE('',*,*,#16606,.F.);
#17467=PLANE('',#17468);
#17468=AXIS2_PLACEMENT_3D('',#17469,#17470,#17471);
#17469=CARTESIAN_POINT('',(4.36,-6.55,0.85));
#17470=DIRECTION('',(0.96,-0.28,-6.040775042E-16));
#17471=DIRECTION('',(0.28,0.96,0.0));
#17472=ADVANCED_FACE('NONE',(#17473),#17484,.F.);
#17473=FACE_BOUND('NONE',#17474,.T.);
#17474=EDGE_LOOP('',(#17475,#17476,#17477,#17483));
#17475=ORIENTED_EDGE('',*,*,#16407,.F.);
#17476=ORIENTED_EDGE('',*,*,#17019,.F.);
#17477=ORIENTED_EDGE('',*,*,#17478,.T.);
#17478=EDGE_CURVE('NONE',#17012,#16983,#17479,.F.);
#17479=LINE('',#17480,#17481);
#17480=CARTESIAN_POINT('',(4.85,-3.25,5.149712991));
#17481=VECTOR('',#17482,1.0);
#17482=DIRECTION('',(-1.0,-2.085004178E-16,0.0));
#17483=ORIENTED_EDGE('',*,*,#16982,.F.);
#17484=PLANE('',#17485);
#17485=AXIS2_PLACEMENT_3D('',#17486,#17487,#17488);
#17486=CARTESIAN_POINT('',(4.85,-3.25,5.149712991));
#17487=DIRECTION('',(2.085004178E-16,-1.0,0.0));
#17488=DIRECTION('',(1.0,2.085004178E-16,0.0));
#17489=ADVANCED_FACE('NONE',(#17490),#17496,.T.);
#17490=FACE_BOUND('NONE',#17491,.T.);
#17491=EDGE_LOOP('',(#17492,#17493,#17494,#17495));
#17492=ORIENTED_EDGE('',*,*,#16990,.F.);
#17493=ORIENTED_EDGE('',*,*,#17478,.F.);
#17494=ORIENTED_EDGE('',*,*,#17011,.F.);
#17495=ORIENTED_EDGE('',*,*,#16929,.F.);
#17496=PLANE('',#17497);
#17497=AXIS2_PLACEMENT_3D('',#17498,#17499,#17500);
#17498=CARTESIAN_POINT('',(10.16,0.0,5.149712991));
#17499=DIRECTION('',(0.0,0.0,1.0));
#17500=DIRECTION('',(1.0,0.0,0.0));
#17501=ADVANCED_FACE('NONE',(#17502),#17527,.F.);
#17502=FACE_BOUND('NONE',#17503,.T.);
#17503=EDGE_LOOP('',(#17504,#17512,#17513,#17521));
#17504=ORIENTED_EDGE('',*,*,#17505,.T.);
#17505=EDGE_CURVE('NONE',#17506,#16711,#17508,.T.);
#17506=VERTEX_POINT('NONE',#17507);
#17507=CARTESIAN_POINT('',(2.77,-3.25,0.9));
#17508=LINE('',#17509,#17510);
#17509=CARTESIAN_POINT('',(2.77,-3.25,0.9));
#17510=VECTOR('',#17511,1.0);
#17511=DIRECTION('',(1.0,0.0,1.042502089E-16));
#17512=ORIENTED_EDGE('',*,*,#16710,.F.);
#17513=ORIENTED_EDGE('',*,*,#17514,.T.);
#17514=EDGE_CURVE('NONE',#16703,#17515,#17517,.F.);
#17515=VERTEX_POINT('NONE',#17516);
#17516=CARTESIAN_POINT('',(2.77,-3.696532275,0.9));
#17517=LINE('',#17518,#17519);
#17518=CARTESIAN_POINT('',(2.77,-3.696532275,0.9));
#17519=VECTOR('',#17520,1.0);
#17520=DIRECTION('',(1.0,0.0,1.042502089E-16));
#17521=ORIENTED_EDGE('',*,*,#17522,.T.);
#17522=EDGE_CURVE('NONE',#17515,#17506,#17523,.T.);
#17523=LINE('',#17524,#17525);
#17524=CARTESIAN_POINT('',(2.77,-3.696532275,0.9));
#17525=VECTOR('',#17526,1.0);
#17526=DIRECTION('',(0.0,1.0,0.0));
#17527=PLANE('',#17528);
#17528=AXIS2_PLACEMENT_3D('',#17529,#17530,#17531);
#17529=CARTESIAN_POINT('',(2.77,-3.696532275,0.9));
#17530=DIRECTION('',(-1.042502089E-16,0.0,1.0));
#17531=DIRECTION('',(1.0,0.0,1.042502089E-16));
#17532=ADVANCED_FACE('NONE',(#17533),#17551,.T.);
#17533=FACE_BOUND('NONE',#17534,.T.);
#17534=EDGE_LOOP('',(#17535,#17536,#17544,#17550));
#17535=ORIENTED_EDGE('',*,*,#16702,.F.);
#17536=ORIENTED_EDGE('',*,*,#17537,.T.);
#17537=EDGE_CURVE('NONE',#16336,#17538,#17540,.T.);
#17538=VERTEX_POINT('NONE',#17539);
#17539=CARTESIAN_POINT('',(2.77,-3.696532275,1.549571274));
#17540=LINE('',#17541,#17542);
#17541=CARTESIAN_POINT('',(4.85,-3.696532275,1.549571274));
#17542=VECTOR('',#17543,1.0);
#17543=DIRECTION('',(-1.0,0.0,0.0));
#17544=ORIENTED_EDGE('',*,*,#17545,.T.);
#17545=EDGE_CURVE('NONE',#17538,#17515,#17546,.T.);
#17546=LINE('',#17547,#17548);
#17547=CARTESIAN_POINT('',(2.77,-3.696532275,1.549571274));
#17548=VECTOR('',#17549,1.0);
#17549=DIRECTION('',(-1.335283398E-15,0.0,-1.0));
#17550=ORIENTED_EDGE('',*,*,#17514,.F.);
#17551=PLANE('',#17552);
#17552=AXIS2_PLACEMENT_3D('',#17553,#17554,#17555);
#17553=CARTESIAN_POINT('',(10.16,-3.696532275,0.0));
#17554=DIRECTION('',(0.0,-1.0,0.0));
#17555=DIRECTION('',(0.0,0.0,-1.0));
#17556=ADVANCED_FACE('NONE',(#17557),#17582,.F.);
#17557=FACE_BOUND('NONE',#17558,.T.);
#17558=EDGE_LOOP('',(#17559,#17560,#17568,#17576));
#17559=ORIENTED_EDGE('',*,*,#16581,.F.);
#17560=ORIENTED_EDGE('',*,*,#17561,.T.);
#17561=EDGE_CURVE('NONE',#16582,#17562,#17564,.T.);
#17562=VERTEX_POINT('NONE',#17563);
#17563=CARTESIAN_POINT('',(4.85,-3.25,0.9));
#17564=LINE('',#17565,#17566);
#17565=CARTESIAN_POINT('',(2.77,-3.25,0.9));
#17566=VECTOR('',#17567,1.0);
#17567=DIRECTION('',(1.0,0.0,1.042502089E-16));
#17568=ORIENTED_EDGE('',*,*,#17569,.T.);
#17569=EDGE_CURVE('NONE',#17562,#17570,#17572,.F.);
#17570=VERTEX_POINT('NONE',#17571);
#17571=CARTESIAN_POINT('',(4.85,-3.696532275,0.9));
#17572=LINE('',#17573,#17574);
#17573=CARTESIAN_POINT('',(4.85,-3.696532275,0.9));
#17574=VECTOR('',#17575,1.0);
#17575=DIRECTION('',(0.0,1.0,0.0));
#17576=ORIENTED_EDGE('',*,*,#17577,.T.);
#17577=EDGE_CURVE('NONE',#17570,#16584,#17578,.F.);
#17578=LINE('',#17579,#17580);
#17579=CARTESIAN_POINT('',(2.77,-3.696532275,0.9));
#17580=VECTOR('',#17581,1.0);
#17581=DIRECTION('',(1.0,0.0,1.042502089E-16));
#17582=PLANE('',#17583);
#17583=AXIS2_PLACEMENT_3D('',#17584,#17585,#17586);
#17584=CARTESIAN_POINT('',(2.77,-3.696532275,0.9));
#17585=DIRECTION('',(-1.042502089E-16,0.0,1.0));
#17586=DIRECTION('',(1.0,0.0,1.042502089E-16));
#17587=ADVANCED_FACE('NONE',(#17588),#17613,.F.);
#17588=FACE_BOUND('NONE',#17589,.T.);
#17589=EDGE_LOOP('',(#17590,#17598,#17606,#17612));
#17590=ORIENTED_EDGE('',*,*,#17591,.T.);
#17591=EDGE_CURVE('NONE',#17562,#17592,#17594,.T.);
#17592=VERTEX_POINT('NONE',#17593);
#17593=CARTESIAN_POINT('',(4.85,-3.25,1.549571274));
#17594=LINE('',#17595,#17596);
#17595=CARTESIAN_POINT('',(4.85,-3.25,0.9));
#17596=VECTOR('',#17597,1.0);
#17597=DIRECTION('',(0.0,0.0,1.0));
#17598=ORIENTED_EDGE('',*,*,#17599,.T.);
#17599=EDGE_CURVE('NONE',#17592,#17600,#17602,.F.);
#17600=VERTEX_POINT('NONE',#17601);
#17601=CARTESIAN_POINT('',(4.85,-3.696532275,1.549571274));
#17602=LINE('',#17603,#17604);
#17603=CARTESIAN_POINT('',(4.85,-3.696532275,1.549571274));
#17604=VECTOR('',#17605,1.0);
#17605=DIRECTION('',(0.0,1.0,0.0));
#17606=ORIENTED_EDGE('',*,*,#17607,.T.);
#17607=EDGE_CURVE('NONE',#17600,#17570,#17608,.F.);
#17608=LINE('',#17609,#17610);
#17609=CARTESIAN_POINT('',(4.85,-3.696532275,0.9));
#17610=VECTOR('',#17611,1.0);
#17611=DIRECTION('',(0.0,0.0,1.0));
#17612=ORIENTED_EDGE('',*,*,#17569,.F.);
#17613=PLANE('',#17614);
#17614=AXIS2_PLACEMENT_3D('',#17615,#17616,#17617);
#17615=CARTESIAN_POINT('',(4.85,-3.696532275,0.9));
#17616=DIRECTION('',(-1.0,0.0,0.0));
#17617=DIRECTION('',(0.0,0.0,1.0));
#17618=ADVANCED_FACE('NONE',(#17619),#17644,.F.);
#17619=FACE_BOUND('NONE',#17620,.T.);
#17620=EDGE_LOOP('',(#17621,#17629,#17635,#17636,#17637,#17643));
#17621=ORIENTED_EDGE('',*,*,#17622,.T.);
#17622=EDGE_CURVE('NONE',#17592,#17623,#17625,.T.);
#17623=VERTEX_POINT('NONE',#17624);
#17624=CARTESIAN_POINT('',(2.77,-3.25,1.549571274));
#17625=LINE('',#17626,#17627);
#17626=CARTESIAN_POINT('',(4.85,-3.25,1.549571274));
#17627=VECTOR('',#17628,1.0);
#17628=DIRECTION('',(-1.0,0.0,0.0));
#17629=ORIENTED_EDGE('',*,*,#17630,.T.);
#17630=EDGE_CURVE('NONE',#17623,#17538,#17631,.F.);
#17631=LINE('',#17632,#17633);
#17632=CARTESIAN_POINT('',(2.77,-3.696532275,1.549571274));
#17633=VECTOR('',#17634,1.0);
#17634=DIRECTION('',(0.0,1.0,0.0));
#17635=ORIENTED_EDGE('',*,*,#17537,.F.);
#17636=ORIENTED_EDGE('',*,*,#16333,.F.);
#17637=ORIENTED_EDGE('',*,*,#17638,.T.);
#17638=EDGE_CURVE('NONE',#16334,#17600,#17639,.F.);
#17639=LINE('',#17640,#17641);
#17640=CARTESIAN_POINT('',(4.85,-3.696532275,1.549571274));
#17641=VECTOR('',#17642,1.0);
#17642=DIRECTION('',(-1.0,0.0,0.0));
#17643=ORIENTED_EDGE('',*,*,#17599,.F.);
#17644=PLANE('',#17645);
#17645=AXIS2_PLACEMENT_3D('',#17646,#17647,#17648);
#17646=CARTESIAN_POINT('',(4.85,-3.696532275,1.549571274));
#17647=DIRECTION('',(0.0,0.0,-1.0));
#17648=DIRECTION('',(-1.0,0.0,0.0));
#17649=ADVANCED_FACE('NONE',(#17650),#17661,.F.);
#17650=FACE_BOUND('NONE',#17651,.T.);
#17651=EDGE_LOOP('',(#17652,#17658,#17659,#17660));
#17652=ORIENTED_EDGE('',*,*,#17653,.T.);
#17653=EDGE_CURVE('NONE',#17623,#17506,#17654,.T.);
#17654=LINE('',#17655,#17656);
#17655=CARTESIAN_POINT('',(2.77,-3.25,1.549571274));
#17656=VECTOR('',#17657,1.0);
#17657=DIRECTION('',(-1.335283398E-15,0.0,-1.0));
#17658=ORIENTED_EDGE('',*,*,#17522,.F.);
#17659=ORIENTED_EDGE('',*,*,#17545,.F.);
#17660=ORIENTED_EDGE('',*,*,#17630,.F.);
#17661=PLANE('',#17662);
#17662=AXIS2_PLACEMENT_3D('',#17663,#17664,#17665);
#17663=CARTESIAN_POINT('',(2.77,-3.696532275,1.549571274));
#17664=DIRECTION('',(1.0,0.0,-1.335283398E-15));
#17665=DIRECTION('',(-1.335283398E-15,0.0,-1.0));
#17666=ADVANCED_FACE('NONE',(#17667),#17673,.T.);
#17667=FACE_BOUND('NONE',#17668,.T.);
#17668=EDGE_LOOP('',(#17669,#17670,#17671,#17672));
#17669=ORIENTED_EDGE('',*,*,#17638,.F.);
#17670=ORIENTED_EDGE('',*,*,#16591,.F.);
#17671=ORIENTED_EDGE('',*,*,#17577,.F.);
#17672=ORIENTED_EDGE('',*,*,#17607,.F.);
#17673=PLANE('',#17674);
#17674=AXIS2_PLACEMENT_3D('',#17675,#17676,#17677);
#17675=CARTESIAN_POINT('',(10.16,-3.696532275,0.0));
#17676=DIRECTION('',(0.0,-1.0,0.0));
#17677=DIRECTION('',(0.0,0.0,-1.0));
#17678=ADVANCED_FACE('NONE',(#17679),#17689,.F.);
#17679=FACE_BOUND('NONE',#17680,.T.);
#17680=EDGE_LOOP('',(#17681,#17682,#17683,#17684,#17685,#17686,#17687,#17688));
#17681=ORIENTED_EDGE('',*,*,#16688,.F.);
#17682=ORIENTED_EDGE('',*,*,#16293,.F.);
#17683=ORIENTED_EDGE('',*,*,#16718,.F.);
#17684=ORIENTED_EDGE('',*,*,#17505,.F.);
#17685=ORIENTED_EDGE('',*,*,#17653,.F.);
#17686=ORIENTED_EDGE('',*,*,#17622,.F.);
#17687=ORIENTED_EDGE('',*,*,#17591,.F.);
#17688=ORIENTED_EDGE('',*,*,#17561,.F.);
#17689=PLANE('',#17690);
#17690=AXIS2_PLACEMENT_3D('',#17691,#17692,#17693);
#17691=CARTESIAN_POINT('',(10.16,-3.25,0.0));
#17692=DIRECTION('',(0.0,-1.0,0.0));
#17693=DIRECTION('',(0.0,0.0,-1.0));
#17694=ADVANCED_FACE('NONE',(#17695),#17720,.T.);
#17695=FACE_BOUND('NONE',#17696,.T.);
#17696=EDGE_LOOP('',(#17697,#17705,#17706,#17714));
#17697=ORIENTED_EDGE('',*,*,#17698,.T.);
#17698=EDGE_CURVE('NONE',#17699,#16384,#17701,.F.);
#17699=VERTEX_POINT('NONE',#17700);
#17700=CARTESIAN_POINT('',(3.13,-1.07,5.35));
#17701=LINE('',#17702,#17703);
#17702=CARTESIAN_POINT('',(3.13,-1.07,2.441274629));
#17703=VECTOR('',#17704,1.0);
#17704=DIRECTION('',(0.0,0.0,1.0));
#17705=ORIENTED_EDGE('',*,*,#16383,.F.);
#17706=ORIENTED_EDGE('',*,*,#17707,.T.);
#17707=EDGE_CURVE('NONE',#16376,#17708,#17710,.T.);
#17708=VERTEX_POINT('NONE',#17709);
#17709=CARTESIAN_POINT('',(3.13,-2.81,5.35));
#17710=LINE('',#17711,#17712);
#17711=CARTESIAN_POINT('',(3.13,-2.81,2.441274629));
#17712=VECTOR('',#17713,1.0);
#17713=DIRECTION('',(0.0,0.0,1.0));
#17714=ORIENTED_EDGE('',*,*,#17715,.T.);
#17715=EDGE_CURVE('NONE',#17708,#17699,#17716,.F.);
#17716=LINE('',#17717,#17718);
#17717=CARTESIAN_POINT('',(3.13,-1.07,5.35));
#17718=VECTOR('',#17719,1.0);
#17719=DIRECTION('',(0.0,-1.0,0.0));
#17720=PLANE('',#17721);
#17721=AXIS2_PLACEMENT_3D('',#17722,#17723,#17724);
#17722=CARTESIAN_POINT('',(3.13,-1.07,2.441274629));
#17723=DIRECTION('',(-1.0,0.0,0.0));
#17724=DIRECTION('',(0.0,0.0,1.0));
#17725=ADVANCED_FACE('NONE',(#17726),#17744,.T.);
#17726=FACE_BOUND('NONE',#17727,.T.);
#17727=EDGE_LOOP('',(#17728,#17736,#17737,#17738));
#17728=ORIENTED_EDGE('',*,*,#17729,.T.);
#17729=EDGE_CURVE('NONE',#17730,#16392,#17732,.F.);
#17730=VERTEX_POINT('NONE',#17731);
#17731=CARTESIAN_POINT('',(4.49,-1.07,5.35));
#17732=LINE('',#17733,#17734);
#17733=CARTESIAN_POINT('',(4.49,-1.07,2.441274629));
#17734=VECTOR('',#17735,1.0);
#17735=DIRECTION('',(0.0,0.0,1.0));
#17736=ORIENTED_EDGE('',*,*,#16391,.F.);
#17737=ORIENTED_EDGE('',*,*,#17698,.F.);
#17738=ORIENTED_EDGE('',*,*,#17739,.T.);
#17739=EDGE_CURVE('NONE',#17699,#17730,#17740,.F.);
#17740=LINE('',#17741,#17742);
#17741=CARTESIAN_POINT('',(3.13,-1.07,5.35));
#17742=VECTOR('',#17743,1.0);
#17743=DIRECTION('',(-1.0,0.0,0.0));
#17744=PLANE('',#17745);
#17745=AXIS2_PLACEMENT_3D('',#17746,#17747,#17748);
#17746=CARTESIAN_POINT('',(3.13,-1.07,2.441274629));
#17747=DIRECTION('',(0.0,1.0,0.0));
#17748=DIRECTION('',(0.0,0.0,1.0));
#17749=ADVANCED_FACE('NONE',(#17750),#17768,.T.);
#17750=FACE_BOUND('NONE',#17751,.T.);
#17751=EDGE_LOOP('',(#17752,#17760,#17761,#17762));
#17752=ORIENTED_EDGE('',*,*,#17753,.T.);
#17753=EDGE_CURVE('NONE',#17754,#16374,#17756,.F.);
#17754=VERTEX_POINT('NONE',#17755);
#17755=CARTESIAN_POINT('',(4.49,-2.81,5.35));
#17756=LINE('',#17757,#17758);
#17757=CARTESIAN_POINT('',(4.49,-2.81,2.441274629));
#17758=VECTOR('',#17759,1.0);
#17759=DIRECTION('',(0.0,0.0,1.0));
#17760=ORIENTED_EDGE('',*,*,#16399,.F.);
#17761=ORIENTED_EDGE('',*,*,#17729,.F.);
#17762=ORIENTED_EDGE('',*,*,#17763,.T.);
#17763=EDGE_CURVE('NONE',#17730,#17754,#17764,.F.);
#17764=LINE('',#17765,#17766);
#17765=CARTESIAN_POINT('',(4.49,-1.07,5.35));
#17766=VECTOR('',#17767,1.0);
#17767=DIRECTION('',(0.0,1.0,0.0));
#17768=PLANE('',#17769);
#17769=AXIS2_PLACEMENT_3D('',#17770,#17771,#17772);
#17770=CARTESIAN_POINT('',(4.49,-1.07,2.441274629));
#17771=DIRECTION('',(1.0,0.0,0.0));
#17772=DIRECTION('',(0.0,0.0,-1.0));
#17773=ADVANCED_FACE('NONE',(#17774),#17785,.T.);
#17774=FACE_BOUND('NONE',#17775,.T.);
#17775=EDGE_LOOP('',(#17776,#17777,#17778,#17779));
#17776=ORIENTED_EDGE('',*,*,#17707,.F.);
#17777=ORIENTED_EDGE('',*,*,#16373,.F.);
#17778=ORIENTED_EDGE('',*,*,#17753,.F.);
#17779=ORIENTED_EDGE('',*,*,#17780,.T.);
#17780=EDGE_CURVE('NONE',#17754,#17708,#17781,.F.);
#17781=LINE('',#17782,#17783);
#17782=CARTESIAN_POINT('',(3.13,-2.81,5.35));
#17783=VECTOR('',#17784,1.0);
#17784=DIRECTION('',(1.0,0.0,0.0));
#17785=PLANE('',#17786);
#17786=AXIS2_PLACEMENT_3D('',#17787,#17788,#17789);
#17787=CARTESIAN_POINT('',(3.13,-2.81,2.441274629));
#17788=DIRECTION('',(0.0,-1.0,0.0));
#17789=DIRECTION('',(0.0,0.0,-1.0));
#17790=ADVANCED_FACE('NONE',(#17791),#17825,.F.);
#17791=FACE_BOUND('NONE',#17792,.T.);
#17792=EDGE_LOOP('',(#17793,#17803,#17811,#17819));
#17793=ORIENTED_EDGE('',*,*,#17794,.T.);
#17794=EDGE_CURVE('NONE',#17795,#17797,#17799,.F.);
#17795=VERTEX_POINT('NONE',#17796);
#17796=CARTESIAN_POINT('',(3.21,-2.73,4.649712991));
#17797=VERTEX_POINT('NONE',#17798);
#17798=CARTESIAN_POINT('',(3.21,-1.15,4.649712991));
#17799=LINE('',#17800,#17801);
#17800=CARTESIAN_POINT('',(3.21,-1.15,4.649712991));
#17801=VECTOR('',#17802,1.0);
#17802=DIRECTION('',(0.0,-1.0,0.0));
#17803=ORIENTED_EDGE('',*,*,#17804,.T.);
#17804=EDGE_CURVE('NONE',#17797,#17805,#17807,.T.);
#17805=VERTEX_POINT('NONE',#17806);
#17806=CARTESIAN_POINT('',(3.21,-1.15,5.35));
#17807=LINE('',#17808,#17809);
#17808=CARTESIAN_POINT('',(3.21,-1.15,2.441274629));
#17809=VECTOR('',#17810,1.0);
#17810=DIRECTION('',(0.0,0.0,1.0));
#17811=ORIENTED_EDGE('',*,*,#17812,.T.);
#17812=EDGE_CURVE('NONE',#17805,#17813,#17815,.T.);
#17813=VERTEX_POINT('NONE',#17814);
#17814=CARTESIAN_POINT('',(3.21,-2.73,5.35));
#17815=LINE('',#17816,#17817);
#17816=CARTESIAN_POINT('',(3.21,-1.15,5.35));
#17817=VECTOR('',#17818,1.0);
#17818=DIRECTION('',(0.0,-1.0,0.0));
#17819=ORIENTED_EDGE('',*,*,#17820,.T.);
#17820=EDGE_CURVE('NONE',#17813,#17795,#17821,.F.);
#17821=LINE('',#17822,#17823);
#17822=CARTESIAN_POINT('',(3.21,-2.73,2.441274629));
#17823=VECTOR('',#17824,1.0);
#17824=DIRECTION('',(0.0,0.0,1.0));
#17825=PLANE('',#17826);
#17826=AXIS2_PLACEMENT_3D('',#17827,#17828,#17829);
#17827=CARTESIAN_POINT('',(3.21,-1.15,2.441274629));
#17828=DIRECTION('',(-1.0,0.0,0.0));
#17829=DIRECTION('',(0.0,0.0,1.0));
#17830=ADVANCED_FACE('NONE',(#17831),#17856,.F.);
#17831=FACE_BOUND('NONE',#17832,.T.);
#17832=EDGE_LOOP('',(#17833,#17841,#17849,#17855));
#17833=ORIENTED_EDGE('',*,*,#17834,.T.);
#17834=EDGE_CURVE('NONE',#17797,#17835,#17837,.F.);
#17835=VERTEX_POINT('NONE',#17836);
#17836=CARTESIAN_POINT('',(4.41,-1.15,4.649712991));
#17837=LINE('',#17838,#17839);
#17838=CARTESIAN_POINT('',(3.21,-1.15,4.649712991));
#17839=VECTOR('',#17840,1.0);
#17840=DIRECTION('',(-1.0,0.0,6.652489415E-16));
#17841=ORIENTED_EDGE('',*,*,#17842,.T.);
#17842=EDGE_CURVE('NONE',#17835,#17843,#17845,.T.);
#17843=VERTEX_POINT('NONE',#17844);
#17844=CARTESIAN_POINT('',(4.41,-1.15,5.35));
#17845=LINE('',#17846,#17847);
#17846=CARTESIAN_POINT('',(4.41,-1.15,2.441274629));
#17847=VECTOR('',#17848,1.0);
#17848=DIRECTION('',(0.0,0.0,1.0));
#17849=ORIENTED_EDGE('',*,*,#17850,.T.);
#17850=EDGE_CURVE('NONE',#17843,#17805,#17851,.T.);
#17851=LINE('',#17852,#17853);
#17852=CARTESIAN_POINT('',(3.21,-1.15,5.35));
#17853=VECTOR('',#17854,1.0);
#17854=DIRECTION('',(-1.0,0.0,0.0));
#17855=ORIENTED_EDGE('',*,*,#17804,.F.);
#17856=PLANE('',#17857);
#17857=AXIS2_PLACEMENT_3D('',#17858,#17859,#17860);
#17858=CARTESIAN_POINT('',(3.21,-1.15,2.441274629));
#17859=DIRECTION('',(0.0,1.0,0.0));
#17860=DIRECTION('',(0.0,0.0,1.0));
#17861=ADVANCED_FACE('NONE',(#17862),#17887,.F.);
#17862=FACE_BOUND('NONE',#17863,.T.);
#17863=EDGE_LOOP('',(#17864,#17872,#17880,#17886));
#17864=ORIENTED_EDGE('',*,*,#17865,.T.);
#17865=EDGE_CURVE('NONE',#17835,#17866,#17868,.F.);
#17866=VERTEX_POINT('NONE',#17867);
#17867=CARTESIAN_POINT('',(4.41,-2.73,4.649712991));
#17868=LINE('',#17869,#17870);
#17869=CARTESIAN_POINT('',(4.41,-1.15,4.649712991));
#17870=VECTOR('',#17871,1.0);
#17871=DIRECTION('',(0.0,1.0,0.0));
#17872=ORIENTED_EDGE('',*,*,#17873,.T.);
#17873=EDGE_CURVE('NONE',#17866,#17874,#17876,.T.);
#17874=VERTEX_POINT('NONE',#17875);
#17875=CARTESIAN_POINT('',(4.41,-2.73,5.35));
#17876=LINE('',#17877,#17878);
#17877=CARTESIAN_POINT('',(4.41,-2.73,2.441274629));
#17878=VECTOR('',#17879,1.0);
#17879=DIRECTION('',(0.0,0.0,1.0));
#17880=ORIENTED_EDGE('',*,*,#17881,.T.);
#17881=EDGE_CURVE('NONE',#17874,#17843,#17882,.T.);
#17882=LINE('',#17883,#17884);
#17883=CARTESIAN_POINT('',(4.41,-1.15,5.35));
#17884=VECTOR('',#17885,1.0);
#17885=DIRECTION('',(0.0,1.0,0.0));
#17886=ORIENTED_EDGE('',*,*,#17842,.F.);
#17887=PLANE('',#17888);
#17888=AXIS2_PLACEMENT_3D('',#17889,#17890,#17891);
#17889=CARTESIAN_POINT('',(4.41,-1.15,2.441274629));
#17890=DIRECTION('',(1.0,0.0,0.0));
#17891=DIRECTION('',(0.0,0.0,-1.0));
#17892=ADVANCED_FACE('NONE',(#17893),#17909,.F.);
#17893=FACE_BOUND('NONE',#17894,.T.);
#17894=EDGE_LOOP('',(#17895,#17901,#17902,#17908));
#17895=ORIENTED_EDGE('',*,*,#17896,.T.);
#17896=EDGE_CURVE('NONE',#17866,#17795,#17897,.F.);
#17897=LINE('',#17898,#17899);
#17898=CARTESIAN_POINT('',(3.21,-2.73,4.649712991));
#17899=VECTOR('',#17900,1.0);
#17900=DIRECTION('',(1.0,0.0,-6.652489415E-16));
#17901=ORIENTED_EDGE('',*,*,#17820,.F.);
#17902=ORIENTED_EDGE('',*,*,#17903,.T.);
#17903=EDGE_CURVE('NONE',#17813,#17874,#17904,.T.);
#17904=LINE('',#17905,#17906);
#17905=CARTESIAN_POINT('',(3.21,-2.73,5.35));
#17906=VECTOR('',#17907,1.0);
#17907=DIRECTION('',(1.0,0.0,0.0));
#17908=ORIENTED_EDGE('',*,*,#17873,.F.);
#17909=PLANE('',#17910);
#17910=AXIS2_PLACEMENT_3D('',#17911,#17912,#17913);
#17911=CARTESIAN_POINT('',(3.21,-2.73,2.441274629));
#17912=DIRECTION('',(0.0,-1.0,0.0));
#17913=DIRECTION('',(0.0,0.0,-1.0));
#17914=ADVANCED_FACE('NONE',(#17915,#17921),#17927,.T.);
#17915=FACE_BOUND('NONE',#17916,.T.);
#17916=EDGE_LOOP('',(#17917,#17918,#17919,#17920));
#17917=ORIENTED_EDGE('',*,*,#17812,.F.);
#17918=ORIENTED_EDGE('',*,*,#17850,.F.);
#17919=ORIENTED_EDGE('',*,*,#17881,.F.);
#17920=ORIENTED_EDGE('',*,*,#17903,.F.);
#17921=FACE_BOUND('NONE',#17922,.T.);
#17922=EDGE_LOOP('',(#17923,#17924,#17925,#17926));
#17923=ORIENTED_EDGE('',*,*,#17715,.F.);
#17924=ORIENTED_EDGE('',*,*,#17780,.F.);
#17925=ORIENTED_EDGE('',*,*,#17763,.F.);
#17926=ORIENTED_EDGE('',*,*,#17739,.F.);
#17927=PLANE('',#17928);
#17928=AXIS2_PLACEMENT_3D('',#17929,#17930,#17931);
#17929=CARTESIAN_POINT('',(10.16,0.0,5.35));
#17930=DIRECTION('',(0.0,0.0,1.0));
#17931=DIRECTION('',(1.0,0.0,0.0));
#17932=ADVANCED_FACE('NONE',(#17933),#17939,.F.);
#17933=FACE_BOUND('NONE',#17934,.T.);
#17934=EDGE_LOOP('',(#17935,#17936,#17937,#17938));
#17935=ORIENTED_EDGE('',*,*,#17794,.F.);
#17936=ORIENTED_EDGE('',*,*,#17896,.F.);
#17937=ORIENTED_EDGE('',*,*,#17865,.F.);
#17938=ORIENTED_EDGE('',*,*,#17834,.F.);
#17939=PLANE('',#17940);
#17940=AXIS2_PLACEMENT_3D('',#17941,#17942,#17943);
#17941=CARTESIAN_POINT('',(4.85,-3.58,4.649712991));
#17942=DIRECTION('',(-6.652489415E-16,0.0,-1.0));
#17943=DIRECTION('',(-1.0,0.0,6.652489415E-16));
#17944=MANIFOLD_SOLID_BREP('LPattern6[5]',#17945);
#17945=CLOSED_SHELL('NONE',(#17946,#18039,#18095,#18138,#18178,#18218,#18292,#18348,#18379,#18426,#18547,#18668,#18683,#18748,#18788,#18826,#18852,#18878,#18909,#18933,#18957,#18974,#18996,#19017,#19043,#19068,#19111,#19128,#19145,#19159,#19176,#19188,#19200,#19217,#19234,#19251,#19268,#19285,#19297,#19309,#19321,#19338,#19350,#19381,#19405,#19436,#19467,#19498,#19515,#19527,#19543,#19574,#19598,#19622,#19639,#19679,#19710,#19741,#19763,#19781));
#17946=ADVANCED_FACE('NONE',(#17947),#18034,.T.);
#17947=FACE_BOUND('NONE',#17948,.T.);
#17948=EDGE_LOOP('',(#17949,#17964,#17972,#17981,#17989,#17998,#18006,#18015,#18023));
#17949=ORIENTED_EDGE('',*,*,#17950,.T.);
#17950=EDGE_CURVE('NONE',#17951,#17953,#17955,.T.);
#17951=VERTEX_POINT('NONE',#17952);
#17952=CARTESIAN_POINT('',(6.35,2.6,4.097150035));
#17953=VERTEX_POINT('NONE',#17954);
#17954=CARTESIAN_POINT('',(7.35,2.599571453,3.097150035));
#17955=B_SPLINE_CURVE_WITH_KNOTS('',3,(#17956,#17957,#17958,#17959,#17960,#17961,#17962,#17963),.UNSPECIFIED.,.F.,.U.,(4,2,2,4),(0.002180736,0.002571506,0.002962276,0.003743817),.UNSPECIFIED.);
#17956=CARTESIAN_POINT('',(6.35,2.6,4.097150035));
#17957=CARTESIAN_POINT('',(6.480256914,2.6,4.097150035));
#17958=CARTESIAN_POINT('',(6.61187301,2.599988805,4.07102761));
#17959=CARTESIAN_POINT('',(6.85292816,2.599946053,3.971265743));
#17960=CARTESIAN_POINT('',(6.964097117,2.599914305,3.89718291));
#17961=CARTESIAN_POINT('',(7.242170809,2.599795244,3.6193595));
#17962=CARTESIAN_POINT('',(7.35,2.599683875,3.359482323));
#17963=CARTESIAN_POINT('',(7.35,2.599571453,3.097150035));
#17964=ORIENTED_EDGE('',*,*,#17965,.T.);
#17965=EDGE_CURVE('NONE',#17953,#17966,#17968,.T.);
#17966=VERTEX_POINT('NONE',#17967);
#17967=CARTESIAN_POINT('',(7.35,3.15,3.097150035));
#17968=LINE('',#17969,#17970);
#17969=CARTESIAN_POINT('',(7.35,-4.251,3.097150035));
#17970=VECTOR('',#17971,1.0);
#17971=DIRECTION('',(-1.104919411E-16,1.0,0.0));
#17972=ORIENTED_EDGE('',*,*,#17973,.T.);
#17973=EDGE_CURVE('NONE',#17966,#17974,#17976,.F.);
#17974=VERTEX_POINT('NONE',#17975);
#17975=CARTESIAN_POINT('',(7.324358763,3.15,3.322150035));
#17976=CIRCLE('',#17977,1.0);
#17977=AXIS2_PLACEMENT_3D('',#17978,#17979,#17980);
#17978=CARTESIAN_POINT('',(6.35,3.15,3.097150035));
#17979=DIRECTION('',(-2.168404345E-16,1.0,0.0));
#17980=DIRECTION('',(1.0,2.168404345E-16,-5.204170428E-15));
#17981=ORIENTED_EDGE('',*,*,#17982,.T.);
#17982=EDGE_CURVE('NONE',#17974,#17983,#17985,.F.);
#17983=VERTEX_POINT('NONE',#17984);
#17984=CARTESIAN_POINT('',(7.324358763,3.45,3.322150035));
#17985=LINE('',#17986,#17987);
#17986=CARTESIAN_POINT('',(7.324358763,-4.251,3.322150035));
#17987=VECTOR('',#17988,1.0);
#17988=DIRECTION('',(1.104919411E-16,-1.0,0.0));
#17989=ORIENTED_EDGE('',*,*,#17990,.T.);
#17990=EDGE_CURVE('NONE',#17983,#17991,#17993,.F.);
#17991=VERTEX_POINT('NONE',#17992);
#17992=CARTESIAN_POINT('',(5.375641237,3.45,3.322150035));
#17993=CIRCLE('',#17994,1.0);
#17994=AXIS2_PLACEMENT_3D('',#17995,#17996,#17997);
#17995=CARTESIAN_POINT('',(6.35,3.45,3.097150035));
#17996=DIRECTION('',(-1.104919411E-16,1.0,0.0));
#17997=DIRECTION('',(-1.0,-1.104919411E-16,0.0));
#17998=ORIENTED_EDGE('',*,*,#17999,.T.);
#17999=EDGE_CURVE('NONE',#17991,#18000,#18002,.F.);
#18000=VERTEX_POINT('NONE',#18001);
#18001=CARTESIAN_POINT('',(5.375641237,3.15,3.322150035));
#18002=LINE('',#18003,#18004);
#18003=CARTESIAN_POINT('',(5.375641237,-4.251,3.322150035));
#18004=VECTOR('',#18005,1.0);
#18005=DIRECTION('',(-1.104919411E-16,1.0,0.0));
#18006=ORIENTED_EDGE('',*,*,#18007,.T.);
#18007=EDGE_CURVE('NONE',#18000,#18008,#18010,.F.);
#18008=VERTEX_POINT('NONE',#18009);
#18009=CARTESIAN_POINT('',(5.35,3.15,3.097150035));
#18010=CIRCLE('',#18011,1.0);
#18011=AXIS2_PLACEMENT_3D('',#18012,#18013,#18014);
#18012=CARTESIAN_POINT('',(6.35,3.15,3.097150035));
#18013=DIRECTION('',(-2.168404345E-16,1.0,0.0));
#18014=DIRECTION('',(1.0,2.168404345E-16,0.0));
#18015=ORIENTED_EDGE('',*,*,#18016,.T.);
#18016=EDGE_CURVE('NONE',#18008,#18017,#18019,.F.);
#18017=VERTEX_POINT('NONE',#18018);
#18018=CARTESIAN_POINT('',(5.35,2.599571453,3.097150035));
#18019=LINE('',#18020,#18021);
#18020=CARTESIAN_POINT('',(5.35,-4.251,3.097150035));
#18021=VECTOR('',#18022,1.0);
#18022=DIRECTION('',(-1.104919411E-16,1.0,0.0));
#18023=ORIENTED_EDGE('',*,*,#18024,.T.);
#18024=EDGE_CURVE('NONE',#18017,#17951,#18025,.T.);
#18025=B_SPLINE_CURVE_WITH_KNOTS('',3,(#18026,#18027,#18028,#18029,#18030,#18031,#18032,#18033),.UNSPECIFIED.,.F.,.U.,(4,2,2,4),(6.176795043E-04,0.001399208,0.001789972,0.002180736),.UNSPECIFIED.);
#18026=CARTESIAN_POINT('',(5.35,2.599571453,3.097150035));
#18027=CARTESIAN_POINT('',(5.35,2.599683827,3.35936959));
#18028=CARTESIAN_POINT('',(5.457753812,2.599795211,3.619280603));
#18029=CARTESIAN_POINT('',(5.735930305,2.599914317,3.8972121));
#18030=CARTESIAN_POINT('',(5.847050602,2.599946049,3.971257038));
#18031=CARTESIAN_POINT('',(6.088149333,2.599988809,4.071036772));
#18032=CARTESIAN_POINT('',(6.219745078,2.6,4.097150035));
#18033=CARTESIAN_POINT('',(6.35,2.6,4.097150035));
#18034=CYLINDRICAL_SURFACE('',#18035,1.0);
#18035=AXIS2_PLACEMENT_3D('',#18036,#18037,#18038);
#18036=CARTESIAN_POINT('',(6.35,-4.251,3.097150035));
#18037=DIRECTION('',(-1.104919411E-16,1.0,0.0));
#18038=DIRECTION('',(-1.0,-1.104919411E-16,0.0));
#18039=ADVANCED_FACE('NONE',(#18040),#18090,.F.);
#18040=FACE_BOUND('NONE',#18041,.T.);
#18041=EDGE_LOOP('',(#18042,#18055,#18061,#18062,#18073,#18081));
#18042=ORIENTED_EDGE('',*,*,#18043,.T.);
#18043=EDGE_CURVE('NONE',#18044,#18046,#18048,.F.);
#18044=VERTEX_POINT('NONE',#18045);
#18045=CARTESIAN_POINT('',(5.815,2.599770745,3.097150035));
#18046=VERTEX_POINT('NONE',#18047);
#18047=CARTESIAN_POINT('',(6.35,2.6,3.632150035));
#18048=B_SPLINE_CURVE_WITH_KNOTS('',3,(#18049,#18050,#18051,#18052,#18053,#18054),.UNSPECIFIED.,.F.,.U.,(4,2,4),(0.002178774,0.002597126,0.003015478),.UNSPECIFIED.);
#18049=CARTESIAN_POINT('',(6.35,2.6,3.632150035));
#18050=CARTESIAN_POINT('',(6.209452978,2.6,3.632150035));
#18051=CARTESIAN_POINT('',(6.070272495,2.599975101,3.574044078));
#18052=CARTESIAN_POINT('',(5.873056905,2.599890576,3.376793898));
#18053=CARTESIAN_POINT('',(5.815,2.59983078,3.237250094));
#18054=CARTESIAN_POINT('',(5.815,2.599770745,3.097150035));
#18055=ORIENTED_EDGE('',*,*,#18056,.T.);
#18056=EDGE_CURVE('NONE',#18046,#17951,#18057,.T.);
#18057=LINE('',#18058,#18059);
#18058=CARTESIAN_POINT('',(6.35,2.6,4.121357041));
#18059=VECTOR('',#18060,1.0);
#18060=DIRECTION('',(1.224646687E-16,6.331740687E-17,1.0));
#18061=ORIENTED_EDGE('',*,*,#18024,.F.);
#18062=ORIENTED_EDGE('',*,*,#18063,.T.);
#18063=EDGE_CURVE('NONE',#18017,#18064,#18066,.F.);
#18064=VERTEX_POINT('NONE',#18065);
#18065=CARTESIAN_POINT('',(6.35,2.599142907,2.097150035));
#18066=B_SPLINE_CURVE_WITH_KNOTS('',3,(#18067,#18068,#18069,#18070,#18071,#18072),.UNSPECIFIED.,.F.,.U.,(4,2,4),(0.005307765,0.006088827,0.006869889),.UNSPECIFIED.);
#18067=CARTESIAN_POINT('',(6.35,2.599142907,2.097150035));
#18068=CARTESIAN_POINT('',(6.088245506,2.599142907,2.097150035));
#18069=CARTESIAN_POINT('',(5.828916585,2.599188701,2.204009994));
#18070=CARTESIAN_POINT('',(5.45683225,2.599348165,2.576114117));
#18071=CARTESIAN_POINT('',(5.35,2.599459147,2.835086993));
#18072=CARTESIAN_POINT('',(5.35,2.599571453,3.097150035));
#18073=ORIENTED_EDGE('',*,*,#18074,.T.);
#18074=EDGE_CURVE('NONE',#18064,#18075,#18077,.F.);
#18075=VERTEX_POINT('NONE',#18076);
#18076=CARTESIAN_POINT('',(6.35,2.599541489,2.562150035));
#18077=LINE('',#18078,#18079);
#18078=CARTESIAN_POINT('',(6.35,2.59912201,2.072771743));
#18079=VECTOR('',#18080,1.0);
#18080=DIRECTION('',(0.0,-8.571666501E-04,-0.999999633));
#18081=ORIENTED_EDGE('',*,*,#18082,.T.);
#18082=EDGE_CURVE('NONE',#18075,#18044,#18083,.F.);
#18083=B_SPLINE_CURVE_WITH_KNOTS('',3,(#18084,#18085,#18086,#18087,#18088,#18089),.UNSPECIFIED.,.F.,.U.,(4,2,4),(0.003015478,0.003433348,0.003851218),.UNSPECIFIED.);
#18084=CARTESIAN_POINT('',(5.815,2.599770745,3.097150035));
#18085=CARTESIAN_POINT('',(5.815,2.599710779,2.957211212));
#18086=CARTESIAN_POINT('',(5.87346565,2.599650652,2.816896807));
#18087=CARTESIAN_POINT('',(6.070635805,2.599566319,2.620093954));
#18088=CARTESIAN_POINT('',(6.209907138,2.599541489,2.562150035));
#18089=CARTESIAN_POINT('',(6.35,2.599541489,2.562150035));
#18090=CONICAL_SURFACE('',#18091,1.024292743,1.570367743);
#18091=AXIS2_PLACEMENT_3D('',#18092,#18093,#18094);
#18092=CARTESIAN_POINT('',(6.35,2.599561005,3.097064392));
#18093=DIRECTION('',(0.0,-0.999999908,4.285833644E-04));
#18094=DIRECTION('',(0.0,-4.285833644E-04,-0.999999908));
#18095=ADVANCED_FACE('NONE',(#18096),#18133,.T.);
#18096=FACE_BOUND('NONE',#18097,.T.);
#18097=EDGE_LOOP('',(#18098,#18109,#18110,#18118,#18127));
#18098=ORIENTED_EDGE('',*,*,#18099,.T.);
#18099=EDGE_CURVE('NONE',#18100,#18046,#18102,.T.);
#18100=VERTEX_POINT('NONE',#18101);
#18101=CARTESIAN_POINT('',(6.885,2.599770745,3.097150035));
#18102=B_SPLINE_CURVE_WITH_KNOTS('',3,(#18103,#18104,#18105,#18106,#18107,#18108),.UNSPECIFIED.,.F.,.U.,(4,2,4),(0.001342498,0.001760636,0.002178774),.UNSPECIFIED.);
#18103=CARTESIAN_POINT('',(6.885,2.599770745,3.097150035));
#18104=CARTESIAN_POINT('',(6.885,2.599830473,3.236534968));
#18105=CARTESIAN_POINT('',(6.827494916,2.599890308,3.376167507));
#18106=CARTESIAN_POINT('',(6.629459771,2.599975247,3.574386225));
#18107=CARTESIAN_POINT('',(6.490475265,2.6,3.632150035));
#18108=CARTESIAN_POINT('',(6.35,2.6,3.632150035));
#18109=ORIENTED_EDGE('',*,*,#18043,.F.);
#18110=ORIENTED_EDGE('',*,*,#18111,.T.);
#18111=EDGE_CURVE('NONE',#18044,#18112,#18114,.T.);
#18112=VERTEX_POINT('NONE',#18113);
#18113=CARTESIAN_POINT('',(5.815,1.29,3.097150035));
#18114=LINE('',#18115,#18116);
#18115=CARTESIAN_POINT('',(5.815,4.251,3.097150035));
#18116=VECTOR('',#18117,1.0);
#18117=DIRECTION('',(9.856383386E-17,-1.0,0.0));
#18118=ORIENTED_EDGE('',*,*,#18119,.T.);
#18119=EDGE_CURVE('NONE',#18112,#18120,#18122,.T.);
#18120=VERTEX_POINT('NONE',#18121);
#18121=CARTESIAN_POINT('',(6.885,1.29,3.097150035));
#18122=CIRCLE('',#18123,0.535);
#18123=AXIS2_PLACEMENT_3D('',#18124,#18125,#18126);
#18124=CARTESIAN_POINT('',(6.35,1.29,3.097150035));
#18125=DIRECTION('',(-9.856383386E-17,1.0,0.0));
#18126=DIRECTION('',(-1.0,-9.856383386E-17,0.0));
#18127=ORIENTED_EDGE('',*,*,#18128,.T.);
#18128=EDGE_CURVE('NONE',#18120,#18100,#18129,.F.);
#18129=LINE('',#18130,#18131);
#18130=CARTESIAN_POINT('',(6.885,4.251,3.097150035));
#18131=VECTOR('',#18132,1.0);
#18132=DIRECTION('',(9.856383386E-17,-1.0,0.0));
#18133=CYLINDRICAL_SURFACE('',#18134,0.535);
#18134=AXIS2_PLACEMENT_3D('',#18135,#18136,#18137);
#18135=CARTESIAN_POINT('',(6.35,4.251,3.097150035));
#18136=DIRECTION('',(9.856383386E-17,-1.0,0.0));
#18137=DIRECTION('',(1.0,9.856383386E-17,0.0));
#18138=ADVANCED_FACE('NONE',(#18139),#18173,.F.);
#18139=FACE_BOUND('NONE',#18140,.T.);
#18140=EDGE_LOOP('',(#18141,#18151,#18159,#18167));
#18141=ORIENTED_EDGE('',*,*,#18142,.T.);
#18142=EDGE_CURVE('NONE',#18143,#18145,#18147,.F.);
#18143=VERTEX_POINT('NONE',#18144);
#18144=CARTESIAN_POINT('',(5.8,-3.25,0.999712991));
#18145=VERTEX_POINT('NONE',#18146);
#18146=CARTESIAN_POINT('',(6.9,-3.25,0.999712991));
#18147=LINE('',#18148,#18149);
#18148=CARTESIAN_POINT('',(6.9,-3.25,0.999712991));
#18149=VECTOR('',#18150,1.0);
#18150=DIRECTION('',(-1.0,0.0,6.652489415E-16));
#18151=ORIENTED_EDGE('',*,*,#18152,.T.);
#18152=EDGE_CURVE('NONE',#18145,#18153,#18155,.F.);
#18153=VERTEX_POINT('NONE',#18154);
#18154=CARTESIAN_POINT('',(6.9,-1.036532275,0.999712991));
#18155=LINE('',#18156,#18157);
#18156=CARTESIAN_POINT('',(6.9,-1.036532275,0.999712991));
#18157=VECTOR('',#18158,1.0);
#18158=DIRECTION('',(0.0,-1.0,0.0));
#18159=ORIENTED_EDGE('',*,*,#18160,.T.);
#18160=EDGE_CURVE('NONE',#18153,#18161,#18163,.T.);
#18161=VERTEX_POINT('NONE',#18162);
#18162=CARTESIAN_POINT('',(5.8,-1.036532275,0.999712991));
#18163=LINE('',#18164,#18165);
#18164=CARTESIAN_POINT('',(6.9,-1.036532275,0.999712991));
#18165=VECTOR('',#18166,1.0);
#18166=DIRECTION('',(-1.0,-1.104919411E-16,6.652489415E-16));
#18167=ORIENTED_EDGE('',*,*,#18168,.T.);
#18168=EDGE_CURVE('NONE',#18161,#18143,#18169,.T.);
#18169=LINE('',#18170,#18171);
#18170=CARTESIAN_POINT('',(5.8,-1.036532275,0.999712991));
#18171=VECTOR('',#18172,1.0);
#18172=DIRECTION('',(0.0,-1.0,0.0));
#18173=PLANE('',#18174);
#18174=AXIS2_PLACEMENT_3D('',#18175,#18176,#18177);
#18175=CARTESIAN_POINT('',(6.9,-1.036532275,0.999712991));
#18176=DIRECTION('',(-6.652489415E-16,0.0,-1.0));
#18177=DIRECTION('',(-1.0,0.0,6.652489415E-16));
#18178=ADVANCED_FACE('NONE',(#18179),#18213,.F.);
#18179=FACE_BOUND('NONE',#18180,.T.);
#18180=EDGE_LOOP('',(#18181,#18191,#18199,#18207));
#18181=ORIENTED_EDGE('',*,*,#18182,.T.);
#18182=EDGE_CURVE('NONE',#18183,#18185,#18187,.F.);
#18183=VERTEX_POINT('NONE',#18184);
#18184=CARTESIAN_POINT('',(6.9,-3.696532275,1.549571274));
#18185=VERTEX_POINT('NONE',#18186);
#18186=CARTESIAN_POINT('',(5.8,-3.696532275,1.549571274));
#18187=LINE('',#18188,#18189);
#18188=CARTESIAN_POINT('',(6.9,-3.696532275,1.549571274));
#18189=VECTOR('',#18190,1.0);
#18190=DIRECTION('',(1.0,1.104919411E-16,0.0));
#18191=ORIENTED_EDGE('',*,*,#18192,.T.);
#18192=EDGE_CURVE('NONE',#18185,#18193,#18195,.T.);
#18193=VERTEX_POINT('NONE',#18194);
#18194=CARTESIAN_POINT('',(5.8,-3.696532275,2.81));
#18195=LINE('',#18196,#18197);
#18196=CARTESIAN_POINT('',(5.8,-3.696532275,1.039712991));
#18197=VECTOR('',#18198,1.0);
#18198=DIRECTION('',(9.799108662E-16,0.0,1.0));
#18199=ORIENTED_EDGE('',*,*,#18200,.T.);
#18200=EDGE_CURVE('NONE',#18193,#18201,#18203,.F.);
#18201=VERTEX_POINT('NONE',#18202);
#18202=CARTESIAN_POINT('',(6.9,-3.696532275,2.81));
#18203=LINE('',#18204,#18205);
#18204=CARTESIAN_POINT('',(6.9,-3.696532275,2.81));
#18205=VECTOR('',#18206,1.0);
#18206=DIRECTION('',(-1.0,-1.104919411E-16,6.652489415E-16));
#18207=ORIENTED_EDGE('',*,*,#18208,.T.);
#18208=EDGE_CURVE('NONE',#18201,#18183,#18209,.F.);
#18209=LINE('',#18210,#18211);
#18210=CARTESIAN_POINT('',(6.9,-3.696532275,1.039712991));
#18211=VECTOR('',#18212,1.0);
#18212=DIRECTION('',(9.799108662E-16,0.0,1.0));
#18213=PLANE('',#18214);
#18214=AXIS2_PLACEMENT_3D('',#18215,#18216,#18217);
#18215=CARTESIAN_POINT('',(6.9,-3.696532275,1.039712991));
#18216=DIRECTION('',(1.104919411E-16,-1.0,-1.082722538E-31));
#18217=DIRECTION('',(1.0,1.104919411E-16,0.0));
#18218=ADVANCED_FACE('NONE',(#18219,#18253),#18287,.F.);
#18219=FACE_BOUND('NONE',#18220,.T.);
#18220=EDGE_LOOP('',(#18221,#18231,#18239,#18247));
#18221=ORIENTED_EDGE('',*,*,#18222,.T.);
#18222=EDGE_CURVE('NONE',#18223,#18225,#18227,.F.);
#18223=VERTEX_POINT('NONE',#18224);
#18224=CARTESIAN_POINT('',(7.03,-2.81,4.649712991));
#18225=VERTEX_POINT('NONE',#18226);
#18226=CARTESIAN_POINT('',(5.67,-2.81,4.649712991));
#18227=LINE('',#18228,#18229);
#18228=CARTESIAN_POINT('',(5.67,-2.81,4.649712991));
#18229=VECTOR('',#18230,1.0);
#18230=DIRECTION('',(1.0,0.0,-6.652489415E-16));
#18231=ORIENTED_EDGE('',*,*,#18232,.T.);
#18232=EDGE_CURVE('NONE',#18225,#18233,#18235,.F.);
#18233=VERTEX_POINT('NONE',#18234);
#18234=CARTESIAN_POINT('',(5.67,-1.07,4.649712991));
#18235=LINE('',#18236,#18237);
#18236=CARTESIAN_POINT('',(5.67,-1.07,4.649712991));
#18237=VECTOR('',#18238,1.0);
#18238=DIRECTION('',(0.0,-1.0,0.0));
#18239=ORIENTED_EDGE('',*,*,#18240,.T.);
#18240=EDGE_CURVE('NONE',#18233,#18241,#18243,.F.);
#18241=VERTEX_POINT('NONE',#18242);
#18242=CARTESIAN_POINT('',(7.03,-1.07,4.649712991));
#18243=LINE('',#18244,#18245);
#18244=CARTESIAN_POINT('',(5.67,-1.07,4.649712991));
#18245=VECTOR('',#18246,1.0);
#18246=DIRECTION('',(-1.0,0.0,6.652489415E-16));
#18247=ORIENTED_EDGE('',*,*,#18248,.T.);
#18248=EDGE_CURVE('NONE',#18241,#18223,#18249,.F.);
#18249=LINE('',#18250,#18251);
#18250=CARTESIAN_POINT('',(7.03,-1.07,4.649712991));
#18251=VECTOR('',#18252,1.0);
#18252=DIRECTION('',(0.0,1.0,0.0));
#18253=FACE_BOUND('NONE',#18254,.T.);
#18254=EDGE_LOOP('',(#18255,#18265,#18273,#18281));
#18255=ORIENTED_EDGE('',*,*,#18256,.T.);
#18256=EDGE_CURVE('NONE',#18257,#18259,#18261,.F.);
#18257=VERTEX_POINT('NONE',#18258);
#18258=CARTESIAN_POINT('',(5.31,-3.25,4.649712991));
#18259=VERTEX_POINT('NONE',#18260);
#18260=CARTESIAN_POINT('',(7.39,-3.25,4.649712991));
#18261=LINE('',#18262,#18263);
#18262=CARTESIAN_POINT('',(7.39,-3.25,4.649712991));
#18263=VECTOR('',#18264,1.0);
#18264=DIRECTION('',(-1.0,-2.085004178E-16,0.0));
#18265=ORIENTED_EDGE('',*,*,#18266,.T.);
#18266=EDGE_CURVE('NONE',#18259,#18267,#18269,.F.);
#18267=VERTEX_POINT('NONE',#18268);
#18268=CARTESIAN_POINT('',(7.39,0.39,4.649712991));
#18269=LINE('',#18270,#18271);
#18270=CARTESIAN_POINT('',(7.39,-3.58,4.649712991));
#18271=VECTOR('',#18272,1.0);
#18272=DIRECTION('',(0.0,-1.0,0.0));
#18273=ORIENTED_EDGE('',*,*,#18274,.T.);
#18274=EDGE_CURVE('NONE',#18267,#18275,#18277,.T.);
#18275=VERTEX_POINT('NONE',#18276);
#18276=CARTESIAN_POINT('',(5.31,0.39,4.649712991));
#18277=LINE('',#18278,#18279);
#18278=CARTESIAN_POINT('',(7.39,0.39,4.649712991));
#18279=VECTOR('',#18280,1.0);
#18280=DIRECTION('',(-1.0,-1.104919411E-16,6.652489415E-16));
#18281=ORIENTED_EDGE('',*,*,#18282,.T.);
#18282=EDGE_CURVE('NONE',#18275,#18257,#18283,.T.);
#18283=LINE('',#18284,#18285);
#18284=CARTESIAN_POINT('',(5.31,-3.58,4.649712991));
#18285=VECTOR('',#18286,1.0);
#18286=DIRECTION('',(0.0,-1.0,0.0));
#18287=PLANE('',#18288);
#18288=AXIS2_PLACEMENT_3D('',#18289,#18290,#18291);
#18289=CARTESIAN_POINT('',(7.39,-3.58,4.649712991));
#18290=DIRECTION('',(-6.652489415E-16,0.0,-1.0));
#18291=DIRECTION('',(-1.0,0.0,6.652489415E-16));
#18292=ADVANCED_FACE('NONE',(#18293),#18343,.F.);
#18293=FACE_BOUND('NONE',#18294,.T.);
#18294=EDGE_LOOP('',(#18295,#18305,#18313,#18321,#18329,#18337));
#18295=ORIENTED_EDGE('',*,*,#18296,.T.);
#18296=EDGE_CURVE('NONE',#18297,#18299,#18301,.F.);
#18297=VERTEX_POINT('NONE',#18298);
#18298=CARTESIAN_POINT('',(5.8,-6.55,3.35));
#18299=VERTEX_POINT('NONE',#18300);
#18300=CARTESIAN_POINT('',(6.15,-7.75,3.35));
#18301=LINE('',#18302,#18303);
#18302=CARTESIAN_POINT('',(5.264379876,-4.713588145,3.35));
#18303=VECTOR('',#18304,1.0);
#18304=DIRECTION('',(-0.28,0.96,1.862697036E-16));
#18305=ORIENTED_EDGE('',*,*,#18306,.T.);
#18306=EDGE_CURVE('NONE',#18299,#18307,#18309,.F.);
#18307=VERTEX_POINT('NONE',#18308);
#18308=CARTESIAN_POINT('',(6.55,-7.75,3.35));
#18309=LINE('',#18310,#18311);
#18310=CARTESIAN_POINT('',(6.9,-7.75,3.35));
#18311=VECTOR('',#18312,1.0);
#18312=DIRECTION('',(-1.0,-1.104919411E-16,6.652489415E-16));
#18313=ORIENTED_EDGE('',*,*,#18314,.T.);
#18314=EDGE_CURVE('NONE',#18307,#18315,#18317,.F.);
#18315=VERTEX_POINT('NONE',#18316);
#18316=CARTESIAN_POINT('',(6.9,-6.55,3.35));
#18317=LINE('',#18318,#18319);
#18318=CARTESIAN_POINT('',(7.521860124,-4.417908145,3.35));
#18319=VECTOR('',#18320,1.0);
#18320=DIRECTION('',(-0.28,-0.96,1.862697036E-16));
#18321=ORIENTED_EDGE('',*,*,#18322,.T.);
#18322=EDGE_CURVE('NONE',#18315,#18323,#18325,.F.);
#18323=VERTEX_POINT('NONE',#18324);
#18324=CARTESIAN_POINT('',(6.9,-4.236532275,3.35));
#18325=LINE('',#18326,#18327);
#18326=CARTESIAN_POINT('',(6.9,-4.236532275,3.35));
#18327=VECTOR('',#18328,1.0);
#18328=DIRECTION('',(2.468677119E-16,-1.0,0.0));
#18329=ORIENTED_EDGE('',*,*,#18330,.T.);
#18330=EDGE_CURVE('NONE',#18323,#18331,#18333,.T.);
#18331=VERTEX_POINT('NONE',#18332);
#18332=CARTESIAN_POINT('',(5.8,-4.236532275,3.35));
#18333=LINE('',#18334,#18335);
#18334=CARTESIAN_POINT('',(6.9,-4.236532275,3.35));
#18335=VECTOR('',#18336,1.0);
#18336=DIRECTION('',(-1.0,-1.104919411E-16,6.652489415E-16));
#18337=ORIENTED_EDGE('',*,*,#18338,.T.);
#18338=EDGE_CURVE('NONE',#18331,#18297,#18339,.T.);
#18339=LINE('',#18340,#18341);
#18340=CARTESIAN_POINT('',(5.8,-4.236532275,3.35));
#18341=VECTOR('',#18342,1.0);
#18342=DIRECTION('',(2.468677119E-16,-1.0,0.0));
#18343=PLANE('',#18344);
#18344=AXIS2_PLACEMENT_3D('',#18345,#18346,#18347);
#18345=CARTESIAN_POINT('',(6.9,-4.236532275,3.35));
#18346=DIRECTION('',(-6.652489415E-16,-1.64228484E-31,-1.0));
#18347=DIRECTION('',(-1.0,0.0,6.652489415E-16));
#18348=ADVANCED_FACE('NONE',(#18349),#18374,.F.);
#18349=FACE_BOUND('NONE',#18350,.T.);
#18350=EDGE_LOOP('',(#18351,#18359,#18367,#18373));
#18351=ORIENTED_EDGE('',*,*,#18352,.T.);
#18352=EDGE_CURVE('NONE',#18299,#18353,#18355,.F.);
#18353=VERTEX_POINT('NONE',#18354);
#18354=CARTESIAN_POINT('',(6.15,-7.75,2.85));
#18355=LINE('',#18356,#18357);
#18356=CARTESIAN_POINT('',(6.15,-7.75,0.85));
#18357=VECTOR('',#18358,1.0);
#18358=DIRECTION('',(6.652489415E-16,1.234338559E-16,1.0));
#18359=ORIENTED_EDGE('',*,*,#18360,.T.);
#18360=EDGE_CURVE('NONE',#18353,#18361,#18363,.F.);
#18361=VERTEX_POINT('NONE',#18362);
#18362=CARTESIAN_POINT('',(6.55,-7.75,2.85));
#18363=LINE('',#18364,#18365);
#18364=CARTESIAN_POINT('',(6.9,-7.75,2.85));
#18365=VECTOR('',#18366,1.0);
#18366=DIRECTION('',(-1.0,-1.104919411E-16,6.652489415E-16));
#18367=ORIENTED_EDGE('',*,*,#18368,.T.);
#18368=EDGE_CURVE('NONE',#18361,#18307,#18369,.T.);
#18369=LINE('',#18370,#18371);
#18370=CARTESIAN_POINT('',(6.55,-7.75,0.85));
#18371=VECTOR('',#18372,1.0);
#18372=DIRECTION('',(6.652489415E-16,1.234338559E-16,1.0));
#18373=ORIENTED_EDGE('',*,*,#18306,.F.);
#18374=PLANE('',#18375);
#18375=AXIS2_PLACEMENT_3D('',#18376,#18377,#18378);
#18376=CARTESIAN_POINT('',(6.9,-7.75,2.85));
#18377=DIRECTION('',(-1.104919411E-16,1.0,1.916729642E-31));
#18378=DIRECTION('',(-1.0,-1.104919411E-16,0.0));
#18379=ADVANCED_FACE('NONE',(#18380),#18421,.F.);
#18380=FACE_BOUND('NONE',#18381,.T.);
#18381=EDGE_LOOP('',(#18382,#18390,#18398,#18406,#18414,#18420));
#18382=ORIENTED_EDGE('',*,*,#18383,.T.);
#18383=EDGE_CURVE('NONE',#18353,#18384,#18386,.F.);
#18384=VERTEX_POINT('NONE',#18385);
#18385=CARTESIAN_POINT('',(5.8,-6.55,2.85));
#18386=LINE('',#18387,#18388);
#18387=CARTESIAN_POINT('',(5.264379876,-4.713588145,2.85));
#18388=VECTOR('',#18389,1.0);
#18389=DIRECTION('',(0.28,-0.96,-6.777320191E-17));
#18390=ORIENTED_EDGE('',*,*,#18391,.T.);
#18391=EDGE_CURVE('NONE',#18384,#18392,#18394,.T.);
#18392=VERTEX_POINT('NONE',#18393);
#18393=CARTESIAN_POINT('',(5.8,-4.236532275,2.85));
#18394=LINE('',#18395,#18396);
#18395=CARTESIAN_POINT('',(5.8,-4.236532275,2.85));
#18396=VECTOR('',#18397,1.0);
#18397=DIRECTION('',(0.0,1.0,-1.234338559E-16));
#18398=ORIENTED_EDGE('',*,*,#18399,.T.);
#18399=EDGE_CURVE('NONE',#18392,#18400,#18402,.F.);
#18400=VERTEX_POINT('NONE',#18401);
#18401=CARTESIAN_POINT('',(6.9,-4.236532275,2.85));
#18402=LINE('',#18403,#18404);
#18403=CARTESIAN_POINT('',(6.9,-4.236532275,2.85));
#18404=VECTOR('',#18405,1.0);
#18405=DIRECTION('',(-1.0,-1.104919411E-16,6.652489415E-16));
#18406=ORIENTED_EDGE('',*,*,#18407,.T.);
#18407=EDGE_CURVE('NONE',#18400,#18408,#18410,.F.);
#18408=VERTEX_POINT('NONE',#18409);
#18409=CARTESIAN_POINT('',(6.9,-6.55,2.85));
#18410=LINE('',#18411,#18412);
#18411=CARTESIAN_POINT('',(6.9,-4.236532275,2.85));
#18412=VECTOR('',#18413,1.0);
#18413=DIRECTION('',(0.0,1.0,-1.234338559E-16));
#18414=ORIENTED_EDGE('',*,*,#18415,.T.);
#18415=EDGE_CURVE('NONE',#18408,#18361,#18416,.F.);
#18416=LINE('',#18417,#18418);
#18417=CARTESIAN_POINT('',(7.521860124,-4.417908145,2.85));
#18418=VECTOR('',#18419,1.0);
#18419=DIRECTION('',(0.28,0.96,-3.047662053E-16));
#18420=ORIENTED_EDGE('',*,*,#18360,.F.);
#18421=PLANE('',#18422);
#18422=AXIS2_PLACEMENT_3D('',#18423,#18424,#18425);
#18423=CARTESIAN_POINT('',(6.9,-4.236532275,2.85));
#18424=DIRECTION('',(6.652489415E-16,1.234338559E-16,1.0));
#18425=DIRECTION('',(1.0,0.0,-6.652489415E-16));
#18426=ADVANCED_FACE('NONE',(#18427),#18542,.T.);
#18427=FACE_BOUND('NONE',#18428,.T.);
#18428=EDGE_LOOP('',(#18429,#18439,#18445,#18446,#18453,#18454,#18460,#18461,#18470,#18478,#18487,#18495,#18504,#18512,#18520,#18528,#18535,#18536));
#18429=ORIENTED_EDGE('',*,*,#18430,.T.);
#18430=EDGE_CURVE('NONE',#18431,#18433,#18435,.T.);
#18431=VERTEX_POINT('NONE',#18432);
#18432=CARTESIAN_POINT('',(6.9,-3.25,0.9));
#18433=VERTEX_POINT('NONE',#18434);
#18434=CARTESIAN_POINT('',(6.9,-3.696532275,0.9));
#18435=LINE('',#18436,#18437);
#18436=CARTESIAN_POINT('',(6.9,-1.036532275,0.9));
#18437=VECTOR('',#18438,1.0);
#18438=DIRECTION('',(1.104919411E-16,-1.0,1.151880795E-32));
#18439=ORIENTED_EDGE('',*,*,#18440,.T.);
#18440=EDGE_CURVE('NONE',#18433,#18183,#18441,.T.);
#18441=LINE('',#18442,#18443);
#18442=CARTESIAN_POINT('',(6.9,-3.696532275,1.039712991));
#18443=VECTOR('',#18444,1.0);
#18444=DIRECTION('',(9.799108662E-16,0.0,1.0));
#18445=ORIENTED_EDGE('',*,*,#18208,.F.);
#18446=ORIENTED_EDGE('',*,*,#18447,.T.);
#18447=EDGE_CURVE('NONE',#18201,#18323,#18448,.T.);
#18448=CIRCLE('',#18449,0.54);
#18449=AXIS2_PLACEMENT_3D('',#18450,#18451,#18452);
#18450=CARTESIAN_POINT('',(6.9,-4.236532275,2.81));
#18451=DIRECTION('',(1.0,1.104919411E-16,-6.652489415E-16));
#18452=DIRECTION('',(6.652489415E-16,7.350464689E-32,1.0));
#18453=ORIENTED_EDGE('',*,*,#18322,.F.);
#18454=ORIENTED_EDGE('',*,*,#18455,.T.);
#18455=EDGE_CURVE('NONE',#18315,#18408,#18456,.T.);
#18456=LINE('',#18457,#18458);
#18457=CARTESIAN_POINT('',(6.9,-6.55,1.039712991));
#18458=VECTOR('',#18459,1.0);
#18459=DIRECTION('',(-6.652489415E-16,-1.234338559E-16,-1.0));
#18460=ORIENTED_EDGE('',*,*,#18407,.F.);
#18461=ORIENTED_EDGE('',*,*,#18462,.T.);
#18462=EDGE_CURVE('NONE',#18400,#18463,#18465,.T.);
#18463=VERTEX_POINT('NONE',#18464);
#18464=CARTESIAN_POINT('',(6.9,-4.196532275,2.81));
#18465=CIRCLE('',#18466,0.04);
#18466=AXIS2_PLACEMENT_3D('',#18467,#18468,#18469);
#18467=CARTESIAN_POINT('',(6.9,-4.236532275,2.81));
#18468=DIRECTION('',(-1.0,-1.104919411E-16,6.652489415E-16));
#18469=DIRECTION('',(6.652489415E-16,7.350464689E-32,1.0));
#18470=ORIENTED_EDGE('',*,*,#18471,.T.);
#18471=EDGE_CURVE('NONE',#18463,#18472,#18474,.T.);
#18472=VERTEX_POINT('NONE',#18473);
#18473=CARTESIAN_POINT('',(6.9,-4.196532275,1.039712991));
#18474=LINE('',#18475,#18476);
#18475=CARTESIAN_POINT('',(6.9,-4.196532275,1.039712991));
#18476=VECTOR('',#18477,1.0);
#18477=DIRECTION('',(-9.799108662E-16,0.0,-1.0));
#18478=ORIENTED_EDGE('',*,*,#18479,.T.);
#18479=EDGE_CURVE('NONE',#18472,#18480,#18482,.T.);
#18480=VERTEX_POINT('NONE',#18481);
#18481=CARTESIAN_POINT('',(6.9,-3.656532275,0.499712991));
#18482=CIRCLE('',#18483,0.54);
#18483=AXIS2_PLACEMENT_3D('',#18484,#18485,#18486);
#18484=CARTESIAN_POINT('',(6.9,-3.656532275,1.039712991));
#18485=DIRECTION('',(1.0,1.104919411E-16,-6.652489415E-16));
#18486=DIRECTION('',(6.652489415E-16,7.350464689E-32,1.0));
#18487=ORIENTED_EDGE('',*,*,#18488,.T.);
#18488=EDGE_CURVE('NONE',#18480,#18489,#18491,.T.);
#18489=VERTEX_POINT('NONE',#18490);
#18490=CARTESIAN_POINT('',(6.9,-1.036532275,0.499712991));
#18491=LINE('',#18492,#18493);
#18492=CARTESIAN_POINT('',(6.9,-1.036532275,0.499712991));
#18493=VECTOR('',#18494,1.0);
#18494=DIRECTION('',(0.0,1.0,0.0));
#18495=ORIENTED_EDGE('',*,*,#18496,.T.);
#18496=EDGE_CURVE('NONE',#18489,#18497,#18499,.T.);
#18497=VERTEX_POINT('NONE',#18498);
#18498=CARTESIAN_POINT('',(6.9,-0.496532275,1.039712991));
#18499=CIRCLE('',#18500,0.54);
#18500=AXIS2_PLACEMENT_3D('',#18501,#18502,#18503);
#18501=CARTESIAN_POINT('',(6.9,-1.036532275,1.039712991));
#18502=DIRECTION('',(1.0,1.104919411E-16,-6.652489415E-16));
#18503=DIRECTION('',(-6.652489415E-16,-7.350464689E-32,-1.0));
#18504=ORIENTED_EDGE('',*,*,#18505,.T.);
#18505=EDGE_CURVE('NONE',#18497,#18506,#18508,.T.);
#18506=VERTEX_POINT('NONE',#18507);
#18507=CARTESIAN_POINT('',(6.9,-0.496532275,1.949712991));
#18508=LINE('',#18509,#18510);
#18509=CARTESIAN_POINT('',(6.9,-0.496532275,1.949712991));
#18510=VECTOR('',#18511,1.0);
#18511=DIRECTION('',(9.53144767E-16,0.0,1.0));
#18512=ORIENTED_EDGE('',*,*,#18513,.T.);
#18513=EDGE_CURVE('NONE',#18506,#18514,#18516,.T.);
#18514=VERTEX_POINT('NONE',#18515);
#18515=CARTESIAN_POINT('',(6.9,-0.996532275,1.949712991));
#18516=LINE('',#18517,#18518);
#18517=CARTESIAN_POINT('',(6.9,-0.996532275,1.949712991));
#18518=VECTOR('',#18519,1.0);
#18519=DIRECTION('',(0.0,-1.0,0.0));
#18520=ORIENTED_EDGE('',*,*,#18521,.T.);
#18521=EDGE_CURVE('NONE',#18514,#18522,#18524,.T.);
#18522=VERTEX_POINT('NONE',#18523);
#18523=CARTESIAN_POINT('',(6.9,-0.996532275,1.039712991));
#18524=LINE('',#18525,#18526);
#18525=CARTESIAN_POINT('',(6.9,-0.996532275,1.949712991));
#18526=VECTOR('',#18527,1.0);
#18527=DIRECTION('',(-9.53144767E-16,0.0,-1.0));
#18528=ORIENTED_EDGE('',*,*,#18529,.T.);
#18529=EDGE_CURVE('NONE',#18522,#18153,#18530,.T.);
#18530=CIRCLE('',#18531,0.04);
#18531=AXIS2_PLACEMENT_3D('',#18532,#18533,#18534);
#18532=CARTESIAN_POINT('',(6.9,-1.036532275,1.039712991));
#18533=DIRECTION('',(-1.0,-1.104919411E-16,6.652489415E-16));
#18534=DIRECTION('',(-6.652489415E-16,-7.350464689E-32,-1.0));
#18535=ORIENTED_EDGE('',*,*,#18152,.F.);
#18536=ORIENTED_EDGE('',*,*,#18537,.T.);
#18537=EDGE_CURVE('NONE',#18145,#18431,#18538,.T.);
#18538=LINE('',#18539,#18540);
#18539=CARTESIAN_POINT('',(6.9,-3.25,1.039712991));
#18540=VECTOR('',#18541,1.0);
#18541=DIRECTION('',(-6.652489415E-16,0.0,-1.0));
#18542=PLANE('',#18543);
#18543=AXIS2_PLACEMENT_3D('',#18544,#18545,#18546);
#18544=CARTESIAN_POINT('',(6.9,-1.036532275,1.039712991));
#18545=DIRECTION('',(1.0,1.104919411E-16,-6.652489415E-16));
#18546=DIRECTION('',(-6.652489415E-16,0.0,-1.0));
#18547=ADVANCED_FACE('NONE',(#18548),#18663,.F.);
#18548=FACE_BOUND('NONE',#18549,.T.);
#18549=EDGE_LOOP('',(#18550,#18558,#18566,#18572,#18573,#18582,#18590,#18598,#18606,#18615,#18623,#18632,#18640,#18647,#18648,#18654,#18655,#18662));
#18550=ORIENTED_EDGE('',*,*,#18551,.T.);
#18551=EDGE_CURVE('NONE',#18185,#18552,#18554,.F.);
#18552=VERTEX_POINT('NONE',#18553);
#18553=CARTESIAN_POINT('',(5.8,-3.696532275,0.9));
#18554=LINE('',#18555,#18556);
#18555=CARTESIAN_POINT('',(5.8,-3.696532275,1.039712991));
#18556=VECTOR('',#18557,1.0);
#18557=DIRECTION('',(9.799108662E-16,0.0,1.0));
#18558=ORIENTED_EDGE('',*,*,#18559,.T.);
#18559=EDGE_CURVE('NONE',#18552,#18560,#18562,.F.);
#18560=VERTEX_POINT('NONE',#18561);
#18561=CARTESIAN_POINT('',(5.8,-3.25,0.9));
#18562=LINE('',#18563,#18564);
#18563=CARTESIAN_POINT('',(5.8,-1.036532275,0.9));
#18564=VECTOR('',#18565,1.0);
#18565=DIRECTION('',(1.104919411E-16,-1.0,1.151880795E-32));
#18566=ORIENTED_EDGE('',*,*,#18567,.T.);
#18567=EDGE_CURVE('NONE',#18560,#18143,#18568,.F.);
#18568=LINE('',#18569,#18570);
#18569=CARTESIAN_POINT('',(5.8,-3.25,1.039712991));
#18570=VECTOR('',#18571,1.0);
#18571=DIRECTION('',(-6.652489415E-16,0.0,-1.0));
#18572=ORIENTED_EDGE('',*,*,#18168,.F.);
#18573=ORIENTED_EDGE('',*,*,#18574,.T.);
#18574=EDGE_CURVE('NONE',#18161,#18575,#18577,.F.);
#18575=VERTEX_POINT('NONE',#18576);
#18576=CARTESIAN_POINT('',(5.8,-0.996532275,1.039712991));
#18577=CIRCLE('',#18578,0.04);
#18578=AXIS2_PLACEMENT_3D('',#18579,#18580,#18581);
#18579=CARTESIAN_POINT('',(5.8,-1.036532275,1.039712991));
#18580=DIRECTION('',(-1.0,-1.104919411E-16,6.652489415E-16));
#18581=DIRECTION('',(-6.652489415E-16,-7.350464689E-32,-1.0));
#18582=ORIENTED_EDGE('',*,*,#18583,.T.);
#18583=EDGE_CURVE('NONE',#18575,#18584,#18586,.F.);
#18584=VERTEX_POINT('NONE',#18585);
#18585=CARTESIAN_POINT('',(5.8,-0.996532275,1.949712991));
#18586=LINE('',#18587,#18588);
#18587=CARTESIAN_POINT('',(5.8,-0.996532275,1.949712991));
#18588=VECTOR('',#18589,1.0);
#18589=DIRECTION('',(-9.53144767E-16,0.0,-1.0));
#18590=ORIENTED_EDGE('',*,*,#18591,.T.);
#18591=EDGE_CURVE('NONE',#18584,#18592,#18594,.F.);
#18592=VERTEX_POINT('NONE',#18593);
#18593=CARTESIAN_POINT('',(5.8,-0.496532275,1.949712991));
#18594=LINE('',#18595,#18596);
#18595=CARTESIAN_POINT('',(5.8,-0.996532275,1.949712991));
#18596=VECTOR('',#18597,1.0);
#18597=DIRECTION('',(0.0,-1.0,0.0));
#18598=ORIENTED_EDGE('',*,*,#18599,.T.);
#18599=EDGE_CURVE('NONE',#18592,#18600,#18602,.F.);
#18600=VERTEX_POINT('NONE',#18601);
#18601=CARTESIAN_POINT('',(5.8,-0.496532275,1.039712991));
#18602=LINE('',#18603,#18604);
#18603=CARTESIAN_POINT('',(5.8,-0.496532275,1.949712991));
#18604=VECTOR('',#18605,1.0);
#18605=DIRECTION('',(9.53144767E-16,0.0,1.0));
#18606=ORIENTED_EDGE('',*,*,#18607,.T.);
#18607=EDGE_CURVE('NONE',#18600,#18608,#18610,.F.);
#18608=VERTEX_POINT('NONE',#18609);
#18609=CARTESIAN_POINT('',(5.8,-1.036532275,0.499712991));
#18610=CIRCLE('',#18611,0.54);
#18611=AXIS2_PLACEMENT_3D('',#18612,#18613,#18614);
#18612=CARTESIAN_POINT('',(5.8,-1.036532275,1.039712991));
#18613=DIRECTION('',(1.0,1.104919411E-16,-6.652489415E-16));
#18614=DIRECTION('',(-6.652489415E-16,-7.350464689E-32,-1.0));
#18615=ORIENTED_EDGE('',*,*,#18616,.T.);
#18616=EDGE_CURVE('NONE',#18608,#18617,#18619,.F.);
#18617=VERTEX_POINT('NONE',#18618);
#18618=CARTESIAN_POINT('',(5.8,-3.656532275,0.499712991));
#18619=LINE('',#18620,#18621);
#18620=CARTESIAN_POINT('',(5.8,-1.036532275,0.499712991));
#18621=VECTOR('',#18622,1.0);
#18622=DIRECTION('',(0.0,1.0,0.0));
#18623=ORIENTED_EDGE('',*,*,#18624,.T.);
#18624=EDGE_CURVE('NONE',#18617,#18625,#18627,.F.);
#18625=VERTEX_POINT('NONE',#18626);
#18626=CARTESIAN_POINT('',(5.8,-4.196532275,1.039712991));
#18627=CIRCLE('',#18628,0.54);
#18628=AXIS2_PLACEMENT_3D('',#18629,#18630,#18631);
#18629=CARTESIAN_POINT('',(5.8,-3.656532275,1.039712991));
#18630=DIRECTION('',(1.0,1.104919411E-16,-6.652489415E-16));
#18631=DIRECTION('',(6.652489415E-16,7.350464689E-32,1.0));
#18632=ORIENTED_EDGE('',*,*,#18633,.T.);
#18633=EDGE_CURVE('NONE',#18625,#18634,#18636,.F.);
#18634=VERTEX_POINT('NONE',#18635);
#18635=CARTESIAN_POINT('',(5.8,-4.196532275,2.81));
#18636=LINE('',#18637,#18638);
#18637=CARTESIAN_POINT('',(5.8,-4.196532275,1.039712991));
#18638=VECTOR('',#18639,1.0);
#18639=DIRECTION('',(-9.799108662E-16,0.0,-1.0));
#18640=ORIENTED_EDGE('',*,*,#18641,.T.);
#18641=EDGE_CURVE('NONE',#18634,#18392,#18642,.F.);
#18642=CIRCLE('',#18643,0.04);
#18643=AXIS2_PLACEMENT_3D('',#18644,#18645,#18646);
#18644=CARTESIAN_POINT('',(5.8,-4.236532275,2.81));
#18645=DIRECTION('',(-1.0,-1.104919411E-16,6.652489415E-16));
#18646=DIRECTION('',(6.652489415E-16,7.350464689E-32,1.0));
#18647=ORIENTED_EDGE('',*,*,#18391,.F.);
#18648=ORIENTED_EDGE('',*,*,#18649,.T.);
#18649=EDGE_CURVE('NONE',#18384,#18297,#18650,.F.);
#18650=LINE('',#18651,#18652);
#18651=CARTESIAN_POINT('',(5.8,-6.55,1.039712991));
#18652=VECTOR('',#18653,1.0);
#18653=DIRECTION('',(-6.652489415E-16,-1.234338559E-16,-1.0));
#18654=ORIENTED_EDGE('',*,*,#18338,.F.);
#18655=ORIENTED_EDGE('',*,*,#18656,.T.);
#18656=EDGE_CURVE('NONE',#18331,#18193,#18657,.F.);
#18657=CIRCLE('',#18658,0.54);
#18658=AXIS2_PLACEMENT_3D('',#18659,#18660,#18661);
#18659=CARTESIAN_POINT('',(5.8,-4.236532275,2.81));
#18660=DIRECTION('',(1.0,1.104919411E-16,-6.652489415E-16));
#18661=DIRECTION('',(6.652489415E-16,7.350464689E-32,1.0));
#18662=ORIENTED_EDGE('',*,*,#18192,.F.);
#18663=PLANE('',#18664);
#18664=AXIS2_PLACEMENT_3D('',#18665,#18666,#18667);
#18665=CARTESIAN_POINT('',(5.8,-1.036532275,1.039712991));
#18666=DIRECTION('',(1.0,1.104919411E-16,-6.652489415E-16));
#18667=DIRECTION('',(-6.652489415E-16,0.0,-1.0));
#18668=ADVANCED_FACE('NONE',(#18669),#18678,.T.);
#18669=FACE_BOUND('NONE',#18670,.T.);
#18670=EDGE_LOOP('',(#18671,#18677));
#18671=ORIENTED_EDGE('',*,*,#18672,.T.);
#18672=EDGE_CURVE('NONE',#17983,#17991,#18673,.F.);
#18673=LINE('',#18674,#18675);
#18674=CARTESIAN_POINT('',(5.35,3.45,3.322150035));
#18675=VECTOR('',#18676,1.0);
#18676=DIRECTION('',(1.0,2.168404345E-16,0.0));
#18677=ORIENTED_EDGE('',*,*,#17990,.F.);
#18678=PLANE('',#18679);
#18679=AXIS2_PLACEMENT_3D('',#18680,#18681,#18682);
#18680=CARTESIAN_POINT('',(6.35,3.45,3.097150035));
#18681=DIRECTION('',(-1.104919411E-16,1.0,0.0));
#18682=DIRECTION('',(-1.0,-1.104919411E-16,0.0));
#18683=ADVANCED_FACE('NONE',(#18684,#18709),#18743,.F.);
#18684=FACE_BOUND('NONE',#18685,.T.);
#18685=EDGE_LOOP('',(#18686,#18694,#18695,#18703));
#18686=ORIENTED_EDGE('',*,*,#18687,.T.);
#18687=EDGE_CURVE('NONE',#18688,#18275,#18690,.T.);
#18688=VERTEX_POINT('NONE',#18689);
#18689=CARTESIAN_POINT('',(5.31,0.39,1.949712991));
#18690=LINE('',#18691,#18692);
#18691=CARTESIAN_POINT('',(5.31,0.39,4.649712991));
#18692=VECTOR('',#18693,1.0);
#18693=DIRECTION('',(9.637352644E-16,0.0,1.0));
#18694=ORIENTED_EDGE('',*,*,#18274,.F.);
#18695=ORIENTED_EDGE('',*,*,#18696,.T.);
#18696=EDGE_CURVE('NONE',#18267,#18697,#18699,.F.);
#18697=VERTEX_POINT('NONE',#18698);
#18698=CARTESIAN_POINT('',(7.39,0.39,1.949712991));
#18699=LINE('',#18700,#18701);
#18700=CARTESIAN_POINT('',(7.39,0.39,4.649712991));
#18701=VECTOR('',#18702,1.0);
#18702=DIRECTION('',(9.637352644E-16,0.0,1.0));
#18703=ORIENTED_EDGE('',*,*,#18704,.T.);
#18704=EDGE_CURVE('NONE',#18697,#18688,#18705,.T.);
#18705=LINE('',#18706,#18707);
#18706=CARTESIAN_POINT('',(7.39,0.39,1.949712991));
#18707=VECTOR('',#18708,1.0);
#18708=DIRECTION('',(-1.0,-1.104919411E-16,6.652489415E-16));
#18709=FACE_BOUND('NONE',#18710,.T.);
#18710=EDGE_LOOP('',(#18711,#18721,#18729,#18737));
#18711=ORIENTED_EDGE('',*,*,#18712,.T.);
#18712=EDGE_CURVE('NONE',#18713,#18715,#18717,.F.);
#18713=VERTEX_POINT('NONE',#18714);
#18714=CARTESIAN_POINT('',(6.9,0.39,2.547150035));
#18715=VERTEX_POINT('NONE',#18716);
#18716=CARTESIAN_POINT('',(6.9,0.39,3.647150035));
#18717=LINE('',#18718,#18719);
#18718=CARTESIAN_POINT('',(6.9,0.39,3.647150035));
#18719=VECTOR('',#18720,1.0);
#18720=DIRECTION('',(0.0,0.0,-1.0));
#18721=ORIENTED_EDGE('',*,*,#18722,.T.);
#18722=EDGE_CURVE('NONE',#18715,#18723,#18725,.F.);
#18723=VERTEX_POINT('NONE',#18724);
#18724=CARTESIAN_POINT('',(5.8,0.39,3.647150035));
#18725=LINE('',#18726,#18727);
#18726=CARTESIAN_POINT('',(5.8,0.39,3.647150035));
#18727=VECTOR('',#18728,1.0);
#18728=DIRECTION('',(1.0,9.856383386E-17,0.0));
#18729=ORIENTED_EDGE('',*,*,#18730,.T.);
#18730=EDGE_CURVE('NONE',#18723,#18731,#18733,.F.);
#18731=VERTEX_POINT('NONE',#18732);
#18732=CARTESIAN_POINT('',(5.8,0.39,2.547150035));
#18733=LINE('',#18734,#18735);
#18734=CARTESIAN_POINT('',(5.8,0.39,3.647150035));
#18735=VECTOR('',#18736,1.0);
#18736=DIRECTION('',(0.0,0.0,1.0));
#18737=ORIENTED_EDGE('',*,*,#18738,.T.);
#18738=EDGE_CURVE('NONE',#18731,#18713,#18739,.F.);
#18739=LINE('',#18740,#18741);
#18740=CARTESIAN_POINT('',(5.8,0.39,2.547150035));
#18741=VECTOR('',#18742,1.0);
#18742=DIRECTION('',(-1.0,-9.856383386E-17,0.0));
#18743=PLANE('',#18744);
#18744=AXIS2_PLACEMENT_3D('',#18745,#18746,#18747);
#18745=CARTESIAN_POINT('',(7.39,0.39,4.649712991));
#18746=DIRECTION('',(1.104919411E-16,-1.0,-1.064849801E-31));
#18747=DIRECTION('',(1.0,1.104919411E-16,0.0));
#18748=ADVANCED_FACE('NONE',(#18749),#18783,.F.);
#18749=FACE_BOUND('NONE',#18750,.T.);
#18750=EDGE_LOOP('',(#18751,#18761,#18769,#18777));
#18751=ORIENTED_EDGE('',*,*,#18752,.T.);
#18752=EDGE_CURVE('NONE',#18753,#18755,#18757,.T.);
#18753=VERTEX_POINT('NONE',#18754);
#18754=CARTESIAN_POINT('',(5.31,-3.58,5.149712991));
#18755=VERTEX_POINT('NONE',#18756);
#18756=CARTESIAN_POINT('',(5.31,-3.58,1.949712991));
#18757=LINE('',#18758,#18759);
#18758=CARTESIAN_POINT('',(5.31,-3.58,4.649712991));
#18759=VECTOR('',#18760,1.0);
#18760=DIRECTION('',(-6.424901763E-16,0.0,-1.0));
#18761=ORIENTED_EDGE('',*,*,#18762,.T.);
#18762=EDGE_CURVE('NONE',#18755,#18763,#18765,.F.);
#18763=VERTEX_POINT('NONE',#18764);
#18764=CARTESIAN_POINT('',(7.39,-3.58,1.949712991));
#18765=LINE('',#18766,#18767);
#18766=CARTESIAN_POINT('',(7.39,-3.58,1.949712991));
#18767=VECTOR('',#18768,1.0);
#18768=DIRECTION('',(-1.0,-1.104919411E-16,6.652489415E-16));
#18769=ORIENTED_EDGE('',*,*,#18770,.T.);
#18770=EDGE_CURVE('NONE',#18763,#18771,#18773,.F.);
#18771=VERTEX_POINT('NONE',#18772);
#18772=CARTESIAN_POINT('',(7.39,-3.58,5.149712991));
#18773=LINE('',#18774,#18775);
#18774=CARTESIAN_POINT('',(7.39,-3.58,4.649712991));
#18775=VECTOR('',#18776,1.0);
#18776=DIRECTION('',(-6.424901763E-16,0.0,-1.0));
#18777=ORIENTED_EDGE('',*,*,#18778,.T.);
#18778=EDGE_CURVE('NONE',#18771,#18753,#18779,.F.);
#18779=LINE('',#18780,#18781);
#18780=CARTESIAN_POINT('',(7.39,-3.58,5.149712991));
#18781=VECTOR('',#18782,1.0);
#18782=DIRECTION('',(1.0,0.0,0.0));
#18783=PLANE('',#18784);
#18784=AXIS2_PLACEMENT_3D('',#18785,#18786,#18787);
#18785=CARTESIAN_POINT('',(7.39,-3.58,4.649712991));
#18786=DIRECTION('',(-1.104919411E-16,1.0,7.098998674E-32));
#18787=DIRECTION('',(-1.0,-1.104919411E-16,0.0));
#18788=ADVANCED_FACE('NONE',(#18789,#18805),#18821,.F.);
#18789=FACE_BOUND('NONE',#18790,.T.);
#18790=EDGE_LOOP('',(#18791,#18797,#18798,#18804));
#18791=ORIENTED_EDGE('',*,*,#18792,.T.);
#18792=EDGE_CURVE('NONE',#18584,#18514,#18793,.F.);
#18793=LINE('',#18794,#18795);
#18794=CARTESIAN_POINT('',(6.9,-0.996532275,1.949712991));
#18795=VECTOR('',#18796,1.0);
#18796=DIRECTION('',(-1.0,-1.104919411E-16,6.652489415E-16));
#18797=ORIENTED_EDGE('',*,*,#18513,.F.);
#18798=ORIENTED_EDGE('',*,*,#18799,.T.);
#18799=EDGE_CURVE('NONE',#18506,#18592,#18800,.T.);
#18800=LINE('',#18801,#18802);
#18801=CARTESIAN_POINT('',(6.9,-0.496532275,1.949712991));
#18802=VECTOR('',#18803,1.0);
#18803=DIRECTION('',(-1.0,-1.104919411E-16,6.652489415E-16));
#18804=ORIENTED_EDGE('',*,*,#18591,.F.);
#18805=FACE_BOUND('NONE',#18806,.T.);
#18806=EDGE_LOOP('',(#18807,#18813,#18814,#18820));
#18807=ORIENTED_EDGE('',*,*,#18808,.T.);
#18808=EDGE_CURVE('NONE',#18755,#18688,#18809,.T.);
#18809=LINE('',#18810,#18811);
#18810=CARTESIAN_POINT('',(5.31,-3.58,1.949712991));
#18811=VECTOR('',#18812,1.0);
#18812=DIRECTION('',(-2.184790272E-16,1.0,0.0));
#18813=ORIENTED_EDGE('',*,*,#18704,.F.);
#18814=ORIENTED_EDGE('',*,*,#18815,.T.);
#18815=EDGE_CURVE('NONE',#18697,#18763,#18816,.F.);
#18816=LINE('',#18817,#18818);
#18817=CARTESIAN_POINT('',(7.39,-3.58,1.949712991));
#18818=VECTOR('',#18819,1.0);
#18819=DIRECTION('',(-2.184790272E-16,1.0,0.0));
#18820=ORIENTED_EDGE('',*,*,#18762,.F.);
#18821=PLANE('',#18822);
#18822=AXIS2_PLACEMENT_3D('',#18823,#18824,#18825);
#18823=CARTESIAN_POINT('',(7.39,-3.58,1.949712991));
#18824=DIRECTION('',(6.652489415E-16,1.453429416E-31,1.0));
#18825=DIRECTION('',(1.0,0.0,-6.652489415E-16));
#18826=ADVANCED_FACE('NONE',(#18827),#18847,.F.);
#18827=FACE_BOUND('NONE',#18828,.T.);
#18828=EDGE_LOOP('',(#18829,#18830,#18838,#18844,#18845,#18846));
#18829=ORIENTED_EDGE('',*,*,#18266,.F.);
#18830=ORIENTED_EDGE('',*,*,#18831,.T.);
#18831=EDGE_CURVE('NONE',#18259,#18832,#18834,.F.);
#18832=VERTEX_POINT('NONE',#18833);
#18833=CARTESIAN_POINT('',(7.39,-3.25,5.149712991));
#18834=LINE('',#18835,#18836);
#18835=CARTESIAN_POINT('',(7.39,-3.25,5.149712991));
#18836=VECTOR('',#18837,1.0);
#18837=DIRECTION('',(0.0,0.0,-1.0));
#18838=ORIENTED_EDGE('',*,*,#18839,.T.);
#18839=EDGE_CURVE('NONE',#18832,#18771,#18840,.F.);
#18840=LINE('',#18841,#18842);
#18841=CARTESIAN_POINT('',(7.39,-3.58,5.149712991));
#18842=VECTOR('',#18843,1.0);
#18843=DIRECTION('',(0.0,1.0,0.0));
#18844=ORIENTED_EDGE('',*,*,#18770,.F.);
#18845=ORIENTED_EDGE('',*,*,#18815,.F.);
#18846=ORIENTED_EDGE('',*,*,#18696,.F.);
#18847=PLANE('',#18848);
#18848=AXIS2_PLACEMENT_3D('',#18849,#18850,#18851);
#18849=CARTESIAN_POINT('',(7.39,1.149116188E-16,5.42786003E-15));
#18850=DIRECTION('',(-1.0,0.0,9.637352644E-16));
#18851=DIRECTION('',(9.637352644E-16,0.0,1.0));
#18852=ADVANCED_FACE('NONE',(#18853),#18873,.T.);
#18853=FACE_BOUND('NONE',#18854,.T.);
#18854=EDGE_LOOP('',(#18855,#18856,#18857,#18858,#18859,#18867));
#18855=ORIENTED_EDGE('',*,*,#18282,.F.);
#18856=ORIENTED_EDGE('',*,*,#18687,.F.);
#18857=ORIENTED_EDGE('',*,*,#18808,.F.);
#18858=ORIENTED_EDGE('',*,*,#18752,.F.);
#18859=ORIENTED_EDGE('',*,*,#18860,.T.);
#18860=EDGE_CURVE('NONE',#18753,#18861,#18863,.F.);
#18861=VERTEX_POINT('NONE',#18862);
#18862=CARTESIAN_POINT('',(5.31,-3.25,5.149712991));
#18863=LINE('',#18864,#18865);
#18864=CARTESIAN_POINT('',(5.31,-3.58,5.149712991));
#18865=VECTOR('',#18866,1.0);
#18866=DIRECTION('',(0.0,-1.0,0.0));
#18867=ORIENTED_EDGE('',*,*,#18868,.T.);
#18868=EDGE_CURVE('NONE',#18861,#18257,#18869,.T.);
#18869=LINE('',#18870,#18871);
#18870=CARTESIAN_POINT('',(5.31,-3.25,5.149712991));
#18871=VECTOR('',#18872,1.0);
#18872=DIRECTION('',(0.0,0.0,-1.0));
#18873=PLANE('',#18874);
#18874=AXIS2_PLACEMENT_3D('',#18875,#18876,#18877);
#18875=CARTESIAN_POINT('',(5.31,-1.149116188E-16,6.811577828E-15));
#18876=DIRECTION('',(-1.0,0.0,9.637352644E-16));
#18877=DIRECTION('',(9.637352644E-16,0.0,1.0));
#18878=ADVANCED_FACE('NONE',(#18879),#18904,.F.);
#18879=FACE_BOUND('NONE',#18880,.T.);
#18880=EDGE_LOOP('',(#18881,#18882,#18890,#18898));
#18881=ORIENTED_EDGE('',*,*,#18712,.F.);
#18882=ORIENTED_EDGE('',*,*,#18883,.T.);
#18883=EDGE_CURVE('NONE',#18713,#18884,#18886,.F.);
#18884=VERTEX_POINT('NONE',#18885);
#18885=CARTESIAN_POINT('',(6.9,1.29,2.547150035));
#18886=LINE('',#18887,#18888);
#18887=CARTESIAN_POINT('',(6.9,1.29,2.547150035));
#18888=VECTOR('',#18889,1.0);
#18889=DIRECTION('',(1.104919411E-16,-1.0,-8.471987687E-32));
#18890=ORIENTED_EDGE('',*,*,#18891,.T.);
#18891=EDGE_CURVE('NONE',#18884,#18892,#18894,.F.);
#18892=VERTEX_POINT('NONE',#18893);
#18893=CARTESIAN_POINT('',(6.9,1.29,3.647150035));
#18894=LINE('',#18895,#18896);
#18895=CARTESIAN_POINT('',(6.9,1.29,3.647150035));
#18896=VECTOR('',#18897,1.0);
#18897=DIRECTION('',(0.0,0.0,-1.0));
#18898=ORIENTED_EDGE('',*,*,#18899,.T.);
#18899=EDGE_CURVE('NONE',#18892,#18715,#18900,.T.);
#18900=LINE('',#18901,#18902);
#18901=CARTESIAN_POINT('',(6.9,1.29,3.647150035));
#18902=VECTOR('',#18903,1.0);
#18903=DIRECTION('',(1.104919411E-16,-1.0,-8.471987687E-32));
#18904=PLANE('',#18905);
#18905=AXIS2_PLACEMENT_3D('',#18906,#18907,#18908);
#18906=CARTESIAN_POINT('',(6.9,1.29,3.647150035));
#18907=DIRECTION('',(-1.0,-1.104919411E-16,0.0));
#18908=DIRECTION('',(1.104919411E-16,-1.0,0.0));
#18909=ADVANCED_FACE('NONE',(#18910),#18928,.F.);
#18910=FACE_BOUND('NONE',#18911,.T.);
#18911=EDGE_LOOP('',(#18912,#18913,#18921,#18927));
#18912=ORIENTED_EDGE('',*,*,#18738,.F.);
#18913=ORIENTED_EDGE('',*,*,#18914,.T.);
#18914=EDGE_CURVE('NONE',#18731,#18915,#18917,.F.);
#18915=VERTEX_POINT('NONE',#18916);
#18916=CARTESIAN_POINT('',(5.8,1.29,2.547150035));
#18917=LINE('',#18918,#18919);
#18918=CARTESIAN_POINT('',(5.8,1.29,2.547150035));
#18919=VECTOR('',#18920,1.0);
#18920=DIRECTION('',(1.104919411E-16,-1.0,-8.471987687E-32));
#18921=ORIENTED_EDGE('',*,*,#18922,.T.);
#18922=EDGE_CURVE('NONE',#18915,#18884,#18923,.F.);
#18923=LINE('',#18924,#18925);
#18924=CARTESIAN_POINT('',(5.8,1.29,2.547150035));
#18925=VECTOR('',#18926,1.0);
#18926=DIRECTION('',(-1.0,-9.856383386E-17,0.0));
#18927=ORIENTED_EDGE('',*,*,#18883,.F.);
#18928=PLANE('',#18929);
#18929=AXIS2_PLACEMENT_3D('',#18930,#18931,#18932);
#18930=CARTESIAN_POINT('',(5.8,1.29,2.547150035));
#18931=DIRECTION('',(8.350315868E-48,-8.471987687E-32,1.0));
#18932=DIRECTION('',(0.0,-1.0,-8.471987687E-32));
#18933=ADVANCED_FACE('NONE',(#18934),#18952,.F.);
#18934=FACE_BOUND('NONE',#18935,.T.);
#18935=EDGE_LOOP('',(#18936,#18937,#18945,#18951));
#18936=ORIENTED_EDGE('',*,*,#18730,.F.);
#18937=ORIENTED_EDGE('',*,*,#18938,.T.);
#18938=EDGE_CURVE('NONE',#18723,#18939,#18941,.F.);
#18939=VERTEX_POINT('NONE',#18940);
#18940=CARTESIAN_POINT('',(5.8,1.29,3.647150035));
#18941=LINE('',#18942,#18943);
#18942=CARTESIAN_POINT('',(5.8,1.29,3.647150035));
#18943=VECTOR('',#18944,1.0);
#18944=DIRECTION('',(1.104919411E-16,-1.0,-8.471987687E-32));
#18945=ORIENTED_EDGE('',*,*,#18946,.T.);
#18946=EDGE_CURVE('NONE',#18939,#18915,#18947,.F.);
#18947=LINE('',#18948,#18949);
#18948=CARTESIAN_POINT('',(5.8,1.29,3.647150035));
#18949=VECTOR('',#18950,1.0);
#18950=DIRECTION('',(0.0,0.0,1.0));
#18951=ORIENTED_EDGE('',*,*,#18914,.F.);
#18952=PLANE('',#18953);
#18953=AXIS2_PLACEMENT_3D('',#18954,#18955,#18956);
#18954=CARTESIAN_POINT('',(5.8,1.29,3.647150035));
#18955=DIRECTION('',(1.0,1.104919411E-16,0.0));
#18956=DIRECTION('',(-1.104919411E-16,1.0,0.0));
#18957=ADVANCED_FACE('NONE',(#18958),#18969,.F.);
#18958=FACE_BOUND('NONE',#18959,.T.);
#18959=EDGE_LOOP('',(#18960,#18961,#18962,#18968));
#18960=ORIENTED_EDGE('',*,*,#18722,.F.);
#18961=ORIENTED_EDGE('',*,*,#18899,.F.);
#18962=ORIENTED_EDGE('',*,*,#18963,.T.);
#18963=EDGE_CURVE('NONE',#18892,#18939,#18964,.F.);
#18964=LINE('',#18965,#18966);
#18965=CARTESIAN_POINT('',(5.8,1.29,3.647150035));
#18966=VECTOR('',#18967,1.0);
#18967=DIRECTION('',(1.0,9.856383386E-17,0.0));
#18968=ORIENTED_EDGE('',*,*,#18938,.F.);
#18969=PLANE('',#18970);
#18970=AXIS2_PLACEMENT_3D('',#18971,#18972,#18973);
#18971=CARTESIAN_POINT('',(5.8,1.29,3.647150035));
#18972=DIRECTION('',(-8.350315868E-48,8.471987687E-32,-1.0));
#18973=DIRECTION('',(0.0,1.0,8.471987687E-32));
#18974=ADVANCED_FACE('NONE',(#18975,#18985),#18991,.F.);
#18975=FACE_BOUND('NONE',#18976,.T.);
#18976=EDGE_LOOP('',(#18977,#18984));
#18977=ORIENTED_EDGE('',*,*,#18978,.T.);
#18978=EDGE_CURVE('NONE',#18112,#18120,#18979,.F.);
#18979=CIRCLE('',#18980,0.535);
#18980=AXIS2_PLACEMENT_3D('',#18981,#18982,#18983);
#18981=CARTESIAN_POINT('',(6.35,1.29,3.097150035));
#18982=DIRECTION('',(-9.856383386E-17,1.0,0.0));
#18983=DIRECTION('',(-1.0,-9.856383386E-17,0.0));
#18984=ORIENTED_EDGE('',*,*,#18119,.F.);
#18985=FACE_BOUND('NONE',#18986,.T.);
#18986=EDGE_LOOP('',(#18987,#18988,#18989,#18990));
#18987=ORIENTED_EDGE('',*,*,#18891,.F.);
#18988=ORIENTED_EDGE('',*,*,#18922,.F.);
#18989=ORIENTED_EDGE('',*,*,#18946,.F.);
#18990=ORIENTED_EDGE('',*,*,#18963,.F.);
#18991=PLANE('',#18992);
#18992=AXIS2_PLACEMENT_3D('',#18993,#18994,#18995);
#18993=CARTESIAN_POINT('',(12.7,1.29,7.624788918E-32));
#18994=DIRECTION('',(9.856383386E-17,-1.0,0.0));
#18995=DIRECTION('',(1.0,9.856383386E-17,0.0));
#18996=ADVANCED_FACE('NONE',(#18997),#19012,.T.);
#18997=FACE_BOUND('NONE',#18998,.T.);
#18998=EDGE_LOOP('',(#18999,#19000,#19001,#19010,#19011));
#18999=ORIENTED_EDGE('',*,*,#18111,.F.);
#19000=ORIENTED_EDGE('',*,*,#18082,.F.);
#19001=ORIENTED_EDGE('',*,*,#19002,.T.);
#19002=EDGE_CURVE('NONE',#18075,#18100,#19003,.T.);
#19003=B_SPLINE_CURVE_WITH_KNOTS('',3,(#19004,#19005,#19006,#19007,#19008,#19009),.UNSPECIFIED.,.F.,.U.,(4,2,4),(5.062863522E-04,9.243922866E-04,0.001342498),.UNSPECIFIED.);
#19004=CARTESIAN_POINT('',(6.35,2.599541489,2.562150035));
#19005=CARTESIAN_POINT('',(6.490171879,2.599541489,2.562150035));
#19006=CARTESIAN_POINT('',(6.629247432,2.599566155,2.619710978));
#19007=CARTESIAN_POINT('',(6.827670439,2.599651253,2.818298581));
#19008=CARTESIAN_POINT('',(6.885,2.599711021,2.95777583));
#19009=CARTESIAN_POINT('',(6.885,2.599770745,3.097150035));
#19010=ORIENTED_EDGE('',*,*,#18128,.F.);
#19011=ORIENTED_EDGE('',*,*,#18978,.F.);
#19012=CYLINDRICAL_SURFACE('',#19013,0.535);
#19013=AXIS2_PLACEMENT_3D('',#19014,#19015,#19016);
#19014=CARTESIAN_POINT('',(6.35,4.251,3.097150035));
#19015=DIRECTION('',(9.856383386E-17,-1.0,0.0));
#19016=DIRECTION('',(1.0,9.856383386E-17,0.0));
#19017=ADVANCED_FACE('NONE',(#19018),#19038,.F.);
#19018=FACE_BOUND('NONE',#19019,.T.);
#19019=EDGE_LOOP('',(#19020,#19021,#19022,#19023,#19024,#19037));
#19020=ORIENTED_EDGE('',*,*,#18056,.F.);
#19021=ORIENTED_EDGE('',*,*,#18099,.F.);
#19022=ORIENTED_EDGE('',*,*,#19002,.F.);
#19023=ORIENTED_EDGE('',*,*,#18074,.F.);
#19024=ORIENTED_EDGE('',*,*,#19025,.T.);
#19025=EDGE_CURVE('NONE',#18064,#17953,#19026,.F.);
#19026=B_SPLINE_CURVE_WITH_KNOTS('',3,(#19027,#19028,#19029,#19030,#19031,#19032,#19033,#19034,#19035,#19036),.UNSPECIFIED.,.F.,.U.,(4,2,2,2,4),(0.003743817,0.004134804,0.004525791,0.004916778,0.005307765),.UNSPECIFIED.);
#19027=CARTESIAN_POINT('',(7.35,2.599571453,3.097150035));
#19028=CARTESIAN_POINT('',(7.35,2.599515211,2.965911042));
#19029=CARTESIAN_POINT('',(7.323820639,2.599459108,2.834994952));
#19030=CARTESIAN_POINT('',(7.223848323,2.59935571,2.593720761));
#19031=CARTESIAN_POINT('',(7.149238727,2.599307904,2.482167126));
#19032=CARTESIAN_POINT('',(6.964912871,2.599228919,2.297857421));
#19033=CARTESIAN_POINT('',(6.853276564,2.599196937,2.223229135));
#19034=CARTESIAN_POINT('',(6.612186078,2.599154135,2.123351545));
#19035=CARTESIAN_POINT('',(6.481030149,2.599142907,2.097150035));
#19036=CARTESIAN_POINT('',(6.35,2.599142907,2.097150035));
#19037=ORIENTED_EDGE('',*,*,#17950,.F.);
#19038=CONICAL_SURFACE('',#19039,1.024292743,1.570367743);
#19039=AXIS2_PLACEMENT_3D('',#19040,#19041,#19042);
#19040=CARTESIAN_POINT('',(6.35,2.599561005,3.097064392));
#19041=DIRECTION('',(0.0,-0.999999908,4.285833644E-04));
#19042=DIRECTION('',(0.0,-4.285833644E-04,-0.999999908));
#19043=ADVANCED_FACE('NONE',(#19044),#19063,.T.);
#19044=FACE_BOUND('NONE',#19045,.T.);
#19045=EDGE_LOOP('',(#19046,#19056));
#19046=ORIENTED_EDGE('',*,*,#19047,.T.);
#19047=EDGE_CURVE('NONE',#19048,#19050,#19052,.F.);
#19048=VERTEX_POINT('NONE',#19049);
#19049=CARTESIAN_POINT('',(5.375641237,3.45,2.872150035));
#19050=VERTEX_POINT('NONE',#19051);
#19051=CARTESIAN_POINT('',(7.324358763,3.45,2.872150035));
#19052=LINE('',#19053,#19054);
#19053=CARTESIAN_POINT('',(5.35,3.45,2.872150035));
#19054=VECTOR('',#19055,1.0);
#19055=DIRECTION('',(-1.0,-2.168404345E-16,0.0));
#19056=ORIENTED_EDGE('',*,*,#19057,.T.);
#19057=EDGE_CURVE('NONE',#19050,#19048,#19058,.T.);
#19058=CIRCLE('',#19059,1.0);
#19059=AXIS2_PLACEMENT_3D('',#19060,#19061,#19062);
#19060=CARTESIAN_POINT('',(6.35,3.45,3.097150035));
#19061=DIRECTION('',(-1.104919411E-16,1.0,0.0));
#19062=DIRECTION('',(-1.0,-1.104919411E-16,0.0));
#19063=PLANE('',#19064);
#19064=AXIS2_PLACEMENT_3D('',#19065,#19066,#19067);
#19065=CARTESIAN_POINT('',(6.35,3.45,3.097150035));
#19066=DIRECTION('',(-1.104919411E-16,1.0,0.0));
#19067=DIRECTION('',(-1.0,-1.104919411E-16,0.0));
#19068=ADVANCED_FACE('NONE',(#19069),#19106,.T.);
#19069=FACE_BOUND('NONE',#19070,.T.);
#19070=EDGE_LOOP('',(#19071,#19072,#19073,#19074,#19075,#19084,#19090,#19091,#19099));
#19071=ORIENTED_EDGE('',*,*,#17965,.F.);
#19072=ORIENTED_EDGE('',*,*,#19025,.F.);
#19073=ORIENTED_EDGE('',*,*,#18063,.F.);
#19074=ORIENTED_EDGE('',*,*,#18016,.F.);
#19075=ORIENTED_EDGE('',*,*,#19076,.T.);
#19076=EDGE_CURVE('NONE',#18008,#19077,#19079,.F.);
#19077=VERTEX_POINT('NONE',#19078);
#19078=CARTESIAN_POINT('',(5.375641237,3.15,2.872150035));
#19079=CIRCLE('',#19080,1.0);
#19080=AXIS2_PLACEMENT_3D('',#19081,#19082,#19083);
#19081=CARTESIAN_POINT('',(6.35,3.15,3.097150035));
#19082=DIRECTION('',(-2.168404345E-16,1.0,0.0));
#19083=DIRECTION('',(1.0,2.168404345E-16,6.071532166E-15));
#19084=ORIENTED_EDGE('',*,*,#19085,.T.);
#19085=EDGE_CURVE('NONE',#19077,#19048,#19086,.F.);
#19086=LINE('',#19087,#19088);
#19087=CARTESIAN_POINT('',(5.375641237,-4.251,2.872150035));
#19088=VECTOR('',#19089,1.0);
#19089=DIRECTION('',(1.104919411E-16,-1.0,0.0));
#19090=ORIENTED_EDGE('',*,*,#19057,.F.);
#19091=ORIENTED_EDGE('',*,*,#19092,.T.);
#19092=EDGE_CURVE('NONE',#19050,#19093,#19095,.F.);
#19093=VERTEX_POINT('NONE',#19094);
#19094=CARTESIAN_POINT('',(7.324358763,3.15,2.872150035));
#19095=LINE('',#19096,#19097);
#19096=CARTESIAN_POINT('',(7.324358763,-4.251,2.872150035));
#19097=VECTOR('',#19098,1.0);
#19098=DIRECTION('',(-1.104919411E-16,1.0,0.0));
#19099=ORIENTED_EDGE('',*,*,#19100,.T.);
#19100=EDGE_CURVE('NONE',#19093,#17966,#19101,.F.);
#19101=CIRCLE('',#19102,1.0);
#19102=AXIS2_PLACEMENT_3D('',#19103,#19104,#19105);
#19103=CARTESIAN_POINT('',(6.35,3.15,3.097150035));
#19104=DIRECTION('',(-2.168404345E-16,1.0,0.0));
#19105=DIRECTION('',(1.0,2.168404345E-16,0.0));
#19106=CYLINDRICAL_SURFACE('',#19107,1.0);
#19107=AXIS2_PLACEMENT_3D('',#19108,#19109,#19110);
#19108=CARTESIAN_POINT('',(6.35,-4.251,3.097150035));
#19109=DIRECTION('',(-1.104919411E-16,1.0,0.0));
#19110=DIRECTION('',(-1.0,-1.104919411E-16,0.0));
#19111=ADVANCED_FACE('NONE',(#19112),#19123,.F.);
#19112=FACE_BOUND('NONE',#19113,.T.);
#19113=EDGE_LOOP('',(#19114,#19115,#19121,#19122));
#19114=ORIENTED_EDGE('',*,*,#17982,.F.);
#19115=ORIENTED_EDGE('',*,*,#19116,.T.);
#19116=EDGE_CURVE('NONE',#17974,#18000,#19117,.F.);
#19117=LINE('',#19118,#19119);
#19118=CARTESIAN_POINT('',(5.35,3.15,3.322150035));
#19119=VECTOR('',#19120,1.0);
#19120=DIRECTION('',(1.0,2.168404345E-16,0.0));
#19121=ORIENTED_EDGE('',*,*,#17999,.F.);
#19122=ORIENTED_EDGE('',*,*,#18672,.F.);
#19123=PLANE('',#19124);
#19124=AXIS2_PLACEMENT_3D('',#19125,#19126,#19127);
#19125=CARTESIAN_POINT('',(5.35,3.15,3.322150035));
#19126=DIRECTION('',(0.0,0.0,1.0));
#19127=DIRECTION('',(1.0,0.0,0.0));
#19128=ADVANCED_FACE('NONE',(#19129),#19140,.F.);
#19129=FACE_BOUND('NONE',#19130,.T.);
#19130=EDGE_LOOP('',(#19131,#19132,#19138,#19139));
#19131=ORIENTED_EDGE('',*,*,#19085,.F.);
#19132=ORIENTED_EDGE('',*,*,#19133,.T.);
#19133=EDGE_CURVE('NONE',#19077,#19093,#19134,.F.);
#19134=LINE('',#19135,#19136);
#19135=CARTESIAN_POINT('',(5.35,3.15,2.872150035));
#19136=VECTOR('',#19137,1.0);
#19137=DIRECTION('',(-1.0,-2.168404345E-16,0.0));
#19138=ORIENTED_EDGE('',*,*,#19092,.F.);
#19139=ORIENTED_EDGE('',*,*,#19047,.F.);
#19140=PLANE('',#19141);
#19141=AXIS2_PLACEMENT_3D('',#19142,#19143,#19144);
#19142=CARTESIAN_POINT('',(5.35,3.15,2.872150035));
#19143=DIRECTION('',(0.0,0.0,-1.0));
#19144=DIRECTION('',(-1.0,0.0,0.0));
#19145=ADVANCED_FACE('NONE',(#19146),#19154,.F.);
#19146=FACE_BOUND('NONE',#19147,.T.);
#19147=EDGE_LOOP('',(#19148,#19149,#19150,#19151,#19152,#19153));
#19148=ORIENTED_EDGE('',*,*,#19133,.F.);
#19149=ORIENTED_EDGE('',*,*,#19076,.F.);
#19150=ORIENTED_EDGE('',*,*,#18007,.F.);
#19151=ORIENTED_EDGE('',*,*,#19116,.F.);
#19152=ORIENTED_EDGE('',*,*,#17973,.F.);
#19153=ORIENTED_EDGE('',*,*,#19100,.F.);
#19154=PLANE('',#19155);
#19155=AXIS2_PLACEMENT_3D('',#19156,#19157,#19158);
#19156=CARTESIAN_POINT('',(12.7,3.15,0.0));
#19157=DIRECTION('',(2.168404345E-16,-1.0,0.0));
#19158=DIRECTION('',(1.0,2.168404345E-16,0.0));
#19159=ADVANCED_FACE('NONE',(#19160),#19171,.F.);
#19160=FACE_BOUND('NONE',#19161,.T.);
#19161=EDGE_LOOP('',(#19162,#19163,#19169,#19170));
#19162=ORIENTED_EDGE('',*,*,#18583,.F.);
#19163=ORIENTED_EDGE('',*,*,#19164,.T.);
#19164=EDGE_CURVE('NONE',#18575,#18522,#19165,.F.);
#19165=LINE('',#19166,#19167);
#19166=CARTESIAN_POINT('',(6.9,-0.996532275,1.039712991));
#19167=VECTOR('',#19168,1.0);
#19168=DIRECTION('',(-1.0,-1.104919411E-16,6.652489415E-16));
#19169=ORIENTED_EDGE('',*,*,#18521,.F.);
#19170=ORIENTED_EDGE('',*,*,#18792,.F.);
#19171=PLANE('',#19172);
#19172=AXIS2_PLACEMENT_3D('',#19173,#19174,#19175);
#19173=CARTESIAN_POINT('',(6.9,-0.996532275,1.949712991));
#19174=DIRECTION('',(-1.104919411E-16,1.0,1.053148155E-31));
#19175=DIRECTION('',(-1.0,-1.104919411E-16,0.0));
#19176=ADVANCED_FACE('NONE',(#19177),#19183,.F.);
#19177=FACE_BOUND('NONE',#19178,.T.);
#19178=EDGE_LOOP('',(#19179,#19180,#19181,#19182));
#19179=ORIENTED_EDGE('',*,*,#18574,.F.);
#19180=ORIENTED_EDGE('',*,*,#18160,.F.);
#19181=ORIENTED_EDGE('',*,*,#18529,.F.);
#19182=ORIENTED_EDGE('',*,*,#19164,.F.);
#19183=CYLINDRICAL_SURFACE('',#19184,0.04);
#19184=AXIS2_PLACEMENT_3D('',#19185,#19186,#19187);
#19185=CARTESIAN_POINT('',(6.9,-1.036532275,1.039712991));
#19186=DIRECTION('',(-1.0,-1.104919411E-16,6.652489415E-16));
#19187=DIRECTION('',(6.652489415E-16,7.350464689E-32,1.0));
#19188=ADVANCED_FACE('NONE',(#19189),#19195,.T.);
#19189=FACE_BOUND('NONE',#19190,.T.);
#19190=EDGE_LOOP('',(#19191,#19192,#19193,#19194));
#19191=ORIENTED_EDGE('',*,*,#18656,.F.);
#19192=ORIENTED_EDGE('',*,*,#18330,.F.);
#19193=ORIENTED_EDGE('',*,*,#18447,.F.);
#19194=ORIENTED_EDGE('',*,*,#18200,.F.);
#19195=CYLINDRICAL_SURFACE('',#19196,0.54);
#19196=AXIS2_PLACEMENT_3D('',#19197,#19198,#19199);
#19197=CARTESIAN_POINT('',(6.9,-4.236532275,2.81));
#19198=DIRECTION('',(-1.0,-1.104919411E-16,6.652489415E-16));
#19199=DIRECTION('',(6.652489415E-16,7.350464689E-32,1.0));
#19200=ADVANCED_FACE('NONE',(#19201),#19212,.F.);
#19201=FACE_BOUND('NONE',#19202,.T.);
#19202=EDGE_LOOP('',(#19203,#19204,#19210,#19211));
#19203=ORIENTED_EDGE('',*,*,#18641,.F.);
#19204=ORIENTED_EDGE('',*,*,#19205,.T.);
#19205=EDGE_CURVE('NONE',#18634,#18463,#19206,.F.);
#19206=LINE('',#19207,#19208);
#19207=CARTESIAN_POINT('',(6.9,-4.196532275,2.81));
#19208=VECTOR('',#19209,1.0);
#19209=DIRECTION('',(-1.0,-1.104919411E-16,6.652489415E-16));
#19210=ORIENTED_EDGE('',*,*,#18462,.F.);
#19211=ORIENTED_EDGE('',*,*,#18399,.F.);
#19212=CYLINDRICAL_SURFACE('',#19213,0.04);
#19213=AXIS2_PLACEMENT_3D('',#19214,#19215,#19216);
#19214=CARTESIAN_POINT('',(6.9,-4.236532275,2.81));
#19215=DIRECTION('',(-1.0,-1.104919411E-16,6.652489415E-16));
#19216=DIRECTION('',(6.652489415E-16,7.350464689E-32,1.0));
#19217=ADVANCED_FACE('NONE',(#19218),#19229,.F.);
#19218=FACE_BOUND('NONE',#19219,.T.);
#19219=EDGE_LOOP('',(#19220,#19221,#19227,#19228));
#19220=ORIENTED_EDGE('',*,*,#18633,.F.);
#19221=ORIENTED_EDGE('',*,*,#19222,.T.);
#19222=EDGE_CURVE('NONE',#18625,#18472,#19223,.F.);
#19223=LINE('',#19224,#19225);
#19224=CARTESIAN_POINT('',(6.9,-4.196532275,1.039712991));
#19225=VECTOR('',#19226,1.0);
#19226=DIRECTION('',(-1.0,-1.104919411E-16,6.652489415E-16));
#19227=ORIENTED_EDGE('',*,*,#18471,.F.);
#19228=ORIENTED_EDGE('',*,*,#19205,.F.);
#19229=PLANE('',#19230);
#19230=AXIS2_PLACEMENT_3D('',#19231,#19232,#19233);
#19231=CARTESIAN_POINT('',(6.9,-4.196532275,1.039712991));
#19232=DIRECTION('',(-1.104919411E-16,1.0,1.082722538E-31));
#19233=DIRECTION('',(-1.0,-1.104919411E-16,0.0));
#19234=ADVANCED_FACE('NONE',(#19235),#19246,.T.);
#19235=FACE_BOUND('NONE',#19236,.T.);
#19236=EDGE_LOOP('',(#19237,#19238,#19244,#19245));
#19237=ORIENTED_EDGE('',*,*,#18624,.F.);
#19238=ORIENTED_EDGE('',*,*,#19239,.T.);
#19239=EDGE_CURVE('NONE',#18617,#18480,#19240,.F.);
#19240=LINE('',#19241,#19242);
#19241=CARTESIAN_POINT('',(6.9,-3.656532275,0.499712991));
#19242=VECTOR('',#19243,1.0);
#19243=DIRECTION('',(-1.0,-1.104919411E-16,6.652489415E-16));
#19244=ORIENTED_EDGE('',*,*,#18479,.F.);
#19245=ORIENTED_EDGE('',*,*,#19222,.F.);
#19246=CYLINDRICAL_SURFACE('',#19247,0.54);
#19247=AXIS2_PLACEMENT_3D('',#19248,#19249,#19250);
#19248=CARTESIAN_POINT('',(6.9,-3.656532275,1.039712991));
#19249=DIRECTION('',(-1.0,-1.104919411E-16,6.652489415E-16));
#19250=DIRECTION('',(6.652489415E-16,7.350464689E-32,1.0));
#19251=ADVANCED_FACE('NONE',(#19252),#19263,.F.);
#19252=FACE_BOUND('NONE',#19253,.T.);
#19253=EDGE_LOOP('',(#19254,#19255,#19261,#19262));
#19254=ORIENTED_EDGE('',*,*,#18616,.F.);
#19255=ORIENTED_EDGE('',*,*,#19256,.T.);
#19256=EDGE_CURVE('NONE',#18608,#18489,#19257,.F.);
#19257=LINE('',#19258,#19259);
#19258=CARTESIAN_POINT('',(6.9,-1.036532275,0.499712991));
#19259=VECTOR('',#19260,1.0);
#19260=DIRECTION('',(-1.0,-1.104919411E-16,6.652489415E-16));
#19261=ORIENTED_EDGE('',*,*,#18488,.F.);
#19262=ORIENTED_EDGE('',*,*,#19239,.F.);
#19263=PLANE('',#19264);
#19264=AXIS2_PLACEMENT_3D('',#19265,#19266,#19267);
#19265=CARTESIAN_POINT('',(6.9,-1.036532275,0.499712991));
#19266=DIRECTION('',(6.652489415E-16,0.0,1.0));
#19267=DIRECTION('',(1.0,0.0,-6.652489415E-16));
#19268=ADVANCED_FACE('NONE',(#19269),#19280,.T.);
#19269=FACE_BOUND('NONE',#19270,.T.);
#19270=EDGE_LOOP('',(#19271,#19272,#19278,#19279));
#19271=ORIENTED_EDGE('',*,*,#18607,.F.);
#19272=ORIENTED_EDGE('',*,*,#19273,.T.);
#19273=EDGE_CURVE('NONE',#18600,#18497,#19274,.F.);
#19274=LINE('',#19275,#19276);
#19275=CARTESIAN_POINT('',(6.9,-0.496532275,1.039712991));
#19276=VECTOR('',#19277,1.0);
#19277=DIRECTION('',(-1.0,-1.104919411E-16,6.652489415E-16));
#19278=ORIENTED_EDGE('',*,*,#18496,.F.);
#19279=ORIENTED_EDGE('',*,*,#19256,.F.);
#19280=CYLINDRICAL_SURFACE('',#19281,0.54);
#19281=AXIS2_PLACEMENT_3D('',#19282,#19283,#19284);
#19282=CARTESIAN_POINT('',(6.9,-1.036532275,1.039712991));
#19283=DIRECTION('',(-1.0,-1.104919411E-16,6.652489415E-16));
#19284=DIRECTION('',(6.652489415E-16,7.350464689E-32,1.0));
#19285=ADVANCED_FACE('NONE',(#19286),#19292,.F.);
#19286=FACE_BOUND('NONE',#19287,.T.);
#19287=EDGE_LOOP('',(#19288,#19289,#19290,#19291));
#19288=ORIENTED_EDGE('',*,*,#18599,.F.);
#19289=ORIENTED_EDGE('',*,*,#18799,.F.);
#19290=ORIENTED_EDGE('',*,*,#18505,.F.);
#19291=ORIENTED_EDGE('',*,*,#19273,.F.);
#19292=PLANE('',#19293);
#19293=AXIS2_PLACEMENT_3D('',#19294,#19295,#19296);
#19294=CARTESIAN_POINT('',(6.9,-0.496532275,1.949712991));
#19295=DIRECTION('',(1.104919411E-16,-1.0,-1.053148155E-31));
#19296=DIRECTION('',(1.0,1.104919411E-16,0.0));
#19297=ADVANCED_FACE('NONE',(#19298),#19304,.T.);
#19298=FACE_BOUND('NONE',#19299,.T.);
#19299=EDGE_LOOP('',(#19300,#19301,#19302,#19303));
#19300=ORIENTED_EDGE('',*,*,#18296,.F.);
#19301=ORIENTED_EDGE('',*,*,#18649,.F.);
#19302=ORIENTED_EDGE('',*,*,#18383,.F.);
#19303=ORIENTED_EDGE('',*,*,#18352,.F.);
#19304=PLANE('',#19305);
#19305=AXIS2_PLACEMENT_3D('',#19306,#19307,#19308);
#19306=CARTESIAN_POINT('',(5.8,-6.55,0.85));
#19307=DIRECTION('',(-0.96,-0.28,6.732004635E-16));
#19308=DIRECTION('',(0.28,-0.96,0.0));
#19309=ADVANCED_FACE('NONE',(#19310),#19316,.T.);
#19310=FACE_BOUND('NONE',#19311,.T.);
#19311=EDGE_LOOP('',(#19312,#19313,#19314,#19315));
#19312=ORIENTED_EDGE('',*,*,#18314,.F.);
#19313=ORIENTED_EDGE('',*,*,#18368,.F.);
#19314=ORIENTED_EDGE('',*,*,#18415,.F.);
#19315=ORIENTED_EDGE('',*,*,#18455,.F.);
#19316=PLANE('',#19317);
#19317=AXIS2_PLACEMENT_3D('',#19318,#19319,#19320);
#19318=CARTESIAN_POINT('',(6.9,-6.55,0.85));
#19319=DIRECTION('',(0.96,-0.28,-6.040775042E-16));
#19320=DIRECTION('',(0.28,0.96,0.0));
#19321=ADVANCED_FACE('NONE',(#19322),#19333,.F.);
#19322=FACE_BOUND('NONE',#19323,.T.);
#19323=EDGE_LOOP('',(#19324,#19325,#19326,#19332));
#19324=ORIENTED_EDGE('',*,*,#18256,.F.);
#19325=ORIENTED_EDGE('',*,*,#18868,.F.);
#19326=ORIENTED_EDGE('',*,*,#19327,.T.);
#19327=EDGE_CURVE('NONE',#18861,#18832,#19328,.F.);
#19328=LINE('',#19329,#19330);
#19329=CARTESIAN_POINT('',(7.39,-3.25,5.149712991));
#19330=VECTOR('',#19331,1.0);
#19331=DIRECTION('',(-1.0,-2.085004178E-16,0.0));
#19332=ORIENTED_EDGE('',*,*,#18831,.F.);
#19333=PLANE('',#19334);
#19334=AXIS2_PLACEMENT_3D('',#19335,#19336,#19337);
#19335=CARTESIAN_POINT('',(7.39,-3.25,5.149712991));
#19336=DIRECTION('',(2.085004178E-16,-1.0,0.0));
#19337=DIRECTION('',(1.0,2.085004178E-16,0.0));
#19338=ADVANCED_FACE('NONE',(#19339),#19345,.T.);
#19339=FACE_BOUND('NONE',#19340,.T.);
#19340=EDGE_LOOP('',(#19341,#19342,#19343,#19344));
#19341=ORIENTED_EDGE('',*,*,#18839,.F.);
#19342=ORIENTED_EDGE('',*,*,#19327,.F.);
#19343=ORIENTED_EDGE('',*,*,#18860,.F.);
#19344=ORIENTED_EDGE('',*,*,#18778,.F.);
#19345=PLANE('',#19346);
#19346=AXIS2_PLACEMENT_3D('',#19347,#19348,#19349);
#19347=CARTESIAN_POINT('',(12.7,0.0,5.149712991));
#19348=DIRECTION('',(0.0,0.0,1.0));
#19349=DIRECTION('',(1.0,0.0,0.0));
#19350=ADVANCED_FACE('NONE',(#19351),#19376,.F.);
#19351=FACE_BOUND('NONE',#19352,.T.);
#19352=EDGE_LOOP('',(#19353,#19361,#19362,#19370));
#19353=ORIENTED_EDGE('',*,*,#19354,.T.);
#19354=EDGE_CURVE('NONE',#19355,#18560,#19357,.T.);
#19355=VERTEX_POINT('NONE',#19356);
#19356=CARTESIAN_POINT('',(5.31,-3.25,0.9));
#19357=LINE('',#19358,#19359);
#19358=CARTESIAN_POINT('',(5.31,-3.25,0.9));
#19359=VECTOR('',#19360,1.0);
#19360=DIRECTION('',(1.0,0.0,1.042502089E-16));
#19361=ORIENTED_EDGE('',*,*,#18559,.F.);
#19362=ORIENTED_EDGE('',*,*,#19363,.T.);
#19363=EDGE_CURVE('NONE',#18552,#19364,#19366,.F.);
#19364=VERTEX_POINT('NONE',#19365);
#19365=CARTESIAN_POINT('',(5.31,-3.696532275,0.9));
#19366=LINE('',#19367,#19368);
#19367=CARTESIAN_POINT('',(5.31,-3.696532275,0.9));
#19368=VECTOR('',#19369,1.0);
#19369=DIRECTION('',(1.0,0.0,1.042502089E-16));
#19370=ORIENTED_EDGE('',*,*,#19371,.T.);
#19371=EDGE_CURVE('NONE',#19364,#19355,#19372,.T.);
#19372=LINE('',#19373,#19374);
#19373=CARTESIAN_POINT('',(5.31,-3.696532275,0.9));
#19374=VECTOR('',#19375,1.0);
#19375=DIRECTION('',(0.0,1.0,0.0));
#19376=PLANE('',#19377);
#19377=AXIS2_PLACEMENT_3D('',#19378,#19379,#19380);
#19378=CARTESIAN_POINT('',(5.31,-3.696532275,0.9));
#19379=DIRECTION('',(-1.042502089E-16,0.0,1.0));
#19380=DIRECTION('',(1.0,0.0,1.042502089E-16));
#19381=ADVANCED_FACE('NONE',(#19382),#19400,.T.);
#19382=FACE_BOUND('NONE',#19383,.T.);
#19383=EDGE_LOOP('',(#19384,#19385,#19393,#19399));
#19384=ORIENTED_EDGE('',*,*,#18551,.F.);
#19385=ORIENTED_EDGE('',*,*,#19386,.T.);
#19386=EDGE_CURVE('NONE',#18185,#19387,#19389,.T.);
#19387=VERTEX_POINT('NONE',#19388);
#19388=CARTESIAN_POINT('',(5.31,-3.696532275,1.549571274));
#19389=LINE('',#19390,#19391);
#19390=CARTESIAN_POINT('',(7.39,-3.696532275,1.549571274));
#19391=VECTOR('',#19392,1.0);
#19392=DIRECTION('',(-1.0,0.0,0.0));
#19393=ORIENTED_EDGE('',*,*,#19394,.T.);
#19394=EDGE_CURVE('NONE',#19387,#19364,#19395,.T.);
#19395=LINE('',#19396,#19397);
#19396=CARTESIAN_POINT('',(5.31,-3.696532275,1.549571274));
#19397=VECTOR('',#19398,1.0);
#19398=DIRECTION('',(-1.335283398E-15,0.0,-1.0));
#19399=ORIENTED_EDGE('',*,*,#19363,.F.);
#19400=PLANE('',#19401);
#19401=AXIS2_PLACEMENT_3D('',#19402,#19403,#19404);
#19402=CARTESIAN_POINT('',(12.7,-3.696532275,0.0));
#19403=DIRECTION('',(0.0,-1.0,0.0));
#19404=DIRECTION('',(0.0,0.0,-1.0));
#19405=ADVANCED_FACE('NONE',(#19406),#19431,.F.);
#19406=FACE_BOUND('NONE',#19407,.T.);
#19407=EDGE_LOOP('',(#19408,#19409,#19417,#19425));
#19408=ORIENTED_EDGE('',*,*,#18430,.F.);
#19409=ORIENTED_EDGE('',*,*,#19410,.T.);
#19410=EDGE_CURVE('NONE',#18431,#19411,#19413,.T.);
#19411=VERTEX_POINT('NONE',#19412);
#19412=CARTESIAN_POINT('',(7.39,-3.25,0.9));
#19413=LINE('',#19414,#19415);
#19414=CARTESIAN_POINT('',(5.31,-3.25,0.9));
#19415=VECTOR('',#19416,1.0);
#19416=DIRECTION('',(1.0,0.0,1.042502089E-16));
#19417=ORIENTED_EDGE('',*,*,#19418,.T.);
#19418=EDGE_CURVE('NONE',#19411,#19419,#19421,.F.);
#19419=VERTEX_POINT('NONE',#19420);
#19420=CARTESIAN_POINT('',(7.39,-3.696532275,0.9));
#19421=LINE('',#19422,#19423);
#19422=CARTESIAN_POINT('',(7.39,-3.696532275,0.9));
#19423=VECTOR('',#19424,1.0);
#19424=DIRECTION('',(0.0,1.0,0.0));
#19425=ORIENTED_EDGE('',*,*,#19426,.T.);
#19426=EDGE_CURVE('NONE',#19419,#18433,#19427,.F.);
#19427=LINE('',#19428,#19429);
#19428=CARTESIAN_POINT('',(5.31,-3.696532275,0.9));
#19429=VECTOR('',#19430,1.0);
#19430=DIRECTION('',(1.0,0.0,1.042502089E-16));
#19431=PLANE('',#19432);
#19432=AXIS2_PLACEMENT_3D('',#19433,#19434,#19435);
#19433=CARTESIAN_POINT('',(5.31,-3.696532275,0.9));
#19434=DIRECTION('',(-1.042502089E-16,0.0,1.0));
#19435=DIRECTION('',(1.0,0.0,1.042502089E-16));
#19436=ADVANCED_FACE('NONE',(#19437),#19462,.F.);
#19437=FACE_BOUND('NONE',#19438,.T.);
#19438=EDGE_LOOP('',(#19439,#19447,#19455,#19461));
#19439=ORIENTED_EDGE('',*,*,#19440,.T.);
#19440=EDGE_CURVE('NONE',#19411,#19441,#19443,.T.);
#19441=VERTEX_POINT('NONE',#19442);
#19442=CARTESIAN_POINT('',(7.39,-3.25,1.549571274));
#19443=LINE('',#19444,#19445);
#19444=CARTESIAN_POINT('',(7.39,-3.25,0.9));
#19445=VECTOR('',#19446,1.0);
#19446=DIRECTION('',(0.0,0.0,1.0));
#19447=ORIENTED_EDGE('',*,*,#19448,.T.);
#19448=EDGE_CURVE('NONE',#19441,#19449,#19451,.F.);
#19449=VERTEX_POINT('NONE',#19450);
#19450=CARTESIAN_POINT('',(7.39,-3.696532275,1.549571274));
#19451=LINE('',#19452,#19453);
#19452=CARTESIAN_POINT('',(7.39,-3.696532275,1.549571274));
#19453=VECTOR('',#19454,1.0);
#19454=DIRECTION('',(0.0,1.0,0.0));
#19455=ORIENTED_EDGE('',*,*,#19456,.T.);
#19456=EDGE_CURVE('NONE',#19449,#19419,#19457,.F.);
#19457=LINE('',#19458,#19459);
#19458=CARTESIAN_POINT('',(7.39,-3.696532275,0.9));
#19459=VECTOR('',#19460,1.0);
#19460=DIRECTION('',(0.0,0.0,1.0));
#19461=ORIENTED_EDGE('',*,*,#19418,.F.);
#19462=PLANE('',#19463);
#19463=AXIS2_PLACEMENT_3D('',#19464,#19465,#19466);
#19464=CARTESIAN_POINT('',(7.39,-3.696532275,0.9));
#19465=DIRECTION('',(-1.0,0.0,0.0));
#19466=DIRECTION('',(0.0,0.0,1.0));
#19467=ADVANCED_FACE('NONE',(#19468),#19493,.F.);
#19468=FACE_BOUND('NONE',#19469,.T.);
#19469=EDGE_LOOP('',(#19470,#19478,#19484,#19485,#19486,#19492));
#19470=ORIENTED_EDGE('',*,*,#19471,.T.);
#19471=EDGE_CURVE('NONE',#19441,#19472,#19474,.T.);
#19472=VERTEX_POINT('NONE',#19473);
#19473=CARTESIAN_POINT('',(5.31,-3.25,1.549571274));
#19474=LINE('',#19475,#19476);
#19475=CARTESIAN_POINT('',(7.39,-3.25,1.549571274));
#19476=VECTOR('',#19477,1.0);
#19477=DIRECTION('',(-1.0,0.0,0.0));
#19478=ORIENTED_EDGE('',*,*,#19479,.T.);
#19479=EDGE_CURVE('NONE',#19472,#19387,#19480,.F.);
#19480=LINE('',#19481,#19482);
#19481=CARTESIAN_POINT('',(5.31,-3.696532275,1.549571274));
#19482=VECTOR('',#19483,1.0);
#19483=DIRECTION('',(0.0,1.0,0.0));
#19484=ORIENTED_EDGE('',*,*,#19386,.F.);
#19485=ORIENTED_EDGE('',*,*,#18182,.F.);
#19486=ORIENTED_EDGE('',*,*,#19487,.T.);
#19487=EDGE_CURVE('NONE',#18183,#19449,#19488,.F.);
#19488=LINE('',#19489,#19490);
#19489=CARTESIAN_POINT('',(7.39,-3.696532275,1.549571274));
#19490=VECTOR('',#19491,1.0);
#19491=DIRECTION('',(-1.0,0.0,0.0));
#19492=ORIENTED_EDGE('',*,*,#19448,.F.);
#19493=PLANE('',#19494);
#19494=AXIS2_PLACEMENT_3D('',#19495,#19496,#19497);
#19495=CARTESIAN_POINT('',(7.39,-3.696532275,1.549571274));
#19496=DIRECTION('',(0.0,0.0,-1.0));
#19497=DIRECTION('',(-1.0,0.0,0.0));
#19498=ADVANCED_FACE('NONE',(#19499),#19510,.F.);
#19499=FACE_BOUND('NONE',#19500,.T.);
#19500=EDGE_LOOP('',(#19501,#19507,#19508,#19509));
#19501=ORIENTED_EDGE('',*,*,#19502,.T.);
#19502=EDGE_CURVE('NONE',#19472,#19355,#19503,.T.);
#19503=LINE('',#19504,#19505);
#19504=CARTESIAN_POINT('',(5.31,-3.25,1.549571274));
#19505=VECTOR('',#19506,1.0);
#19506=DIRECTION('',(-1.335283398E-15,0.0,-1.0));
#19507=ORIENTED_EDGE('',*,*,#19371,.F.);
#19508=ORIENTED_EDGE('',*,*,#19394,.F.);
#19509=ORIENTED_EDGE('',*,*,#19479,.F.);
#19510=PLANE('',#19511);
#19511=AXIS2_PLACEMENT_3D('',#19512,#19513,#19514);
#19512=CARTESIAN_POINT('',(5.31,-3.696532275,1.549571274));
#19513=DIRECTION('',(1.0,0.0,-1.335283398E-15));
#19514=DIRECTION('',(-1.335283398E-15,0.0,-1.0));
#19515=ADVANCED_FACE('NONE',(#19516),#19522,.T.);
#19516=FACE_BOUND('NONE',#19517,.T.);
#19517=EDGE_LOOP('',(#19518,#19519,#19520,#19521));
#19518=ORIENTED_EDGE('',*,*,#19487,.F.);
#19519=ORIENTED_EDGE('',*,*,#18440,.F.);
#19520=ORIENTED_EDGE('',*,*,#19426,.F.);
#19521=ORIENTED_EDGE('',*,*,#19456,.F.);
#19522=PLANE('',#19523);
#19523=AXIS2_PLACEMENT_3D('',#19524,#19525,#19526);
#19524=CARTESIAN_POINT('',(12.7,-3.696532275,0.0));
#19525=DIRECTION('',(0.0,-1.0,0.0));
#19526=DIRECTION('',(0.0,0.0,-1.0));
#19527=ADVANCED_FACE('NONE',(#19528),#19538,.F.);
#19528=FACE_BOUND('NONE',#19529,.T.);
#19529=EDGE_LOOP('',(#19530,#19531,#19532,#19533,#19534,#19535,#19536,#19537));
#19530=ORIENTED_EDGE('',*,*,#18537,.F.);
#19531=ORIENTED_EDGE('',*,*,#18142,.F.);
#19532=ORIENTED_EDGE('',*,*,#18567,.F.);
#19533=ORIENTED_EDGE('',*,*,#19354,.F.);
#19534=ORIENTED_EDGE('',*,*,#19502,.F.);
#19535=ORIENTED_EDGE('',*,*,#19471,.F.);
#19536=ORIENTED_EDGE('',*,*,#19440,.F.);
#19537=ORIENTED_EDGE('',*,*,#19410,.F.);
#19538=PLANE('',#19539);
#19539=AXIS2_PLACEMENT_3D('',#19540,#19541,#19542);
#19540=CARTESIAN_POINT('',(12.7,-3.25,0.0));
#19541=DIRECTION('',(0.0,-1.0,0.0));
#19542=DIRECTION('',(0.0,0.0,-1.0));
#19543=ADVANCED_FACE('NONE',(#19544),#19569,.T.);
#19544=FACE_BOUND('NONE',#19545,.T.);
#19545=EDGE_LOOP('',(#19546,#19554,#19555,#19563));
#19546=ORIENTED_EDGE('',*,*,#19547,.T.);
#19547=EDGE_CURVE('NONE',#19548,#18233,#19550,.F.);
#19548=VERTEX_POINT('NONE',#19549);
#19549=CARTESIAN_POINT('',(5.67,-1.07,5.35));
#19550=LINE('',#19551,#19552);
#19551=CARTESIAN_POINT('',(5.67,-1.07,2.441274629));
#19552=VECTOR('',#19553,1.0);
#19553=DIRECTION('',(0.0,0.0,1.0));
#19554=ORIENTED_EDGE('',*,*,#18232,.F.);
#19555=ORIENTED_EDGE('',*,*,#19556,.T.);
#19556=EDGE_CURVE('NONE',#18225,#19557,#19559,.T.);
#19557=VERTEX_POINT('NONE',#19558);
#19558=CARTESIAN_POINT('',(5.67,-2.81,5.35));
#19559=LINE('',#19560,#19561);
#19560=CARTESIAN_POINT('',(5.67,-2.81,2.441274629));
#19561=VECTOR('',#19562,1.0);
#19562=DIRECTION('',(0.0,0.0,1.0));
#19563=ORIENTED_EDGE('',*,*,#19564,.T.);
#19564=EDGE_CURVE('NONE',#19557,#19548,#19565,.F.);
#19565=LINE('',#19566,#19567);
#19566=CARTESIAN_POINT('',(5.67,-1.07,5.35));
#19567=VECTOR('',#19568,1.0);
#19568=DIRECTION('',(0.0,-1.0,0.0));
#19569=PLANE('',#19570);
#19570=AXIS2_PLACEMENT_3D('',#19571,#19572,#19573);
#19571=CARTESIAN_POINT('',(5.67,-1.07,2.441274629));
#19572=DIRECTION('',(-1.0,0.0,0.0));
#19573=DIRECTION('',(0.0,0.0,1.0));
#19574=ADVANCED_FACE('NONE',(#19575),#19593,.T.);
#19575=FACE_BOUND('NONE',#19576,.T.);
#19576=EDGE_LOOP('',(#19577,#19585,#19586,#19587));
#19577=ORIENTED_EDGE('',*,*,#19578,.T.);
#19578=EDGE_CURVE('NONE',#19579,#18241,#19581,.F.);
#19579=VERTEX_POINT('NONE',#19580);
#19580=CARTESIAN_POINT('',(7.03,-1.07,5.35));
#19581=LINE('',#19582,#19583);
#19582=CARTESIAN_POINT('',(7.03,-1.07,2.441274629));
#19583=VECTOR('',#19584,1.0);
#19584=DIRECTION('',(0.0,0.0,1.0));
#19585=ORIENTED_EDGE('',*,*,#18240,.F.);
#19586=ORIENTED_EDGE('',*,*,#19547,.F.);
#19587=ORIENTED_EDGE('',*,*,#19588,.T.);
#19588=EDGE_CURVE('NONE',#19548,#19579,#19589,.F.);
#19589=LINE('',#19590,#19591);
#19590=CARTESIAN_POINT('',(5.67,-1.07,5.35));
#19591=VECTOR('',#19592,1.0);
#19592=DIRECTION('',(-1.0,0.0,0.0));
#19593=PLANE('',#19594);
#19594=AXIS2_PLACEMENT_3D('',#19595,#19596,#19597);
#19595=CARTESIAN_POINT('',(5.67,-1.07,2.441274629));
#19596=DIRECTION('',(0.0,1.0,0.0));
#19597=DIRECTION('',(0.0,0.0,1.0));
#19598=ADVANCED_FACE('NONE',(#19599),#19617,.T.);
#19599=FACE_BOUND('NONE',#19600,.T.);
#19600=EDGE_LOOP('',(#19601,#19609,#19610,#19611));
#19601=ORIENTED_EDGE('',*,*,#19602,.T.);
#19602=EDGE_CURVE('NONE',#19603,#18223,#19605,.F.);
#19603=VERTEX_POINT('NONE',#19604);
#19604=CARTESIAN_POINT('',(7.03,-2.81,5.35));
#19605=LINE('',#19606,#19607);
#19606=CARTESIAN_POINT('',(7.03,-2.81,2.441274629));
#19607=VECTOR('',#19608,1.0);
#19608=DIRECTION('',(0.0,0.0,1.0));
#19609=ORIENTED_EDGE('',*,*,#18248,.F.);
#19610=ORIENTED_EDGE('',*,*,#19578,.F.);
#19611=ORIENTED_EDGE('',*,*,#19612,.T.);
#19612=EDGE_CURVE('NONE',#19579,#19603,#19613,.F.);
#19613=LINE('',#19614,#19615);
#19614=CARTESIAN_POINT('',(7.03,-1.07,5.35));
#19615=VECTOR('',#19616,1.0);
#19616=DIRECTION('',(0.0,1.0,0.0));
#19617=PLANE('',#19618);
#19618=AXIS2_PLACEMENT_3D('',#19619,#19620,#19621);
#19619=CARTESIAN_POINT('',(7.03,-1.07,2.441274629));
#19620=DIRECTION('',(1.0,0.0,0.0));
#19621=DIRECTION('',(0.0,0.0,-1.0));
#19622=ADVANCED_FACE('NONE',(#19623),#19634,.T.);
#19623=FACE_BOUND('NONE',#19624,.T.);
#19624=EDGE_LOOP('',(#19625,#19626,#19627,#19628));
#19625=ORIENTED_EDGE('',*,*,#19556,.F.);
#19626=ORIENTED_EDGE('',*,*,#18222,.F.);
#19627=ORIENTED_EDGE('',*,*,#19602,.F.);
#19628=ORIENTED_EDGE('',*,*,#19629,.T.);
#19629=EDGE_CURVE('NONE',#19603,#19557,#19630,.F.);
#19630=LINE('',#19631,#19632);
#19631=CARTESIAN_POINT('',(5.67,-2.81,5.35));
#19632=VECTOR('',#19633,1.0);
#19633=DIRECTION('',(1.0,0.0,0.0));
#19634=PLANE('',#19635);
#19635=AXIS2_PLACEMENT_3D('',#19636,#19637,#19638);
#19636=CARTESIAN_POINT('',(5.67,-2.81,2.441274629));
#19637=DIRECTION('',(0.0,-1.0,0.0));
#19638=DIRECTION('',(0.0,0.0,-1.0));
#19639=ADVANCED_FACE('NONE',(#19640),#19674,.F.);
#19640=FACE_BOUND('NONE',#19641,.T.);
#19641=EDGE_LOOP('',(#19642,#19652,#19660,#19668));
#19642=ORIENTED_EDGE('',*,*,#19643,.T.);
#19643=EDGE_CURVE('NONE',#19644,#19646,#19648,.F.);
#19644=VERTEX_POINT('NONE',#19645);
#19645=CARTESIAN_POINT('',(5.75,-2.73,4.649712991));
#19646=VERTEX_POINT('NONE',#19647);
#19647=CARTESIAN_POINT('',(5.75,-1.15,4.649712991));
#19648=LINE('',#19649,#19650);
#19649=CARTESIAN_POINT('',(5.75,-1.15,4.649712991));
#19650=VECTOR('',#19651,1.0);
#19651=DIRECTION('',(0.0,-1.0,0.0));
#19652=ORIENTED_EDGE('',*,*,#19653,.T.);
#19653=EDGE_CURVE('NONE',#19646,#19654,#19656,.T.);
#19654=VERTEX_POINT('NONE',#19655);
#19655=CARTESIAN_POINT('',(5.75,-1.15,5.35));
#19656=LINE('',#19657,#19658);
#19657=CARTESIAN_POINT('',(5.75,-1.15,2.441274629));
#19658=VECTOR('',#19659,1.0);
#19659=DIRECTION('',(0.0,0.0,1.0));
#19660=ORIENTED_EDGE('',*,*,#19661,.T.);
#19661=EDGE_CURVE('NONE',#19654,#19662,#19664,.T.);
#19662=VERTEX_POINT('NONE',#19663);
#19663=CARTESIAN_POINT('',(5.75,-2.73,5.35));
#19664=LINE('',#19665,#19666);
#19665=CARTESIAN_POINT('',(5.75,-1.15,5.35));
#19666=VECTOR('',#19667,1.0);
#19667=DIRECTION('',(0.0,-1.0,0.0));
#19668=ORIENTED_EDGE('',*,*,#19669,.T.);
#19669=EDGE_CURVE('NONE',#19662,#19644,#19670,.F.);
#19670=LINE('',#19671,#19672);
#19671=CARTESIAN_POINT('',(5.75,-2.73,2.441274629));
#19672=VECTOR('',#19673,1.0);
#19673=DIRECTION('',(0.0,0.0,1.0));
#19674=PLANE('',#19675);
#19675=AXIS2_PLACEMENT_3D('',#19676,#19677,#19678);
#19676=CARTESIAN_POINT('',(5.75,-1.15,2.441274629));
#19677=DIRECTION('',(-1.0,0.0,0.0));
#19678=DIRECTION('',(0.0,0.0,1.0));
#19679=ADVANCED_FACE('NONE',(#19680),#19705,.F.);
#19680=FACE_BOUND('NONE',#19681,.T.);
#19681=EDGE_LOOP('',(#19682,#19690,#19698,#19704));
#19682=ORIENTED_EDGE('',*,*,#19683,.T.);
#19683=EDGE_CURVE('NONE',#19646,#19684,#19686,.F.);
#19684=VERTEX_POINT('NONE',#19685);
#19685=CARTESIAN_POINT('',(6.95,-1.15,4.649712991));
#19686=LINE('',#19687,#19688);
#19687=CARTESIAN_POINT('',(5.75,-1.15,4.649712991));
#19688=VECTOR('',#19689,1.0);
#19689=DIRECTION('',(-1.0,0.0,6.652489415E-16));
#19690=ORIENTED_EDGE('',*,*,#19691,.T.);
#19691=EDGE_CURVE('NONE',#19684,#19692,#19694,.T.);
#19692=VERTEX_POINT('NONE',#19693);
#19693=CARTESIAN_POINT('',(6.95,-1.15,5.35));
#19694=LINE('',#19695,#19696);
#19695=CARTESIAN_POINT('',(6.95,-1.15,2.441274629));
#19696=VECTOR('',#19697,1.0);
#19697=DIRECTION('',(0.0,0.0,1.0));
#19698=ORIENTED_EDGE('',*,*,#19699,.T.);
#19699=EDGE_CURVE('NONE',#19692,#19654,#19700,.T.);
#19700=LINE('',#19701,#19702);
#19701=CARTESIAN_POINT('',(5.75,-1.15,5.35));
#19702=VECTOR('',#19703,1.0);
#19703=DIRECTION('',(-1.0,0.0,0.0));
#19704=ORIENTED_EDGE('',*,*,#19653,.F.);
#19705=PLANE('',#19706);
#19706=AXIS2_PLACEMENT_3D('',#19707,#19708,#19709);
#19707=CARTESIAN_POINT('',(5.75,-1.15,2.441274629));
#19708=DIRECTION('',(0.0,1.0,0.0));
#19709=DIRECTION('',(0.0,0.0,1.0));
#19710=ADVANCED_FACE('NONE',(#19711),#19736,.F.);
#19711=FACE_BOUND('NONE',#19712,.T.);
#19712=EDGE_LOOP('',(#19713,#19721,#19729,#19735));
#19713=ORIENTED_EDGE('',*,*,#19714,.T.);
#19714=EDGE_CURVE('NONE',#19684,#19715,#19717,.F.);
#19715=VERTEX_POINT('NONE',#19716);
#19716=CARTESIAN_POINT('',(6.95,-2.73,4.649712991));
#19717=LINE('',#19718,#19719);
#19718=CARTESIAN_POINT('',(6.95,-1.15,4.649712991));
#19719=VECTOR('',#19720,1.0);
#19720=DIRECTION('',(0.0,1.0,0.0));
#19721=ORIENTED_EDGE('',*,*,#19722,.T.);
#19722=EDGE_CURVE('NONE',#19715,#19723,#19725,.T.);
#19723=VERTEX_POINT('NONE',#19724);
#19724=CARTESIAN_POINT('',(6.95,-2.73,5.35));
#19725=LINE('',#19726,#19727);
#19726=CARTESIAN_POINT('',(6.95,-2.73,2.441274629));
#19727=VECTOR('',#19728,1.0);
#19728=DIRECTION('',(0.0,0.0,1.0));
#19729=ORIENTED_EDGE('',*,*,#19730,.T.);
#19730=EDGE_CURVE('NONE',#19723,#19692,#19731,.T.);
#19731=LINE('',#19732,#19733);
#19732=CARTESIAN_POINT('',(6.95,-1.15,5.35));
#19733=VECTOR('',#19734,1.0);
#19734=DIRECTION('',(0.0,1.0,0.0));
#19735=ORIENTED_EDGE('',*,*,#19691,.F.);
#19736=PLANE('',#19737);
#19737=AXIS2_PLACEMENT_3D('',#19738,#19739,#19740);
#19738=CARTESIAN_POINT('',(6.95,-1.15,2.441274629));
#19739=DIRECTION('',(1.0,0.0,0.0));
#19740=DIRECTION('',(0.0,0.0,-1.0));
#19741=ADVANCED_FACE('NONE',(#19742),#19758,.F.);
#19742=FACE_BOUND('NONE',#19743,.T.);
#19743=EDGE_LOOP('',(#19744,#19750,#19751,#19757));
#19744=ORIENTED_EDGE('',*,*,#19745,.T.);
#19745=EDGE_CURVE('NONE',#19715,#19644,#19746,.F.);
#19746=LINE('',#19747,#19748);
#19747=CARTESIAN_POINT('',(5.75,-2.73,4.649712991));
#19748=VECTOR('',#19749,1.0);
#19749=DIRECTION('',(1.0,0.0,-6.652489415E-16));
#19750=ORIENTED_EDGE('',*,*,#19669,.F.);
#19751=ORIENTED_EDGE('',*,*,#19752,.T.);
#19752=EDGE_CURVE('NONE',#19662,#19723,#19753,.T.);
#19753=LINE('',#19754,#19755);
#19754=CARTESIAN_POINT('',(5.75,-2.73,5.35));
#19755=VECTOR('',#19756,1.0);
#19756=DIRECTION('',(1.0,0.0,0.0));
#19757=ORIENTED_EDGE('',*,*,#19722,.F.);
#19758=PLANE('',#19759);
#19759=AXIS2_PLACEMENT_3D('',#19760,#19761,#19762);
#19760=CARTESIAN_POINT('',(5.75,-2.73,2.441274629));
#19761=DIRECTION('',(0.0,-1.0,0.0));
#19762=DIRECTION('',(0.0,0.0,-1.0));
#19763=ADVANCED_FACE('NONE',(#19764,#19770),#19776,.T.);
#19764=FACE_BOUND('NONE',#19765,.T.);
#19765=EDGE_LOOP('',(#19766,#19767,#19768,#19769));
#19766=ORIENTED_EDGE('',*,*,#19661,.F.);
#19767=ORIENTED_EDGE('',*,*,#19699,.F.);
#19768=ORIENTED_EDGE('',*,*,#19730,.F.);
#19769=ORIENTED_EDGE('',*,*,#19752,.F.);
#19770=FACE_BOUND('NONE',#19771,.T.);
#19771=EDGE_LOOP('',(#19772,#19773,#19774,#19775));
#19772=ORIENTED_EDGE('',*,*,#19564,.F.);
#19773=ORIENTED_EDGE('',*,*,#19629,.F.);
#19774=ORIENTED_EDGE('',*,*,#19612,.F.);
#19775=ORIENTED_EDGE('',*,*,#19588,.F.);
#19776=PLANE('',#19777);
#19777=AXIS2_PLACEMENT_3D('',#19778,#19779,#19780);
#19778=CARTESIAN_POINT('',(12.7,0.0,5.35));
#19779=DIRECTION('',(0.0,0.0,1.0));
#19780=DIRECTION('',(1.0,0.0,0.0));
#19781=ADVANCED_FACE('NONE',(#19782),#19788,.F.);
#19782=FACE_BOUND('NONE',#19783,.T.);
#19783=EDGE_LOOP('',(#19784,#19785,#19786,#19787));
#19784=ORIENTED_EDGE('',*,*,#19643,.F.);
#19785=ORIENTED_EDGE('',*,*,#19745,.F.);
#19786=ORIENTED_EDGE('',*,*,#19714,.F.);
#19787=ORIENTED_EDGE('',*,*,#19683,.F.);
#19788=PLANE('',#19789);
#19789=AXIS2_PLACEMENT_3D('',#19790,#19791,#19792);
#19790=CARTESIAN_POINT('',(7.39,-3.58,4.649712991));
#19791=DIRECTION('',(-6.652489415E-16,0.0,-1.0));
#19792=DIRECTION('',(-1.0,0.0,6.652489415E-16));
#19793=AXIS2_PLACEMENT_3D('',#19794,#19795,#19796);
#19794=CARTESIAN_POINT('',(0.0,0.0,0.0));
#19795=DIRECTION('',(0.0,0.0,1.0));
#19796=DIRECTION('',(1.0,0.0,0.0));
#19797=(GEOMETRIC_REPRESENTATION_CONTEXT(3)GLOBAL_UNCERTAINTY_ASSIGNED_CONTEXT((#19801))GLOBAL_UNIT_ASSIGNED_CONTEXT((#19798,#19799,#19800))REPRESENTATION_CONTEXT('',''));
#19798=(LENGTH_UNIT()NAMED_UNIT(*)SI_UNIT(.MILLI.,.METRE.));
#19799=(NAMED_UNIT(*)PLANE_ANGLE_UNIT()SI_UNIT($,.STERADIAN.));
#19800=(NAMED_UNIT(*)SI_UNIT($,.STERADIAN.)SOLID_ANGLE_UNIT());
#19801=UNCERTAINTY_MEASURE_WITH_UNIT(LENGTH_MEASURE(8.98786588E-04),#19798,'','maximum tolerance');
#19802=ADVANCED_BREP_SHAPE_REPRESENTATION('',(#9,#8699,#10548,#12397,#14246,#16095,#17944,#19793),#19797);
#19803=SHAPE_DEFINITION_REPRESENTATION(#8,#19802);
#19804=PRODUCT_RELATED_PRODUCT_CATEGORY('part',$,(#4));
#19805=STYLED_ITEM('',(#19806),#9);
#19806=PRESENTATION_STYLE_ASSIGNMENT((#19807));
#19807=SURFACE_STYLE_USAGE(.BOTH.,#19808);
#19808=SURFACE_SIDE_STYLE('',(#19809));
#19809=SURFACE_STYLE_FILL_AREA(#19810);
#19810=FILL_AREA_STYLE('',(#19812));
#19811=COLOUR_RGB('',0.0,0.501960814,0.0);
#19812=FILL_AREA_STYLE_COLOUR('',#19811);
#19813=STYLED_ITEM('',(#19814),#8699);
#19814=PRESENTATION_STYLE_ASSIGNMENT((#19815));
#19815=SURFACE_STYLE_USAGE(.BOTH.,#19816);
#19816=SURFACE_SIDE_STYLE('',(#19817));
#19817=SURFACE_STYLE_FILL_AREA(#19818);
#19818=FILL_AREA_STYLE('',(#19820));
#19819=DRAUGHTING_PRE_DEFINED_COLOUR('white');
#19820=FILL_AREA_STYLE_COLOUR('',#19819);
#19821=STYLED_ITEM('',(#19822),#10548);
#19822=PRESENTATION_STYLE_ASSIGNMENT((#19823));
#19823=SURFACE_STYLE_USAGE(.BOTH.,#19824);
#19824=SURFACE_SIDE_STYLE('',(#19825));
#19825=SURFACE_STYLE_FILL_AREA(#19826);
#19826=FILL_AREA_STYLE('',(#19827));
#19827=FILL_AREA_STYLE_COLOUR('',#19819);
#19828=STYLED_ITEM('',(#19829),#12397);
#19829=PRESENTATION_STYLE_ASSIGNMENT((#19830));
#19830=SURFACE_STYLE_USAGE(.BOTH.,#19831);
#19831=SURFACE_SIDE_STYLE('',(#19832));
#19832=SURFACE_STYLE_FILL_AREA(#19833);
#19833=FILL_AREA_STYLE('',(#19834));
#19834=FILL_AREA_STYLE_COLOUR('',#19819);
#19835=STYLED_ITEM('',(#19836),#14246);
#19836=PRESENTATION_STYLE_ASSIGNMENT((#19837));
#19837=SURFACE_STYLE_USAGE(.BOTH.,#19838);
#19838=SURFACE_SIDE_STYLE('',(#19839));
#19839=SURFACE_STYLE_FILL_AREA(#19840);
#19840=FILL_AREA_STYLE('',(#19841));
#19841=FILL_AREA_STYLE_COLOUR('',#19819);
#19842=STYLED_ITEM('',(#19843),#16095);
#19843=PRESENTATION_STYLE_ASSIGNMENT((#19844));
#19844=SURFACE_STYLE_USAGE(.BOTH.,#19845);
#19845=SURFACE_SIDE_STYLE('',(#19846));
#19846=SURFACE_STYLE_FILL_AREA(#19847);
#19847=FILL_AREA_STYLE('',(#19848));
#19848=FILL_AREA_STYLE_COLOUR('',#19819);
#19849=STYLED_ITEM('',(#19850),#17944);
#19850=PRESENTATION_STYLE_ASSIGNMENT((#19851));
#19851=SURFACE_STYLE_USAGE(.BOTH.,#19852);
#19852=SURFACE_SIDE_STYLE('',(#19853));
#19853=SURFACE_STYLE_FILL_AREA(#19854);
#19854=FILL_AREA_STYLE('',(#19855));
#19855=FILL_AREA_STYLE_COLOUR('',#19819);
#19856=MECHANICAL_DESIGN_GEOMETRIC_PRESENTATION_REPRESENTATION('',(#19805,#19813,#19821,#19828,#19835,#19842,#19849),#19797);
ENDSEC;
END-ISO-10303-21;
